#  E (eV)   dosup(E)     dosdw(E)   Int dos(E) EFermi =   11.864 eV
  -9.000  0.8970E-04  0.8975E-04  0.1794E-05
  -8.990  0.1144E-03  0.1145E-03  0.4083E-05
  -8.980  0.1456E-03  0.1456E-03  0.6995E-05
  -8.970  0.1847E-03  0.1848E-03  0.1069E-04
  -8.960  0.2338E-03  0.2339E-03  0.1537E-04
  -8.950  0.2951E-03  0.2953E-03  0.2127E-04
  -8.940  0.3716E-03  0.3718E-03  0.2870E-04
  -8.930  0.4667E-03  0.4670E-03  0.3804E-04
  -8.920  0.5847E-03  0.5850E-03  0.4974E-04
  -8.910  0.7306E-03  0.7310E-03  0.6436E-04
  -8.900  0.9106E-03  0.9111E-03  0.8257E-04
  -8.890  0.1132E-02  0.1133E-02  0.1052E-03
  -8.880  0.1404E-02  0.1404E-02  0.1333E-03
  -8.870  0.1736E-02  0.1737E-02  0.1680E-03
  -8.860  0.2142E-02  0.2143E-02  0.2109E-03
  -8.850  0.2636E-02  0.2637E-02  0.2636E-03
  -8.840  0.3235E-02  0.3236E-02  0.3283E-03
  -8.830  0.3960E-02  0.3962E-02  0.4075E-03
  -8.820  0.4836E-02  0.4838E-02  0.5043E-03
  -8.810  0.5890E-02  0.5893E-02  0.6221E-03
  -8.800  0.7156E-02  0.7160E-02  0.7653E-03
  -8.790  0.8672E-02  0.8676E-02  0.9388E-03
  -8.780  0.1048E-01  0.1049E-01  0.1148E-02
  -8.770  0.1264E-01  0.1264E-01  0.1401E-02
  -8.760  0.1520E-01  0.1521E-01  0.1705E-02
  -8.750  0.1823E-01  0.1824E-01  0.2070E-02
  -8.740  0.2182E-01  0.2183E-01  0.2507E-02
  -8.730  0.2604E-01  0.2605E-01  0.3027E-02
  -8.720  0.3100E-01  0.3101E-01  0.3647E-02
  -8.710  0.3681E-01  0.3682E-01  0.4384E-02
  -8.700  0.4359E-01  0.4361E-01  0.5256E-02
  -8.690  0.5150E-01  0.5153E-01  0.6286E-02
  -8.680  0.6069E-01  0.6072E-01  0.7500E-02
  -8.670  0.7134E-01  0.7137E-01  0.8927E-02
  -8.660  0.8365E-01  0.8368E-01  0.1060E-01
  -8.650  0.9783E-01  0.9787E-01  0.1256E-01
  -8.640  0.1141E+00  0.1142E+00  0.1484E-01
  -8.630  0.1328E+00  0.1328E+00  0.1750E-01
  -8.620  0.1541E+00  0.1542E+00  0.2058E-01
  -8.610  0.1784E+00  0.1785E+00  0.2415E-01
  -8.600  0.2061E+00  0.2061E+00  0.2827E-01
  -8.590  0.2374E+00  0.2374E+00  0.3302E-01
  -8.580  0.2727E+00  0.2728E+00  0.3847E-01
  -8.570  0.3126E+00  0.3127E+00  0.4473E-01
  -8.560  0.3573E+00  0.3574E+00  0.5187E-01
  -8.550  0.4074E+00  0.4076E+00  0.6002E-01
  -8.540  0.4634E+00  0.4636E+00  0.6929E-01
  -8.530  0.5257E+00  0.5259E+00  0.7981E-01
  -8.520  0.5950E+00  0.5951E+00  0.9171E-01
  -8.510  0.6716E+00  0.6718E+00  0.1051E+00
  -8.500  0.7562E+00  0.7564E+00  0.1203E+00
  -8.490  0.8493E+00  0.8495E+00  0.1373E+00
  -8.480  0.9514E+00  0.9517E+00  0.1563E+00
  -8.470  0.1063E+01  0.1063E+01  0.1776E+00
  -8.460  0.1185E+01  0.1185E+01  0.2013E+00
  -8.450  0.1317E+01  0.1318E+01  0.2276E+00
  -8.440  0.1461E+01  0.1461E+01  0.2568E+00
  -8.430  0.1616E+01  0.1617E+01  0.2892E+00
  -8.420  0.1783E+01  0.1784E+01  0.3248E+00
  -8.410  0.1963E+01  0.1963E+01  0.3641E+00
  -8.400  0.2155E+01  0.2155E+01  0.4072E+00
  -8.390  0.2359E+01  0.2360E+01  0.4544E+00
  -8.380  0.2577E+01  0.2578E+01  0.5059E+00
  -8.370  0.2808E+01  0.2808E+01  0.5621E+00
  -8.360  0.3051E+01  0.3052E+01  0.6231E+00
  -8.350  0.3307E+01  0.3308E+01  0.6893E+00
  -8.340  0.3576E+01  0.3577E+01  0.7608E+00
  -8.330  0.3857E+01  0.3858E+01  0.8379E+00
  -8.320  0.4149E+01  0.4150E+01  0.9209E+00
  -8.310  0.4453E+01  0.4453E+01  0.1010E+01
  -8.300  0.4766E+01  0.4767E+01  0.1105E+01
  -8.290  0.5088E+01  0.5089E+01  0.1207E+01
  -8.280  0.5419E+01  0.5420E+01  0.1315E+01
  -8.270  0.5757E+01  0.5758E+01  0.1431E+01
  -8.260  0.6100E+01  0.6101E+01  0.1553E+01
  -8.250  0.6447E+01  0.6448E+01  0.1682E+01
  -8.240  0.6798E+01  0.6799E+01  0.1818E+01
  -8.230  0.7149E+01  0.7150E+01  0.1961E+01
  -8.220  0.7500E+01  0.7500E+01  0.2111E+01
  -8.210  0.7848E+01  0.7849E+01  0.2268E+01
  -8.200  0.8192E+01  0.8193E+01  0.2431E+01
  -8.190  0.8530E+01  0.8531E+01  0.2602E+01
  -8.180  0.8860E+01  0.8860E+01  0.2779E+01
  -8.170  0.9180E+01  0.9181E+01  0.2963E+01
  -8.160  0.9488E+01  0.9489E+01  0.3153E+01
  -8.150  0.9783E+01  0.9784E+01  0.3348E+01
  -8.140  0.1006E+02  0.1006E+02  0.3549E+01
  -8.130  0.1033E+02  0.1033E+02  0.3756E+01
  -8.120  0.1057E+02  0.1057E+02  0.3967E+01
  -8.110  0.1079E+02  0.1080E+02  0.4183E+01
  -8.100  0.1100E+02  0.1100E+02  0.4403E+01
  -8.090  0.1118E+02  0.1118E+02  0.4627E+01
  -8.080  0.1134E+02  0.1134E+02  0.4854E+01
  -8.070  0.1148E+02  0.1148E+02  0.5083E+01
  -8.060  0.1159E+02  0.1159E+02  0.5315E+01
  -8.050  0.1167E+02  0.1167E+02  0.5548E+01
  -8.040  0.1174E+02  0.1174E+02  0.5783E+01
  -8.030  0.1178E+02  0.1178E+02  0.6019E+01
  -8.020  0.1179E+02  0.1179E+02  0.6255E+01
  -8.010  0.1179E+02  0.1179E+02  0.6490E+01
  -8.000  0.1176E+02  0.1176E+02  0.6725E+01
  -7.990  0.1171E+02  0.1171E+02  0.6960E+01
  -7.980  0.1164E+02  0.1164E+02  0.7192E+01
  -7.970  0.1155E+02  0.1155E+02  0.7423E+01
  -7.960  0.1145E+02  0.1145E+02  0.7652E+01
  -7.950  0.1133E+02  0.1133E+02  0.7879E+01
  -7.940  0.1120E+02  0.1120E+02  0.8103E+01
  -7.930  0.1105E+02  0.1105E+02  0.8324E+01
  -7.920  0.1090E+02  0.1090E+02  0.8542E+01
  -7.910  0.1074E+02  0.1074E+02  0.8757E+01
  -7.900  0.1058E+02  0.1058E+02  0.8968E+01
  -7.890  0.1041E+02  0.1041E+02  0.9177E+01
  -7.880  0.1024E+02  0.1024E+02  0.9382E+01
  -7.870  0.1008E+02  0.1008E+02  0.9583E+01
  -7.860  0.9916E+01  0.9916E+01  0.9781E+01
  -7.850  0.9759E+01  0.9759E+01  0.9977E+01
  -7.840  0.9609E+01  0.9608E+01  0.1017E+02
  -7.830  0.9467E+01  0.9467E+01  0.1036E+02
  -7.820  0.9337E+01  0.9337E+01  0.1054E+02
  -7.810  0.9219E+01  0.9219E+01  0.1073E+02
  -7.800  0.9115E+01  0.9115E+01  0.1091E+02
  -7.790  0.9026E+01  0.9026E+01  0.1109E+02
  -7.780  0.8953E+01  0.8953E+01  0.1127E+02
  -7.770  0.8899E+01  0.8899E+01  0.1145E+02
  -7.760  0.8863E+01  0.8863E+01  0.1163E+02
  -7.750  0.8848E+01  0.8848E+01  0.1180E+02
  -7.740  0.8853E+01  0.8853E+01  0.1198E+02
  -7.730  0.8881E+01  0.8881E+01  0.1216E+02
  -7.720  0.8931E+01  0.8931E+01  0.1234E+02
  -7.710  0.9004E+01  0.9005E+01  0.1252E+02
  -7.700  0.9102E+01  0.9102E+01  0.1270E+02
  -7.690  0.9224E+01  0.9225E+01  0.1288E+02
  -7.680  0.9372E+01  0.9373E+01  0.1307E+02
  -7.670  0.9546E+01  0.9547E+01  0.1326E+02
  -7.660  0.9746E+01  0.9747E+01  0.1346E+02
  -7.650  0.9973E+01  0.9974E+01  0.1366E+02
  -7.640  0.1023E+02  0.1023E+02  0.1386E+02
  -7.630  0.1051E+02  0.1051E+02  0.1407E+02
  -7.620  0.1082E+02  0.1082E+02  0.1429E+02
  -7.610  0.1116E+02  0.1116E+02  0.1451E+02
  -7.600  0.1152E+02  0.1152E+02  0.1474E+02
  -7.590  0.1191E+02  0.1191E+02  0.1498E+02
  -7.580  0.1233E+02  0.1233E+02  0.1523E+02
  -7.570  0.1278E+02  0.1278E+02  0.1548E+02
  -7.560  0.1325E+02  0.1325E+02  0.1575E+02
  -7.550  0.1375E+02  0.1375E+02  0.1602E+02
  -7.540  0.1428E+02  0.1428E+02  0.1631E+02
  -7.530  0.1482E+02  0.1483E+02  0.1660E+02
  -7.520  0.1540E+02  0.1540E+02  0.1691E+02
  -7.510  0.1599E+02  0.1599E+02  0.1723E+02
  -7.500  0.1660E+02  0.1661E+02  0.1756E+02
  -7.490  0.1724E+02  0.1724E+02  0.1791E+02
  -7.480  0.1788E+02  0.1789E+02  0.1827E+02
  -7.470  0.1855E+02  0.1855E+02  0.1864E+02
  -7.460  0.1922E+02  0.1922E+02  0.1902E+02
  -7.450  0.1991E+02  0.1991E+02  0.1942E+02
  -7.440  0.2060E+02  0.2060E+02  0.1983E+02
  -7.430  0.2130E+02  0.2130E+02  0.2026E+02
  -7.420  0.2200E+02  0.2200E+02  0.2070E+02
  -7.410  0.2270E+02  0.2270E+02  0.2115E+02
  -7.400  0.2339E+02  0.2340E+02  0.2162E+02
  -7.390  0.2408E+02  0.2408E+02  0.2210E+02
  -7.380  0.2476E+02  0.2476E+02  0.2260E+02
  -7.370  0.2543E+02  0.2543E+02  0.2310E+02
  -7.360  0.2608E+02  0.2608E+02  0.2363E+02
  -7.350  0.2671E+02  0.2671E+02  0.2416E+02
  -7.340  0.2732E+02  0.2732E+02  0.2471E+02
  -7.330  0.2790E+02  0.2790E+02  0.2526E+02
  -7.320  0.2845E+02  0.2846E+02  0.2583E+02
  -7.310  0.2898E+02  0.2898E+02  0.2641E+02
  -7.300  0.2947E+02  0.2947E+02  0.2700E+02
  -7.290  0.2993E+02  0.2993E+02  0.2760E+02
  -7.280  0.3034E+02  0.3034E+02  0.2821E+02
  -7.270  0.3072E+02  0.3072E+02  0.2882E+02
  -7.260  0.3105E+02  0.3105E+02  0.2944E+02
  -7.250  0.3134E+02  0.3134E+02  0.3007E+02
  -7.240  0.3158E+02  0.3158E+02  0.3070E+02
  -7.230  0.3177E+02  0.3177E+02  0.3134E+02
  -7.220  0.3191E+02  0.3191E+02  0.3198E+02
  -7.210  0.3200E+02  0.3200E+02  0.3262E+02
  -7.200  0.3203E+02  0.3203E+02  0.3326E+02
  -7.190  0.3202E+02  0.3202E+02  0.3390E+02
  -7.180  0.3194E+02  0.3194E+02  0.3454E+02
  -7.170  0.3182E+02  0.3182E+02  0.3517E+02
  -7.160  0.3163E+02  0.3163E+02  0.3580E+02
  -7.150  0.3139E+02  0.3139E+02  0.3643E+02
  -7.140  0.3110E+02  0.3110E+02  0.3705E+02
  -7.130  0.3075E+02  0.3075E+02  0.3767E+02
  -7.120  0.3034E+02  0.3034E+02  0.3828E+02
  -7.110  0.2988E+02  0.2988E+02  0.3887E+02
  -7.100  0.2937E+02  0.2937E+02  0.3946E+02
  -7.090  0.2881E+02  0.2881E+02  0.4004E+02
  -7.080  0.2819E+02  0.2819E+02  0.4060E+02
  -7.070  0.2753E+02  0.2753E+02  0.4115E+02
  -7.060  0.2682E+02  0.2682E+02  0.4169E+02
  -7.050  0.2607E+02  0.2607E+02  0.4221E+02
  -7.040  0.2528E+02  0.2528E+02  0.4271E+02
  -7.030  0.2445E+02  0.2445E+02  0.4320E+02
  -7.020  0.2358E+02  0.2358E+02  0.4368E+02
  -7.010  0.2269E+02  0.2268E+02  0.4413E+02
  -7.000  0.2176E+02  0.2176E+02  0.4456E+02
  -6.990  0.2081E+02  0.2081E+02  0.4498E+02
  -6.980  0.1984E+02  0.1984E+02  0.4538E+02
  -6.970  0.1885E+02  0.1885E+02  0.4575E+02
  -6.960  0.1785E+02  0.1785E+02  0.4611E+02
  -6.950  0.1684E+02  0.1684E+02  0.4645E+02
  -6.940  0.1583E+02  0.1583E+02  0.4676E+02
  -6.930  0.1482E+02  0.1481E+02  0.4706E+02
  -6.920  0.1380E+02  0.1380E+02  0.4734E+02
  -6.910  0.1280E+02  0.1280E+02  0.4759E+02
  -6.900  0.1181E+02  0.1181E+02  0.4783E+02
  -6.890  0.1084E+02  0.1083E+02  0.4805E+02
  -6.880  0.9882E+01  0.9879E+01  0.4824E+02
  -6.870  0.8949E+01  0.8947E+01  0.4842E+02
  -6.860  0.8043E+01  0.8040E+01  0.4858E+02
  -6.850  0.7166E+01  0.7163E+01  0.4873E+02
  -6.840  0.6320E+01  0.6317E+01  0.4885E+02
  -6.830  0.5509E+01  0.5506E+01  0.4896E+02
  -6.820  0.4734E+01  0.4731E+01  0.4906E+02
  -6.810  0.3997E+01  0.3995E+01  0.4914E+02
  -6.800  0.3301E+01  0.3298E+01  0.4920E+02
  -6.790  0.2645E+01  0.2643E+01  0.4926E+02
  -6.780  0.2031E+01  0.2029E+01  0.4930E+02
  -6.770  0.1460E+01  0.1459E+01  0.4933E+02
  -6.760  0.9322E+00  0.9305E+00  0.4935E+02
  -6.750  0.4468E+00  0.4453E+00  0.4935E+02
  -6.740  0.3969E-02  0.2539E-02  0.4935E+02
  -6.730 -0.3969E+00 -0.3982E+00  0.4935E+02
  -6.720 -0.7567E+00 -0.7579E+00  0.4933E+02
  -6.710 -0.1076E+01 -0.1077E+01  0.4931E+02
  -6.700 -0.1357E+01 -0.1358E+01  0.4928E+02
  -6.690 -0.1600E+01 -0.1601E+01  0.4925E+02
  -6.680 -0.1808E+01 -0.1808E+01  0.4921E+02
  -6.670 -0.1981E+01 -0.1982E+01  0.4917E+02
  -6.660 -0.2122E+01 -0.2122E+01  0.4913E+02
  -6.650 -0.2232E+01 -0.2232E+01  0.4909E+02
  -6.640 -0.2313E+01 -0.2313E+01  0.4904E+02
  -6.630 -0.2368E+01 -0.2368E+01  0.4899E+02
  -6.620 -0.2397E+01 -0.2398E+01  0.4895E+02
  -6.610 -0.2404E+01 -0.2404E+01  0.4890E+02
  -6.600 -0.2390E+01 -0.2390E+01  0.4885E+02
  -6.590 -0.2356E+01 -0.2356E+01  0.4880E+02
  -6.580 -0.2304E+01 -0.2304E+01  0.4876E+02
  -6.570 -0.2235E+01 -0.2235E+01  0.4871E+02
  -6.560 -0.2152E+01 -0.2152E+01  0.4867E+02
  -6.550 -0.2056E+01 -0.2055E+01  0.4863E+02
  -6.540 -0.1946E+01 -0.1946E+01  0.4859E+02
  -6.530 -0.1825E+01 -0.1825E+01  0.4855E+02
  -6.520 -0.1693E+01 -0.1693E+01  0.4852E+02
  -6.510 -0.1550E+01 -0.1550E+01  0.4849E+02
  -6.500 -0.1398E+01 -0.1398E+01  0.4846E+02
  -6.490 -0.1235E+01 -0.1235E+01  0.4844E+02
  -6.480 -0.1063E+01 -0.1063E+01  0.4841E+02
  -6.470 -0.8803E+00 -0.8801E+00  0.4840E+02
  -6.460 -0.6868E+00 -0.6866E+00  0.4838E+02
  -6.450 -0.4819E+00 -0.4817E+00  0.4837E+02
  -6.440 -0.2646E+00 -0.2645E+00  0.4837E+02
  -6.430 -0.3397E-01 -0.3390E-01  0.4837E+02
  -6.420  0.2114E+00  0.2114E+00  0.4837E+02
  -6.410  0.4729E+00  0.4728E+00  0.4838E+02
  -6.400  0.7521E+00  0.7521E+00  0.4840E+02
  -6.390  0.1051E+01  0.1051E+01  0.4842E+02
  -6.380  0.1371E+01  0.1371E+01  0.4844E+02
  -6.370  0.1715E+01  0.1715E+01  0.4848E+02
  -6.360  0.2085E+01  0.2085E+01  0.4852E+02
  -6.350  0.2483E+01  0.2482E+01  0.4857E+02
  -6.340  0.2911E+01  0.2910E+01  0.4863E+02
  -6.330  0.3371E+01  0.3371E+01  0.4870E+02
  -6.320  0.3867E+01  0.3867E+01  0.4877E+02
  -6.310  0.4401E+01  0.4400E+01  0.4886E+02
  -6.300  0.4974E+01  0.4973E+01  0.4896E+02
  -6.290  0.5589E+01  0.5588E+01  0.4907E+02
  -6.280  0.6248E+01  0.6248E+01  0.4920E+02
  -6.270  0.6954E+01  0.6953E+01  0.4934E+02
  -6.260  0.7707E+01  0.7706E+01  0.4949E+02
  -6.250  0.8510E+01  0.8509E+01  0.4966E+02
  -6.240  0.9364E+01  0.9362E+01  0.4985E+02
  -6.230  0.1027E+02  0.1027E+02  0.5005E+02
  -6.220  0.1123E+02  0.1122E+02  0.5028E+02
  -6.210  0.1224E+02  0.1223E+02  0.5052E+02
  -6.200  0.1330E+02  0.1330E+02  0.5079E+02
  -6.190  0.1441E+02  0.1441E+02  0.5108E+02
  -6.180  0.1558E+02  0.1558E+02  0.5139E+02
  -6.170  0.1679E+02  0.1679E+02  0.5172E+02
  -6.160  0.1805E+02  0.1805E+02  0.5208E+02
  -6.150  0.1936E+02  0.1935E+02  0.5247E+02
  -6.140  0.2070E+02  0.2070E+02  0.5289E+02
  -6.130  0.2208E+02  0.2208E+02  0.5333E+02
  -6.120  0.2350E+02  0.2350E+02  0.5380E+02
  -6.110  0.2495E+02  0.2494E+02  0.5430E+02
  -6.100  0.2641E+02  0.2641E+02  0.5482E+02
  -6.090  0.2790E+02  0.2790E+02  0.5538E+02
  -6.080  0.2940E+02  0.2940E+02  0.5597E+02
  -6.070  0.3090E+02  0.3090E+02  0.5659E+02
  -6.060  0.3240E+02  0.3240E+02  0.5724E+02
  -6.050  0.3389E+02  0.3389E+02  0.5791E+02
  -6.040  0.3537E+02  0.3536E+02  0.5862E+02
  -6.030  0.3682E+02  0.3682E+02  0.5936E+02
  -6.020  0.3824E+02  0.3823E+02  0.6012E+02
  -6.010  0.3961E+02  0.3961E+02  0.6091E+02
  -6.000  0.4095E+02  0.4094E+02  0.6173E+02
  -5.990  0.4222E+02  0.4222E+02  0.6258E+02
  -5.980  0.4344E+02  0.4344E+02  0.6345E+02
  -5.970  0.4458E+02  0.4458E+02  0.6434E+02
  -5.960  0.4565E+02  0.4565E+02  0.6525E+02
  -5.950  0.4664E+02  0.4664E+02  0.6618E+02
  -5.940  0.4754E+02  0.4754E+02  0.6714E+02
  -5.930  0.4834E+02  0.4834E+02  0.6810E+02
  -5.920  0.4904E+02  0.4904E+02  0.6908E+02
  -5.910  0.4965E+02  0.4965E+02  0.7008E+02
  -5.900  0.5014E+02  0.5014E+02  0.7108E+02
  -5.890  0.5052E+02  0.5052E+02  0.7209E+02
  -5.880  0.5079E+02  0.5079E+02  0.7310E+02
  -5.870  0.5095E+02  0.5095E+02  0.7412E+02
  -5.860  0.5099E+02  0.5099E+02  0.7514E+02
  -5.850  0.5091E+02  0.5091E+02  0.7616E+02
  -5.840  0.5072E+02  0.5072E+02  0.7718E+02
  -5.830  0.5041E+02  0.5041E+02  0.7818E+02
  -5.820  0.4999E+02  0.4999E+02  0.7918E+02
  -5.810  0.4946E+02  0.4946E+02  0.8017E+02
  -5.800  0.4882E+02  0.4882E+02  0.8115E+02
  -5.790  0.4808E+02  0.4808E+02  0.8211E+02
  -5.780  0.4723E+02  0.4723E+02  0.8306E+02
  -5.770  0.4628E+02  0.4629E+02  0.8398E+02
  -5.760  0.4525E+02  0.4525E+02  0.8489E+02
  -5.750  0.4413E+02  0.4413E+02  0.8577E+02
  -5.740  0.4292E+02  0.4292E+02  0.8663E+02
  -5.730  0.4164E+02  0.4164E+02  0.8746E+02
  -5.720  0.4029E+02  0.4029E+02  0.8827E+02
  -5.710  0.3887E+02  0.3888E+02  0.8904E+02
  -5.700  0.3740E+02  0.3741E+02  0.8979E+02
  -5.690  0.3588E+02  0.3588E+02  0.9051E+02
  -5.680  0.3432E+02  0.3432E+02  0.9120E+02
  -5.670  0.3272E+02  0.3272E+02  0.9185E+02
  -5.660  0.3108E+02  0.3109E+02  0.9247E+02
  -5.650  0.2943E+02  0.2943E+02  0.9306E+02
  -5.640  0.2776E+02  0.2776E+02  0.9362E+02
  -5.630  0.2608E+02  0.2609E+02  0.9414E+02
  -5.620  0.2440E+02  0.2441E+02  0.9463E+02
  -5.610  0.2273E+02  0.2273E+02  0.9508E+02
  -5.600  0.2107E+02  0.2107E+02  0.9550E+02
  -5.590  0.1942E+02  0.1942E+02  0.9589E+02
  -5.580  0.1780E+02  0.1780E+02  0.9625E+02
  -5.570  0.1621E+02  0.1621E+02  0.9657E+02
  -5.560  0.1465E+02  0.1465E+02  0.9686E+02
  -5.550  0.1314E+02  0.1314E+02  0.9713E+02
  -5.540  0.1167E+02  0.1167E+02  0.9736E+02
  -5.530  0.1025E+02  0.1025E+02  0.9756E+02
  -5.520  0.8891E+01  0.8891E+01  0.9774E+02
  -5.510  0.7588E+01  0.7588E+01  0.9789E+02
  -5.500  0.6347E+01  0.6347E+01  0.9802E+02
  -5.490  0.5171E+01  0.5171E+01  0.9812E+02
  -5.480  0.4062E+01  0.4063E+01  0.9821E+02
  -5.470  0.3023E+01  0.3024E+01  0.9827E+02
  -5.460  0.2055E+01  0.2055E+01  0.9831E+02
  -5.450  0.1159E+01  0.1159E+01  0.9833E+02
  -5.440  0.3345E+00  0.3347E+00  0.9834E+02
  -5.430 -0.4177E+00 -0.4175E+00  0.9833E+02
  -5.420 -0.1098E+01 -0.1098E+01  0.9831E+02
  -5.410 -0.1709E+01 -0.1709E+01  0.9827E+02
  -5.400 -0.2250E+01 -0.2250E+01  0.9823E+02
  -5.390 -0.2724E+01 -0.2724E+01  0.9817E+02
  -5.380 -0.3134E+01 -0.3134E+01  0.9811E+02
  -5.370 -0.3481E+01 -0.3481E+01  0.9804E+02
  -5.360 -0.3769E+01 -0.3769E+01  0.9797E+02
  -5.350 -0.4000E+01 -0.4000E+01  0.9789E+02
  -5.340 -0.4179E+01 -0.4179E+01  0.9780E+02
  -5.330 -0.4309E+01 -0.4309E+01  0.9772E+02
  -5.320 -0.4392E+01 -0.4393E+01  0.9763E+02
  -5.310 -0.4434E+01 -0.4435E+01  0.9754E+02
  -5.300 -0.4438E+01 -0.4439E+01  0.9745E+02
  -5.290 -0.4408E+01 -0.4408E+01  0.9736E+02
  -5.280 -0.4347E+01 -0.4347E+01  0.9728E+02
  -5.270 -0.4260E+01 -0.4260E+01  0.9719E+02
  -5.260 -0.4149E+01 -0.4149E+01  0.9711E+02
  -5.250 -0.4019E+01 -0.4019E+01  0.9703E+02
  -5.240 -0.3872E+01 -0.3872E+01  0.9695E+02
  -5.230 -0.3712E+01 -0.3712E+01  0.9688E+02
  -5.220 -0.3542E+01 -0.3542E+01  0.9680E+02
  -5.210 -0.3364E+01 -0.3364E+01  0.9674E+02
  -5.200 -0.3182E+01 -0.3182E+01  0.9667E+02
  -5.190 -0.2996E+01 -0.2996E+01  0.9661E+02
  -5.180 -0.2810E+01 -0.2810E+01  0.9656E+02
  -5.170 -0.2625E+01 -0.2625E+01  0.9650E+02
  -5.160 -0.2443E+01 -0.2443E+01  0.9646E+02
  -5.150 -0.2264E+01 -0.2264E+01  0.9641E+02
  -5.140 -0.2091E+01 -0.2092E+01  0.9637E+02
  -5.130 -0.1925E+01 -0.1925E+01  0.9633E+02
  -5.120 -0.1765E+01 -0.1765E+01  0.9629E+02
  -5.110 -0.1613E+01 -0.1613E+01  0.9626E+02
  -5.100 -0.1469E+01 -0.1469E+01  0.9623E+02
  -5.090 -0.1333E+01 -0.1333E+01  0.9621E+02
  -5.080 -0.1206E+01 -0.1206E+01  0.9618E+02
  -5.070 -0.1087E+01 -0.1087E+01  0.9616E+02
  -5.060 -0.9772E+00 -0.9773E+00  0.9614E+02
  -5.050 -0.8754E+00 -0.8754E+00  0.9612E+02
  -5.040 -0.7817E+00 -0.7817E+00  0.9611E+02
  -5.030 -0.6958E+00 -0.6958E+00  0.9609E+02
  -5.020 -0.6174E+00 -0.6174E+00  0.9608E+02
  -5.010 -0.5461E+00 -0.5461E+00  0.9607E+02
  -5.000 -0.4815E+00 -0.4816E+00  0.9606E+02
  -4.990 -0.4233E+00 -0.4234E+00  0.9605E+02
  -4.980 -0.3710E+00 -0.3710E+00  0.9605E+02
  -4.970 -0.3242E+00 -0.3242E+00  0.9604E+02
  -4.960 -0.2824E+00 -0.2824E+00  0.9603E+02
  -4.950 -0.2453E+00 -0.2453E+00  0.9603E+02
  -4.940 -0.2124E+00 -0.2124E+00  0.9602E+02
  -4.930 -0.1834E+00 -0.1834E+00  0.9602E+02
  -4.920 -0.1579E+00 -0.1579E+00  0.9602E+02
  -4.910 -0.1355E+00 -0.1355E+00  0.9601E+02
  -4.900 -0.1160E+00 -0.1160E+00  0.9601E+02
  -4.890 -0.9894E-01 -0.9895E-01  0.9601E+02
  -4.880 -0.8418E-01 -0.8418E-01  0.9601E+02
  -4.870 -0.7141E-01 -0.7141E-01  0.9601E+02
  -4.860 -0.6040E-01 -0.6041E-01  0.9601E+02
  -4.850 -0.5095E-01 -0.5095E-01  0.9600E+02
  -4.840 -0.4285E-01 -0.4285E-01  0.9600E+02
  -4.830 -0.3593E-01 -0.3593E-01  0.9600E+02
  -4.820 -0.3005E-01 -0.3005E-01  0.9600E+02
  -4.810 -0.2505E-01 -0.2506E-01  0.9600E+02
  -4.800 -0.2083E-01 -0.2083E-01  0.9600E+02
  -4.790 -0.1727E-01 -0.1727E-01  0.9600E+02
  -4.780 -0.1428E-01 -0.1428E-01  0.9600E+02
  -4.770 -0.1177E-01 -0.1177E-01  0.9600E+02
  -4.760 -0.9678E-02 -0.9678E-02  0.9600E+02
  -4.750 -0.7933E-02 -0.7934E-02  0.9600E+02
  -4.740 -0.6485E-02 -0.6486E-02  0.9600E+02
  -4.730 -0.5287E-02 -0.5287E-02  0.9600E+02
  -4.720 -0.4298E-02 -0.4298E-02  0.9600E+02
  -4.710 -0.3484E-02 -0.3484E-02  0.9600E+02
  -4.700 -0.2816E-02 -0.2816E-02  0.9600E+02
  -4.690 -0.2270E-02 -0.2270E-02  0.9600E+02
  -4.680 -0.1825E-02 -0.1825E-02  0.9600E+02
  -4.670 -0.1463E-02 -0.1463E-02  0.9600E+02
  -4.660 -0.1169E-02 -0.1169E-02  0.9600E+02
  -4.650 -0.9322E-03 -0.9323E-03  0.9600E+02
  -4.640 -0.7411E-03 -0.7412E-03  0.9600E+02
  -4.630 -0.5875E-03 -0.5876E-03  0.9600E+02
  -4.620 -0.4645E-03 -0.4645E-03  0.9600E+02
  -4.610 -0.3662E-03 -0.3662E-03  0.9600E+02
  -4.600 -0.2879E-03 -0.2879E-03  0.9600E+02
  -4.590 -0.2258E-03 -0.2258E-03  0.9600E+02
  -4.580 -0.1765E-03 -0.1765E-03  0.9600E+02
  -4.570 -0.1376E-03 -0.1377E-03  0.9600E+02
  -4.560 -0.1070E-03 -0.1070E-03  0.9600E+02
  -4.550 -0.8300E-04 -0.8301E-04  0.9600E+02
  -4.540 -0.6419E-04 -0.6419E-04  0.9600E+02
  -4.530 -0.4950E-04 -0.4951E-04  0.9600E+02
  -4.520 -0.3807E-04 -0.3808E-04  0.9600E+02
  -4.510 -0.2920E-04 -0.2921E-04  0.9600E+02
  -4.500 -0.2234E-04 -0.2234E-04  0.9600E+02
  -4.490 -0.1704E-04 -0.1704E-04  0.9600E+02
  -4.480 -0.1296E-04 -0.1296E-04  0.9600E+02
  -4.470 -0.9834E-05 -0.9835E-05  0.9600E+02
  -4.460 -0.7441E-05 -0.7441E-05  0.9600E+02
  -4.450 -0.5614E-05 -0.5615E-05  0.9600E+02
  -4.440 -0.4224E-05 -0.4225E-05  0.9600E+02
  -4.430 -0.3170E-05 -0.3170E-05  0.9600E+02
  -4.420 -0.2372E-05 -0.2373E-05  0.9600E+02
  -4.410 -0.1771E-05 -0.1771E-05  0.9600E+02
  -4.400 -0.1318E-05 -0.1318E-05  0.9600E+02
  -4.390 -0.9783E-06 -0.9784E-06  0.9600E+02
  -4.380 -0.7242E-06 -0.7243E-06  0.9600E+02
  -4.370 -0.5347E-06 -0.5347E-06  0.9600E+02
  -4.360 -0.3936E-06 -0.3937E-06  0.9600E+02
  -4.350 -0.2890E-06 -0.2891E-06  0.9600E+02
  -4.340 -0.2117E-06 -0.2117E-06  0.9600E+02
  -4.330 -0.1546E-06 -0.1546E-06  0.9600E+02
  -4.320 -0.1126E-06 -0.1126E-06  0.9600E+02
  -4.310 -0.8176E-07 -0.8177E-07  0.9600E+02
  -4.300 -0.5923E-07 -0.5923E-07  0.9600E+02
  -4.290 -0.4279E-07 -0.4279E-07  0.9600E+02
  -4.280 -0.3083E-07 -0.3083E-07  0.9600E+02
  -4.270 -0.2215E-07 -0.2215E-07  0.9600E+02
  -4.260 -0.1587E-07 -0.1587E-07  0.9600E+02
  -4.250 -0.1134E-07 -0.1134E-07  0.9600E+02
  -4.240 -0.8083E-08 -0.8084E-08  0.9600E+02
  -4.230 -0.5745E-08 -0.5745E-08  0.9600E+02
  -4.220 -0.4072E-08 -0.4072E-08  0.9600E+02
  -4.210 -0.2878E-08 -0.2879E-08  0.9600E+02
  -4.200 -0.2029E-08 -0.2029E-08  0.9600E+02
  -4.190 -0.1426E-08 -0.1426E-08  0.9600E+02
  -4.180 -0.9990E-09 -0.9991E-09  0.9600E+02
  -4.170 -0.6972E-09 -0.6973E-09  0.9600E+02
  -4.160 -0.4842E-09 -0.4843E-09  0.9600E+02
  -4.150 -0.3337E-09 -0.3337E-09  0.9600E+02
  -4.140 -0.2268E-09 -0.2269E-09  0.9600E+02
  -4.130 -0.1500E-09 -0.1500E-09  0.9600E+02
  -4.120 -0.9317E-10 -0.9320E-10  0.9600E+02
  -4.110 -0.4879E-10 -0.4882E-10  0.9600E+02
  -4.100 -0.1079E-10 -0.1082E-10  0.9600E+02
  -4.090  0.2613E-10  0.2608E-10  0.9600E+02
  -4.080  0.6719E-10  0.6713E-10  0.9600E+02
  -4.070  0.1182E-09  0.1181E-09  0.9600E+02
  -4.060  0.1865E-09  0.1863E-09  0.9600E+02
  -4.050  0.2814E-09  0.2812E-09  0.9600E+02
  -4.040  0.4160E-09  0.4157E-09  0.9600E+02
  -4.030  0.6084E-09  0.6080E-09  0.9600E+02
  -4.020  0.8842E-09  0.8837E-09  0.9600E+02
  -4.010  0.1279E-08  0.1279E-08  0.9600E+02
  -4.000  0.1845E-08  0.1844E-08  0.9600E+02
  -3.990  0.2652E-08  0.2650E-08  0.9600E+02
  -3.980  0.3801E-08  0.3799E-08  0.9600E+02
  -3.970  0.5433E-08  0.5430E-08  0.9600E+02
  -3.960  0.7743E-08  0.7739E-08  0.9600E+02
  -3.950  0.1101E-07  0.1100E-07  0.9600E+02
  -3.940  0.1560E-07  0.1559E-07  0.9600E+02
  -3.930  0.2205E-07  0.2204E-07  0.9600E+02
  -3.920  0.3109E-07  0.3107E-07  0.9600E+02
  -3.910  0.4371E-07  0.4368E-07  0.9600E+02
  -3.900  0.6128E-07  0.6124E-07  0.9600E+02
  -3.890  0.8568E-07  0.8563E-07  0.9600E+02
  -3.880  0.1195E-06  0.1194E-06  0.9600E+02
  -3.870  0.1661E-06  0.1660E-06  0.9600E+02
  -3.860  0.2304E-06  0.2302E-06  0.9600E+02
  -3.850  0.3186E-06  0.3184E-06  0.9600E+02
  -3.840  0.4393E-06  0.4391E-06  0.9600E+02
  -3.830  0.6042E-06  0.6039E-06  0.9600E+02
  -3.820  0.8287E-06  0.8283E-06  0.9600E+02
  -3.810  0.1133E-05  0.1133E-05  0.9600E+02
  -3.800  0.1546E-05  0.1545E-05  0.9600E+02
  -3.790  0.2103E-05  0.2102E-05  0.9600E+02
  -3.780  0.2853E-05  0.2851E-05  0.9600E+02
  -3.770  0.3859E-05  0.3857E-05  0.9600E+02
  -3.760  0.5207E-05  0.5204E-05  0.9600E+02
  -3.750  0.7005E-05  0.7002E-05  0.9600E+02
  -3.740  0.9399E-05  0.9394E-05  0.9600E+02
  -3.730  0.1258E-04  0.1257E-04  0.9600E+02
  -3.720  0.1678E-04  0.1677E-04  0.9600E+02
  -3.710  0.2233E-04  0.2232E-04  0.9600E+02
  -3.700  0.2963E-04  0.2961E-04  0.9600E+02
  -3.690  0.3920E-04  0.3919E-04  0.9600E+02
  -3.680  0.5174E-04  0.5171E-04  0.9600E+02
  -3.670  0.6809E-04  0.6806E-04  0.9600E+02
  -3.660  0.8936E-04  0.8932E-04  0.9600E+02
  -3.650  0.1169E-03  0.1169E-03  0.9600E+02
  -3.640  0.1526E-03  0.1526E-03  0.9600E+02
  -3.630  0.1987E-03  0.1986E-03  0.9600E+02
  -3.620  0.2579E-03  0.2577E-03  0.9600E+02
  -3.610  0.3338E-03  0.3336E-03  0.9600E+02
  -3.600  0.4308E-03  0.4306E-03  0.9600E+02
  -3.590  0.5546E-03  0.5543E-03  0.9600E+02
  -3.580  0.7119E-03  0.7116E-03  0.9600E+02
  -3.570  0.9112E-03  0.9109E-03  0.9600E+02
  -3.560  0.1163E-02  0.1163E-02  0.9600E+02
  -3.550  0.1481E-02  0.1480E-02  0.9600E+02
  -3.540  0.1880E-02  0.1879E-02  0.9600E+02
  -3.530  0.2380E-02  0.2379E-02  0.9600E+02
  -3.520  0.3005E-02  0.3003E-02  0.9600E+02
  -3.510  0.3783E-02  0.3781E-02  0.9600E+02
  -3.500  0.4749E-02  0.4747E-02  0.9600E+02
  -3.490  0.5946E-02  0.5943E-02  0.9600E+02
  -3.480  0.7423E-02  0.7420E-02  0.9600E+02
  -3.470  0.9242E-02  0.9238E-02  0.9600E+02
  -3.460  0.1147E-01  0.1147E-01  0.9600E+02
  -3.450  0.1421E-01  0.1420E-01  0.9600E+02
  -3.440  0.1754E-01  0.1753E-01  0.9600E+02
  -3.430  0.2159E-01  0.2159E-01  0.9600E+02
  -3.420  0.2651E-01  0.2650E-01  0.9600E+02
  -3.410  0.3246E-01  0.3245E-01  0.9600E+02
  -3.400  0.3963E-01  0.3962E-01  0.9600E+02
  -3.390  0.4825E-01  0.4824E-01  0.9601E+02
  -3.380  0.5858E-01  0.5856E-01  0.9601E+02
  -3.370  0.7092E-01  0.7090E-01  0.9601E+02
  -3.360  0.8563E-01  0.8560E-01  0.9601E+02
  -3.350  0.1031E+00  0.1031E+00  0.9601E+02
  -3.340  0.1238E+00  0.1237E+00  0.9601E+02
  -3.330  0.1482E+00  0.1481E+00  0.9602E+02
  -3.320  0.1769E+00  0.1768E+00  0.9602E+02
  -3.310  0.2106E+00  0.2105E+00  0.9602E+02
  -3.300  0.2500E+00  0.2499E+00  0.9603E+02
  -3.290  0.2959E+00  0.2958E+00  0.9604E+02
  -3.280  0.3493E+00  0.3492E+00  0.9604E+02
  -3.270  0.4111E+00  0.4110E+00  0.9605E+02
  -3.260  0.4826E+00  0.4825E+00  0.9606E+02
  -3.250  0.5648E+00  0.5647E+00  0.9607E+02
  -3.240  0.6592E+00  0.6591E+00  0.9608E+02
  -3.230  0.7673E+00  0.7671E+00  0.9610E+02
  -3.220  0.8904E+00  0.8902E+00  0.9612E+02
  -3.210  0.1030E+01  0.1030E+01  0.9614E+02
  -3.200  0.1189E+01  0.1189E+01  0.9616E+02
  -3.190  0.1368E+01  0.1368E+01  0.9619E+02
  -3.180  0.1570E+01  0.1570E+01  0.9622E+02
  -3.170  0.1796E+01  0.1796E+01  0.9626E+02
  -3.160  0.2049E+01  0.2049E+01  0.9630E+02
  -3.150  0.2331E+01  0.2331E+01  0.9634E+02
  -3.140  0.2645E+01  0.2644E+01  0.9640E+02
  -3.130  0.2991E+01  0.2991E+01  0.9646E+02
  -3.120  0.3374E+01  0.3373E+01  0.9652E+02
  -3.110  0.3794E+01  0.3794E+01  0.9660E+02
  -3.100  0.4255E+01  0.4254E+01  0.9669E+02
  -3.090  0.4758E+01  0.4757E+01  0.9678E+02
  -3.080  0.5305E+01  0.5304E+01  0.9689E+02
  -3.070  0.5898E+01  0.5897E+01  0.9701E+02
  -3.060  0.6538E+01  0.6537E+01  0.9714E+02
  -3.050  0.7227E+01  0.7226E+01  0.9728E+02
  -3.040  0.7966E+01  0.7964E+01  0.9744E+02
  -3.030  0.8754E+01  0.8753E+01  0.9761E+02
  -3.020  0.9593E+01  0.9591E+01  0.9781E+02
  -3.010  0.1048E+02  0.1048E+02  0.9802E+02
  -3.000  0.1142E+02  0.1142E+02  0.9824E+02
  -2.990  0.1240E+02  0.1240E+02  0.9849E+02
  -2.980  0.1343E+02  0.1343E+02  0.9876E+02
  -2.970  0.1451E+02  0.1451E+02  0.9905E+02
  -2.960  0.1562E+02  0.1562E+02  0.9936E+02
  -2.950  0.1678E+02  0.1677E+02  0.9970E+02
  -2.940  0.1796E+02  0.1796E+02  0.1001E+03
  -2.930  0.1917E+02  0.1917E+02  0.1004E+03
  -2.920  0.2040E+02  0.2040E+02  0.1009E+03
  -2.910  0.2165E+02  0.2165E+02  0.1013E+03
  -2.900  0.2291E+02  0.2291E+02  0.1017E+03
  -2.890  0.2417E+02  0.2417E+02  0.1022E+03
  -2.880  0.2543E+02  0.2543E+02  0.1027E+03
  -2.870  0.2667E+02  0.2667E+02  0.1033E+03
  -2.860  0.2789E+02  0.2789E+02  0.1038E+03
  -2.850  0.2909E+02  0.2909E+02  0.1044E+03
  -2.840  0.3024E+02  0.3024E+02  0.1050E+03
  -2.830  0.3136E+02  0.3135E+02  0.1056E+03
  -2.820  0.3241E+02  0.3241E+02  0.1063E+03
  -2.810  0.3341E+02  0.3341E+02  0.1070E+03
  -2.800  0.3434E+02  0.3434E+02  0.1076E+03
  -2.790  0.3520E+02  0.3520E+02  0.1083E+03
  -2.780  0.3597E+02  0.3597E+02  0.1091E+03
  -2.770  0.3666E+02  0.3666E+02  0.1098E+03
  -2.760  0.3725E+02  0.3725E+02  0.1105E+03
  -2.750  0.3775E+02  0.3775E+02  0.1113E+03
  -2.740  0.3815E+02  0.3815E+02  0.1121E+03
  -2.730  0.3846E+02  0.3846E+02  0.1128E+03
  -2.720  0.3865E+02  0.3865E+02  0.1136E+03
  -2.710  0.3875E+02  0.3875E+02  0.1144E+03
  -2.700  0.3875E+02  0.3875E+02  0.1152E+03
  -2.690  0.3865E+02  0.3865E+02  0.1159E+03
  -2.680  0.3845E+02  0.3845E+02  0.1167E+03
  -2.670  0.3816E+02  0.3816E+02  0.1175E+03
  -2.660  0.3778E+02  0.3778E+02  0.1182E+03
  -2.650  0.3732E+02  0.3732E+02  0.1190E+03
  -2.640  0.3678E+02  0.3678E+02  0.1197E+03
  -2.630  0.3618E+02  0.3618E+02  0.1204E+03
  -2.620  0.3551E+02  0.3551E+02  0.1211E+03
  -2.610  0.3479E+02  0.3479E+02  0.1218E+03
  -2.600  0.3402E+02  0.3402E+02  0.1225E+03
  -2.590  0.3321E+02  0.3321E+02  0.1232E+03
  -2.580  0.3236E+02  0.3236E+02  0.1238E+03
  -2.570  0.3149E+02  0.3150E+02  0.1244E+03
  -2.560  0.3061E+02  0.3061E+02  0.1251E+03
  -2.550  0.2971E+02  0.2971E+02  0.1257E+03
  -2.540  0.2881E+02  0.2881E+02  0.1262E+03
  -2.530  0.2791E+02  0.2791E+02  0.1268E+03
  -2.520  0.2702E+02  0.2702E+02  0.1273E+03
  -2.510  0.2613E+02  0.2613E+02  0.1279E+03
  -2.500  0.2526E+02  0.2526E+02  0.1284E+03
  -2.490  0.2441E+02  0.2441E+02  0.1288E+03
  -2.480  0.2357E+02  0.2357E+02  0.1293E+03
  -2.470  0.2276E+02  0.2276E+02  0.1298E+03
  -2.460  0.2196E+02  0.2196E+02  0.1302E+03
  -2.450  0.2119E+02  0.2119E+02  0.1306E+03
  -2.440  0.2044E+02  0.2044E+02  0.1310E+03
  -2.430  0.1971E+02  0.1971E+02  0.1314E+03
  -2.420  0.1899E+02  0.1899E+02  0.1318E+03
  -2.410  0.1830E+02  0.1830E+02  0.1322E+03
  -2.400  0.1761E+02  0.1762E+02  0.1325E+03
  -2.390  0.1695E+02  0.1695E+02  0.1329E+03
  -2.380  0.1629E+02  0.1629E+02  0.1332E+03
  -2.370  0.1564E+02  0.1564E+02  0.1335E+03
  -2.360  0.1499E+02  0.1499E+02  0.1338E+03
  -2.350  0.1435E+02  0.1435E+02  0.1341E+03
  -2.340  0.1371E+02  0.1371E+02  0.1344E+03
  -2.330  0.1307E+02  0.1307E+02  0.1346E+03
  -2.320  0.1244E+02  0.1244E+02  0.1349E+03
  -2.310  0.1180E+02  0.1180E+02  0.1351E+03
  -2.300  0.1115E+02  0.1115E+02  0.1353E+03
  -2.290  0.1051E+02  0.1051E+02  0.1356E+03
  -2.280  0.9863E+01  0.9863E+01  0.1358E+03
  -2.270  0.9215E+01  0.9215E+01  0.1359E+03
  -2.260  0.8567E+01  0.8567E+01  0.1361E+03
  -2.250  0.7920E+01  0.7920E+01  0.1363E+03
  -2.240  0.7276E+01  0.7276E+01  0.1364E+03
  -2.230  0.6637E+01  0.6637E+01  0.1365E+03
  -2.220  0.6004E+01  0.6004E+01  0.1367E+03
  -2.210  0.5380E+01  0.5381E+01  0.1368E+03
  -2.200  0.4768E+01  0.4768E+01  0.1369E+03
  -2.190  0.4170E+01  0.4170E+01  0.1369E+03
  -2.180  0.3588E+01  0.3588E+01  0.1370E+03
  -2.170  0.3025E+01  0.3025E+01  0.1371E+03
  -2.160  0.2483E+01  0.2483E+01  0.1371E+03
  -2.150  0.1965E+01  0.1965E+01  0.1372E+03
  -2.140  0.1471E+01  0.1472E+01  0.1372E+03
  -2.130  0.1005E+01  0.1005E+01  0.1372E+03
  -2.120  0.5679E+00  0.5680E+00  0.1372E+03
  -2.110  0.1605E+00  0.1606E+00  0.1372E+03
  -2.100 -0.2159E+00 -0.2158E+00  0.1372E+03
  -2.090 -0.5607E+00 -0.5606E+00  0.1372E+03
  -2.080 -0.8733E+00 -0.8733E+00  0.1372E+03
  -2.070 -0.1154E+01 -0.1154E+01  0.1372E+03
  -2.060 -0.1402E+01 -0.1402E+01  0.1372E+03
  -2.050 -0.1619E+01 -0.1619E+01  0.1371E+03
  -2.040 -0.1805E+01 -0.1805E+01  0.1371E+03
  -2.030 -0.1961E+01 -0.1961E+01  0.1370E+03
  -2.020 -0.2088E+01 -0.2088E+01  0.1370E+03
  -2.010 -0.2188E+01 -0.2188E+01  0.1370E+03
  -2.000 -0.2262E+01 -0.2262E+01  0.1369E+03
  -1.990 -0.2312E+01 -0.2312E+01  0.1369E+03
  -1.980 -0.2339E+01 -0.2339E+01  0.1368E+03
  -1.970 -0.2346E+01 -0.2346E+01  0.1368E+03
  -1.960 -0.2334E+01 -0.2335E+01  0.1367E+03
  -1.950 -0.2306E+01 -0.2306E+01  0.1367E+03
  -1.940 -0.2263E+01 -0.2263E+01  0.1366E+03
  -1.930 -0.2207E+01 -0.2207E+01  0.1366E+03
  -1.920 -0.2140E+01 -0.2140E+01  0.1365E+03
  -1.910 -0.2064E+01 -0.2064E+01  0.1365E+03
  -1.900 -0.1980E+01 -0.1980E+01  0.1365E+03
  -1.890 -0.1890E+01 -0.1890E+01  0.1364E+03
  -1.880 -0.1796E+01 -0.1796E+01  0.1364E+03
  -1.870 -0.1699E+01 -0.1699E+01  0.1364E+03
  -1.860 -0.1600E+01 -0.1601E+01  0.1363E+03
  -1.850 -0.1501E+01 -0.1501E+01  0.1363E+03
  -1.840 -0.1402E+01 -0.1402E+01  0.1363E+03
  -1.830 -0.1305E+01 -0.1305E+01  0.1362E+03
  -1.820 -0.1209E+01 -0.1209E+01  0.1362E+03
  -1.810 -0.1116E+01 -0.1117E+01  0.1362E+03
  -1.800 -0.1027E+01 -0.1027E+01  0.1362E+03
  -1.790 -0.9414E+00 -0.9415E+00  0.1362E+03
  -1.780 -0.8598E+00 -0.8599E+00  0.1361E+03
  -1.770 -0.7826E+00 -0.7826E+00  0.1361E+03
  -1.760 -0.7098E+00 -0.7098E+00  0.1361E+03
  -1.750 -0.6416E+00 -0.6416E+00  0.1361E+03
  -1.740 -0.5780E+00 -0.5781E+00  0.1361E+03
  -1.730 -0.5190E+00 -0.5191E+00  0.1361E+03
  -1.720 -0.4645E+00 -0.4646E+00  0.1361E+03
  -1.710 -0.4144E+00 -0.4144E+00  0.1361E+03
  -1.700 -0.3685E+00 -0.3685E+00  0.1360E+03
  -1.690 -0.3267E+00 -0.3267E+00  0.1360E+03
  -1.680 -0.2887E+00 -0.2887E+00  0.1360E+03
  -1.670 -0.2543E+00 -0.2543E+00  0.1360E+03
  -1.660 -0.2233E+00 -0.2233E+00  0.1360E+03
  -1.650 -0.1955E+00 -0.1955E+00  0.1360E+03
  -1.640 -0.1706E+00 -0.1706E+00  0.1360E+03
  -1.630 -0.1485E+00 -0.1485E+00  0.1360E+03
  -1.620 -0.1288E+00 -0.1288E+00  0.1360E+03
  -1.610 -0.1114E+00 -0.1114E+00  0.1360E+03
  -1.600 -0.9607E-01 -0.9608E-01  0.1360E+03
  -1.590 -0.8260E-01 -0.8261E-01  0.1360E+03
  -1.580 -0.7081E-01 -0.7081E-01  0.1360E+03
  -1.570 -0.6052E-01 -0.6053E-01  0.1360E+03
  -1.560 -0.5158E-01 -0.5158E-01  0.1360E+03
  -1.550 -0.4383E-01 -0.4383E-01  0.1360E+03
  -1.540 -0.3713E-01 -0.3714E-01  0.1360E+03
  -1.530 -0.3137E-01 -0.3137E-01  0.1360E+03
  -1.520 -0.2643E-01 -0.2643E-01  0.1360E+03
  -1.510 -0.2220E-01 -0.2220E-01  0.1360E+03
  -1.500 -0.1859E-01 -0.1859E-01  0.1360E+03
  -1.490 -0.1553E-01 -0.1553E-01  0.1360E+03
  -1.480 -0.1293E-01 -0.1293E-01  0.1360E+03
  -1.470 -0.1074E-01 -0.1074E-01  0.1360E+03
  -1.460 -0.8890E-02 -0.8891E-02  0.1360E+03
  -1.450 -0.7340E-02 -0.7341E-02  0.1360E+03
  -1.440 -0.6043E-02 -0.6044E-02  0.1360E+03
  -1.430 -0.4962E-02 -0.4962E-02  0.1360E+03
  -1.420 -0.4062E-02 -0.4063E-02  0.1360E+03
  -1.410 -0.3316E-02 -0.3317E-02  0.1360E+03
  -1.400 -0.2700E-02 -0.2700E-02  0.1360E+03
  -1.390 -0.2192E-02 -0.2192E-02  0.1360E+03
  -1.380 -0.1774E-02 -0.1775E-02  0.1360E+03
  -1.370 -0.1432E-02 -0.1433E-02  0.1360E+03
  -1.360 -0.1153E-02 -0.1153E-02  0.1360E+03
  -1.350 -0.9258E-03 -0.9259E-03  0.1360E+03
  -1.340 -0.7411E-03 -0.7412E-03  0.1360E+03
  -1.330 -0.5917E-03 -0.5917E-03  0.1360E+03
  -1.320 -0.4710E-03 -0.4711E-03  0.1360E+03
  -1.310 -0.3740E-03 -0.3740E-03  0.1360E+03
  -1.300 -0.2961E-03 -0.2961E-03  0.1360E+03
  -1.290 -0.2337E-03 -0.2338E-03  0.1360E+03
  -1.280 -0.1840E-03 -0.1841E-03  0.1360E+03
  -1.270 -0.1445E-03 -0.1445E-03  0.1360E+03
  -1.260 -0.1131E-03 -0.1132E-03  0.1360E+03
  -1.250 -0.8834E-04 -0.8835E-04  0.1360E+03
  -1.240 -0.6879E-04 -0.6880E-04  0.1360E+03
  -1.230 -0.5342E-04 -0.5342E-04  0.1360E+03
  -1.220 -0.4137E-04 -0.4137E-04  0.1360E+03
  -1.210 -0.3194E-04 -0.3195E-04  0.1360E+03
  -1.200 -0.2460E-04 -0.2461E-04  0.1360E+03
  -1.190 -0.1890E-04 -0.1890E-04  0.1360E+03
  -1.180 -0.1447E-04 -0.1447E-04  0.1360E+03
  -1.170 -0.1105E-04 -0.1106E-04  0.1360E+03
  -1.160 -0.8420E-05 -0.8421E-05  0.1360E+03
  -1.150 -0.6396E-05 -0.6397E-05  0.1360E+03
  -1.140 -0.4846E-05 -0.4846E-05  0.1360E+03
  -1.130 -0.3661E-05 -0.3661E-05  0.1360E+03
  -1.120 -0.2758E-05 -0.2759E-05  0.1360E+03
  -1.110 -0.2072E-05 -0.2073E-05  0.1360E+03
  -1.100 -0.1553E-05 -0.1553E-05  0.1360E+03
  -1.090 -0.1160E-05 -0.1161E-05  0.1360E+03
  -1.080 -0.8647E-06 -0.8649E-06  0.1360E+03
  -1.070 -0.6426E-06 -0.6428E-06  0.1360E+03
  -1.060 -0.4763E-06 -0.4764E-06  0.1360E+03
  -1.050 -0.3521E-06 -0.3521E-06  0.1360E+03
  -1.040 -0.2595E-06 -0.2596E-06  0.1360E+03
  -1.030 -0.1908E-06 -0.1908E-06  0.1360E+03
  -1.020 -0.1399E-06 -0.1399E-06  0.1360E+03
  -1.010 -0.1023E-06 -0.1023E-06  0.1360E+03
  -1.000 -0.7455E-07 -0.7457E-07  0.1360E+03
  -0.990 -0.5421E-07 -0.5422E-07  0.1360E+03
  -0.980 -0.3931E-07 -0.3932E-07  0.1360E+03
  -0.970 -0.2843E-07 -0.2844E-07  0.1360E+03
  -0.960 -0.2051E-07 -0.2051E-07  0.1360E+03
  -0.950 -0.1475E-07 -0.1475E-07  0.1360E+03
  -0.940 -0.1058E-07 -0.1058E-07  0.1360E+03
  -0.930 -0.7568E-08 -0.7570E-08  0.1360E+03
  -0.920 -0.5399E-08 -0.5400E-08  0.1360E+03
  -0.910 -0.3842E-08 -0.3842E-08  0.1360E+03
  -0.900 -0.2726E-08 -0.2726E-08  0.1360E+03
  -0.890 -0.1929E-08 -0.1929E-08  0.1360E+03
  -0.880 -0.1361E-08 -0.1361E-08  0.1360E+03
  -0.870 -0.9580E-09 -0.9582E-09  0.1360E+03
  -0.860 -0.6724E-09 -0.6726E-09  0.1360E+03
  -0.850 -0.4707E-09 -0.4708E-09  0.1360E+03
  -0.840 -0.3286E-09 -0.3286E-09  0.1360E+03
  -0.830 -0.2288E-09 -0.2288E-09  0.1360E+03
  -0.820 -0.1588E-09 -0.1589E-09  0.1360E+03
  -0.810 -0.1100E-09 -0.1100E-09  0.1360E+03
  -0.800 -0.7594E-10 -0.7596E-10  0.1360E+03
  -0.790 -0.5230E-10 -0.5231E-10  0.1360E+03
  -0.780 -0.3592E-10 -0.3593E-10  0.1360E+03
  -0.770 -0.2460E-10 -0.2461E-10  0.1360E+03
  -0.760 -0.1681E-10 -0.1681E-10  0.1360E+03
  -0.750 -0.1145E-10 -0.1145E-10  0.1360E+03
  -0.740 -0.7779E-11 -0.7781E-11  0.1360E+03
  -0.730 -0.5271E-11 -0.5272E-11  0.1360E+03
  -0.720 -0.3562E-11 -0.3563E-11  0.1360E+03
  -0.710 -0.2400E-11 -0.2401E-11  0.1360E+03
  -0.700 -0.1613E-11 -0.1614E-11  0.1360E+03
  -0.690 -0.1081E-11 -0.1082E-11  0.1360E+03
  -0.680 -0.7228E-12 -0.7230E-12  0.1360E+03
  -0.670 -0.4819E-12 -0.4820E-12  0.1360E+03
  -0.660 -0.3204E-12 -0.3204E-12  0.1360E+03
  -0.650 -0.2124E-12 -0.2125E-12  0.1360E+03
  -0.640 -0.1405E-12 -0.1405E-12  0.1360E+03
  -0.630 -0.9264E-13 -0.9266E-13  0.1360E+03
  -0.620 -0.6093E-13 -0.6094E-13  0.1360E+03
  -0.610 -0.3996E-13 -0.3997E-13  0.1360E+03
  -0.600 -0.2614E-13 -0.2615E-13  0.1360E+03
  -0.590 -0.1705E-13 -0.1706E-13  0.1360E+03
  -0.580 -0.1110E-13 -0.1110E-13  0.1360E+03
  -0.570 -0.7199E-14 -0.7201E-14  0.1360E+03
  -0.560 -0.4659E-14 -0.4660E-14  0.1360E+03
  -0.550 -0.3006E-14 -0.3007E-14  0.1360E+03
  -0.540 -0.1935E-14 -0.1935E-14  0.1360E+03
  -0.530 -0.1242E-14 -0.1242E-14  0.1360E+03
  -0.520 -0.7951E-15 -0.7952E-15  0.1360E+03
  -0.510 -0.5076E-15 -0.5077E-15  0.1360E+03
  -0.500 -0.3232E-15 -0.3232E-15  0.1360E+03
  -0.490 -0.2052E-15 -0.2053E-15  0.1360E+03
  -0.480 -0.1299E-15 -0.1300E-15  0.1360E+03
  -0.470 -0.8207E-16 -0.8209E-16  0.1360E+03
  -0.460 -0.5169E-16 -0.5170E-16  0.1360E+03
  -0.450 -0.3247E-16 -0.3248E-16  0.1360E+03
  -0.440 -0.2034E-16 -0.2034E-16  0.1360E+03
  -0.430 -0.1271E-16 -0.1271E-16  0.1360E+03
  -0.420 -0.7918E-17 -0.7920E-17  0.1360E+03
  -0.410 -0.4920E-17 -0.4921E-17  0.1360E+03
  -0.400 -0.3049E-17 -0.3050E-17  0.1360E+03
  -0.390 -0.1884E-17 -0.1885E-17  0.1360E+03
  -0.380 -0.1161E-17 -0.1162E-17  0.1360E+03
  -0.370 -0.7140E-18 -0.7142E-18  0.1360E+03
  -0.360 -0.4377E-18 -0.4378E-18  0.1360E+03
  -0.350 -0.2676E-18 -0.2677E-18  0.1360E+03
  -0.340 -0.1632E-18 -0.1632E-18  0.1360E+03
  -0.330 -0.9923E-19 -0.9926E-19  0.1360E+03
  -0.320 -0.6018E-19 -0.6020E-19  0.1360E+03
  -0.310 -0.3640E-19 -0.3641E-19  0.1360E+03
  -0.300 -0.2196E-19 -0.2196E-19  0.1360E+03
  -0.290 -0.1321E-19 -0.1321E-19  0.1360E+03
  -0.280 -0.7924E-20 -0.7926E-20  0.1360E+03
  -0.270 -0.4741E-20 -0.4743E-20  0.1360E+03
  -0.260 -0.2829E-20 -0.2830E-20  0.1360E+03
  -0.250 -0.1684E-20 -0.1684E-20  0.1360E+03
  -0.240 -0.9993E-21 -0.9996E-21  0.1360E+03
  -0.230 -0.5915E-21 -0.5917E-21  0.1360E+03
  -0.220 -0.3492E-21 -0.3493E-21  0.1360E+03
  -0.210 -0.2056E-21 -0.2056E-21  0.1360E+03
  -0.200 -0.1207E-21 -0.1207E-21  0.1360E+03
  -0.190 -0.7067E-22 -0.7069E-22  0.1360E+03
  -0.180 -0.4127E-22 -0.4128E-22  0.1360E+03
  -0.170 -0.2404E-22 -0.2404E-22  0.1360E+03
  -0.160 -0.1396E-22 -0.1396E-22  0.1360E+03
  -0.150 -0.8087E-23 -0.8089E-23  0.1360E+03
  -0.140 -0.4672E-23 -0.4673E-23  0.1360E+03
  -0.130 -0.2692E-23 -0.2692E-23  0.1360E+03
  -0.120 -0.1547E-23 -0.1547E-23  0.1360E+03
  -0.110 -0.8863E-24 -0.8865E-24  0.1360E+03
  -0.100 -0.5065E-24 -0.5066E-24  0.1360E+03
  -0.090 -0.2887E-24 -0.2888E-24  0.1360E+03
  -0.080 -0.1641E-24 -0.1641E-24  0.1360E+03
  -0.070 -0.9302E-25 -0.9305E-25  0.1360E+03
  -0.060 -0.5259E-25 -0.5261E-25  0.1360E+03
  -0.050 -0.2965E-25 -0.2966E-25  0.1360E+03
  -0.040 -0.1667E-25 -0.1668E-25  0.1360E+03
  -0.030 -0.9351E-26 -0.9354E-26  0.1360E+03
  -0.020 -0.5230E-26 -0.5232E-26  0.1360E+03
  -0.010 -0.2917E-26 -0.2918E-26  0.1360E+03
  -0.000 -0.1623E-26 -0.1623E-26  0.1360E+03
   0.010 -0.9003E-27 -0.9006E-27  0.1360E+03
   0.020 -0.4981E-27 -0.4983E-27  0.1360E+03
   0.030 -0.2749E-27 -0.2750E-27  0.1360E+03
   0.040 -0.1513E-27 -0.1513E-27  0.1360E+03
   0.050 -0.8302E-28 -0.8304E-28  0.1360E+03
   0.060 -0.4544E-28 -0.4545E-28  0.1360E+03
   0.070 -0.2480E-28 -0.2481E-28  0.1360E+03
   0.080 -0.1350E-28 -0.1351E-28  0.1360E+03
   0.090 -0.7332E-29 -0.7334E-29  0.1360E+03
   0.100 -0.3970E-29 -0.3971E-29  0.1360E+03
   0.110 -0.2144E-29 -0.2145E-29  0.1360E+03
   0.120 -0.1155E-29 -0.1155E-29  0.1360E+03
   0.130 -0.6201E-30 -0.6203E-30  0.1360E+03
   0.140 -0.3322E-30 -0.3323E-30  0.1360E+03
   0.150 -0.1775E-30 -0.1775E-30  0.1360E+03
   0.160 -0.9455E-31 -0.9458E-31  0.1360E+03
   0.170 -0.5024E-31 -0.5025E-31  0.1360E+03
   0.180 -0.2662E-31 -0.2663E-31  0.1360E+03
   0.190 -0.1407E-31 -0.1407E-31  0.1360E+03
   0.200 -0.7415E-32 -0.7418E-32  0.1360E+03
   0.210 -0.3898E-32 -0.3899E-32  0.1360E+03
   0.220 -0.2043E-32 -0.2044E-32  0.1360E+03
   0.230 -0.1068E-32 -0.1069E-32  0.1360E+03
   0.240 -0.5570E-33 -0.5572E-33  0.1360E+03
   0.250 -0.2896E-33 -0.2897E-33  0.1360E+03
   0.260 -0.1502E-33 -0.1503E-33  0.1360E+03
   0.270 -0.7769E-34 -0.7771E-34  0.1360E+03
   0.280 -0.4007E-34 -0.4008E-34  0.1360E+03
   0.290 -0.2061E-34 -0.2062E-34  0.1360E+03
   0.300 -0.1058E-34 -0.1058E-34  0.1360E+03
   0.310 -0.5411E-35 -0.5413E-35  0.1360E+03
   0.320 -0.2761E-35 -0.2762E-35  0.1360E+03
   0.330 -0.1405E-35 -0.1406E-35  0.1360E+03
   0.340 -0.7131E-36 -0.7134E-36  0.1360E+03
   0.350 -0.3609E-36 -0.3611E-36  0.1360E+03
   0.360 -0.1822E-36 -0.1823E-36  0.1360E+03
   0.370 -0.9170E-37 -0.9173E-37  0.1360E+03
   0.380 -0.4600E-37 -0.4601E-37  0.1360E+03
   0.390 -0.2294E-37 -0.2295E-37  0.1360E+03
   0.400 -0.1128E-37 -0.1129E-37  0.1360E+03
   0.410 -0.5269E-38 -0.5271E-38  0.1360E+03
   0.420 -0.1922E-38 -0.1923E-38  0.1360E+03
   0.430  0.4268E-39  0.4263E-39  0.1360E+03
   0.440  0.2938E-38  0.2938E-38  0.1360E+03
   0.450  0.6829E-38  0.6829E-38  0.1360E+03
   0.460  0.1394E-37  0.1394E-37  0.1360E+03
   0.470  0.2761E-37  0.2761E-37  0.1360E+03
   0.480  0.5414E-37  0.5414E-37  0.1360E+03
   0.490  0.1057E-36  0.1057E-36  0.1360E+03
   0.500  0.2058E-36  0.2058E-36  0.1360E+03
   0.510  0.3995E-36  0.3995E-36  0.1360E+03
   0.520  0.7734E-36  0.7734E-36  0.1360E+03
   0.530  0.1493E-35  0.1493E-35  0.1360E+03
   0.540  0.2875E-35  0.2875E-35  0.1360E+03
   0.550  0.5521E-35  0.5521E-35  0.1360E+03
   0.560  0.1057E-34  0.1057E-34  0.1360E+03
   0.570  0.2019E-34  0.2019E-34  0.1360E+03
   0.580  0.3846E-34  0.3846E-34  0.1360E+03
   0.590  0.7307E-34  0.7307E-34  0.1360E+03
   0.600  0.1384E-33  0.1384E-33  0.1360E+03
   0.610  0.2615E-33  0.2615E-33  0.1360E+03
   0.620  0.4928E-33  0.4928E-33  0.1360E+03
   0.630  0.9262E-33  0.9262E-33  0.1360E+03
   0.640  0.1736E-32  0.1736E-32  0.1360E+03
   0.650  0.3245E-32  0.3245E-32  0.1360E+03
   0.660  0.6048E-32  0.6048E-32  0.1360E+03
   0.670  0.1124E-31  0.1124E-31  0.1360E+03
   0.680  0.2085E-31  0.2085E-31  0.1360E+03
   0.690  0.3855E-31  0.3855E-31  0.1360E+03
   0.700  0.7110E-31  0.7110E-31  0.1360E+03
   0.710  0.1308E-30  0.1308E-30  0.1360E+03
   0.720  0.2398E-30  0.2398E-30  0.1360E+03
   0.730  0.4387E-30  0.4387E-30  0.1360E+03
   0.740  0.8004E-30  0.8004E-30  0.1360E+03
   0.750  0.1456E-29  0.1456E-29  0.1360E+03
   0.760  0.2643E-29  0.2643E-29  0.1360E+03
   0.770  0.4783E-29  0.4783E-29  0.1360E+03
   0.780  0.8632E-29  0.8632E-29  0.1360E+03
   0.790  0.1554E-28  0.1554E-28  0.1360E+03
   0.800  0.2789E-28  0.2789E-28  0.1360E+03
   0.810  0.4993E-28  0.4993E-28  0.1360E+03
   0.820  0.8916E-28  0.8916E-28  0.1360E+03
   0.830  0.1588E-27  0.1588E-27  0.1360E+03
   0.840  0.2820E-27  0.2820E-27  0.1360E+03
   0.850  0.4994E-27  0.4994E-27  0.1360E+03
   0.860  0.8822E-27  0.8822E-27  0.1360E+03
   0.870  0.1554E-26  0.1554E-26  0.1360E+03
   0.880  0.2731E-26  0.2731E-26  0.1360E+03
   0.890  0.4785E-26  0.4785E-26  0.1360E+03
   0.900  0.8361E-26  0.8361E-26  0.1360E+03
   0.910  0.1457E-25  0.1457E-25  0.1360E+03
   0.920  0.2533E-25  0.2533E-25  0.1360E+03
   0.930  0.4391E-25  0.4391E-25  0.1360E+03
   0.940  0.7591E-25  0.7591E-25  0.1360E+03
   0.950  0.1309E-24  0.1309E-24  0.1360E+03
   0.960  0.2251E-24  0.2251E-24  0.1360E+03
   0.970  0.3860E-24  0.3860E-24  0.1360E+03
   0.980  0.6603E-24  0.6603E-24  0.1360E+03
   0.990  0.1126E-23  0.1126E-23  0.1360E+03
   1.000  0.1916E-23  0.1916E-23  0.1360E+03
   1.010  0.3251E-23  0.3251E-23  0.1360E+03
   1.020  0.5502E-23  0.5502E-23  0.1360E+03
   1.030  0.9285E-23  0.9285E-23  0.1360E+03
   1.040  0.1563E-22  0.1563E-22  0.1360E+03
   1.050  0.2623E-22  0.2623E-22  0.1360E+03
   1.060  0.4392E-22  0.4392E-22  0.1360E+03
   1.070  0.7333E-22  0.7333E-22  0.1360E+03
   1.080  0.1221E-21  0.1221E-21  0.1360E+03
   1.090  0.2028E-21  0.2028E-21  0.1360E+03
   1.100  0.3359E-21  0.3359E-21  0.1360E+03
   1.110  0.5549E-21  0.5549E-21  0.1360E+03
   1.120  0.9142E-21  0.9142E-21  0.1360E+03
   1.130  0.1502E-20  0.1502E-20  0.1360E+03
   1.140  0.2462E-20  0.2462E-20  0.1360E+03
   1.150  0.4023E-20  0.4023E-20  0.1360E+03
   1.160  0.6557E-20  0.6557E-20  0.1360E+03
   1.170  0.1066E-19  0.1066E-19  0.1360E+03
   1.180  0.1728E-19  0.1728E-19  0.1360E+03
   1.190  0.2795E-19  0.2795E-19  0.1360E+03
   1.200  0.4507E-19  0.4507E-19  0.1360E+03
   1.210  0.7249E-19  0.7249E-19  0.1360E+03
   1.220  0.1163E-18  0.1163E-18  0.1360E+03
   1.230  0.1861E-18  0.1861E-18  0.1360E+03
   1.240  0.2969E-18  0.2969E-18  0.1360E+03
   1.250  0.4724E-18  0.4724E-18  0.1360E+03
   1.260  0.7498E-18  0.7498E-18  0.1360E+03
   1.270  0.1187E-17  0.1187E-17  0.1360E+03
   1.280  0.1874E-17  0.1874E-17  0.1360E+03
   1.290  0.2950E-17  0.2950E-17  0.1360E+03
   1.300  0.4633E-17  0.4633E-17  0.1360E+03
   1.310  0.7257E-17  0.7257E-17  0.1360E+03
   1.320  0.1134E-16  0.1134E-16  0.1360E+03
   1.330  0.1766E-16  0.1766E-16  0.1360E+03
   1.340  0.2744E-16  0.2744E-16  0.1360E+03
   1.350  0.4252E-16  0.4252E-16  0.1360E+03
   1.360  0.6572E-16  0.6572E-16  0.1360E+03
   1.370  0.1013E-15  0.1013E-15  0.1360E+03
   1.380  0.1558E-15  0.1558E-15  0.1360E+03
   1.390  0.2388E-15  0.2388E-15  0.1360E+03
   1.400  0.3652E-15  0.3652E-15  0.1360E+03
   1.410  0.5571E-15  0.5571E-15  0.1360E+03
   1.420  0.8475E-15  0.8475E-15  0.1360E+03
   1.430  0.1286E-14  0.1286E-14  0.1360E+03
   1.440  0.1946E-14  0.1946E-14  0.1360E+03
   1.450  0.2937E-14  0.2937E-14  0.1360E+03
   1.460  0.4421E-14  0.4421E-14  0.1360E+03
   1.470  0.6637E-14  0.6637E-14  0.1360E+03
   1.480  0.9938E-14  0.9938E-14  0.1360E+03
   1.490  0.1484E-13  0.1484E-13  0.1360E+03
   1.500  0.2211E-13  0.2211E-13  0.1360E+03
   1.510  0.3284E-13  0.3284E-13  0.1360E+03
   1.520  0.4866E-13  0.4866E-13  0.1360E+03
   1.530  0.7192E-13  0.7192E-13  0.1360E+03
   1.540  0.1060E-12  0.1060E-12  0.1360E+03
   1.550  0.1558E-12  0.1558E-12  0.1360E+03
   1.560  0.2285E-12  0.2285E-12  0.1360E+03
   1.570  0.3342E-12  0.3342E-12  0.1360E+03
   1.580  0.4874E-12  0.4874E-12  0.1360E+03
   1.590  0.7091E-12  0.7091E-12  0.1360E+03
   1.600  0.1029E-11  0.1029E-11  0.1360E+03
   1.610  0.1489E-11  0.1489E-11  0.1360E+03
   1.620  0.2149E-11  0.2149E-11  0.1360E+03
   1.630  0.3095E-11  0.3095E-11  0.1360E+03
   1.640  0.4444E-11  0.4444E-11  0.1360E+03
   1.650  0.6364E-11  0.6365E-11  0.1360E+03
   1.660  0.9092E-11  0.9092E-11  0.1360E+03
   1.670  0.1295E-10  0.1295E-10  0.1360E+03
   1.680  0.1841E-10  0.1841E-10  0.1360E+03
   1.690  0.2609E-10  0.2609E-10  0.1360E+03
   1.700  0.3689E-10  0.3689E-10  0.1360E+03
   1.710  0.5202E-10  0.5202E-10  0.1360E+03
   1.720  0.7316E-10  0.7316E-10  0.1360E+03
   1.730  0.1026E-09  0.1026E-09  0.1360E+03
   1.740  0.1436E-09  0.1436E-09  0.1360E+03
   1.750  0.2004E-09  0.2004E-09  0.1360E+03
   1.760  0.2790E-09  0.2790E-09  0.1360E+03
   1.770  0.3874E-09  0.3874E-09  0.1360E+03
   1.780  0.5365E-09  0.5365E-09  0.1360E+03
   1.790  0.7410E-09  0.7410E-09  0.1360E+03
   1.800  0.1021E-08  0.1021E-08  0.1360E+03
   1.810  0.1403E-08  0.1403E-08  0.1360E+03
   1.820  0.1923E-08  0.1923E-08  0.1360E+03
   1.830  0.2630E-08  0.2630E-08  0.1360E+03
   1.840  0.3586E-08  0.3586E-08  0.1360E+03
   1.850  0.4878E-08  0.4878E-08  0.1360E+03
   1.860  0.6618E-08  0.6619E-08  0.1360E+03
   1.870  0.8957E-08  0.8957E-08  0.1360E+03
   1.880  0.1209E-07  0.1209E-07  0.1360E+03
   1.890  0.1628E-07  0.1628E-07  0.1360E+03
   1.900  0.2187E-07  0.2187E-07  0.1360E+03
   1.910  0.2930E-07  0.2930E-07  0.1360E+03
   1.920  0.3915E-07  0.3915E-07  0.1360E+03
   1.930  0.5218E-07  0.5218E-07  0.1360E+03
   1.940  0.6938E-07  0.6938E-07  0.1360E+03
   1.950  0.9201E-07  0.9201E-07  0.1360E+03
   1.960  0.1217E-06  0.1217E-06  0.1360E+03
   1.970  0.1606E-06  0.1606E-06  0.1360E+03
   1.980  0.2114E-06  0.2114E-06  0.1360E+03
   1.990  0.2776E-06  0.2776E-06  0.1360E+03
   2.000  0.3636E-06  0.3636E-06  0.1360E+03
   2.010  0.4750E-06  0.4750E-06  0.1360E+03
   2.020  0.6190E-06  0.6190E-06  0.1360E+03
   2.030  0.8046E-06  0.8047E-06  0.1360E+03
   2.040  0.1043E-05  0.1043E-05  0.1360E+03
   2.050  0.1350E-05  0.1350E-05  0.1360E+03
   2.060  0.1741E-05  0.1741E-05  0.1360E+03
   2.070  0.2241E-05  0.2242E-05  0.1360E+03
   2.080  0.2878E-05  0.2878E-05  0.1360E+03
   2.090  0.3686E-05  0.3686E-05  0.1360E+03
   2.100  0.4709E-05  0.4710E-05  0.1360E+03
   2.110  0.6002E-05  0.6003E-05  0.1360E+03
   2.120  0.7631E-05  0.7632E-05  0.1360E+03
   2.130  0.9679E-05  0.9679E-05  0.1360E+03
   2.140  0.1225E-04  0.1225E-04  0.1360E+03
   2.150  0.1546E-04  0.1546E-04  0.1360E+03
   2.160  0.1946E-04  0.1946E-04  0.1360E+03
   2.170  0.2444E-04  0.2445E-04  0.1360E+03
   2.180  0.3063E-04  0.3063E-04  0.1360E+03
   2.190  0.3829E-04  0.3829E-04  0.1360E+03
   2.200  0.4774E-04  0.4775E-04  0.1360E+03
   2.210  0.5939E-04  0.5940E-04  0.1360E+03
   2.220  0.7371E-04  0.7371E-04  0.1360E+03
   2.230  0.9126E-04  0.9126E-04  0.1360E+03
   2.240  0.1127E-03  0.1127E-03  0.1360E+03
   2.250  0.1389E-03  0.1389E-03  0.1360E+03
   2.260  0.1707E-03  0.1707E-03  0.1360E+03
   2.270  0.2094E-03  0.2094E-03  0.1360E+03
   2.280  0.2562E-03  0.2562E-03  0.1360E+03
   2.290  0.3127E-03  0.3128E-03  0.1360E+03
   2.300  0.3809E-03  0.3809E-03  0.1360E+03
   2.310  0.4627E-03  0.4627E-03  0.1360E+03
   2.320  0.5609E-03  0.5609E-03  0.1360E+03
   2.330  0.6783E-03  0.6783E-03  0.1360E+03
   2.340  0.8184E-03  0.8184E-03  0.1360E+03
   2.350  0.9852E-03  0.9852E-03  0.1360E+03
   2.360  0.1183E-02  0.1183E-02  0.1360E+03
   2.370  0.1418E-02  0.1418E-02  0.1360E+03
   2.380  0.1695E-02  0.1695E-02  0.1360E+03
   2.390  0.2022E-02  0.2022E-02  0.1360E+03
   2.400  0.2406E-02  0.2406E-02  0.1360E+03
   2.410  0.2857E-02  0.2857E-02  0.1360E+03
   2.420  0.3385E-02  0.3386E-02  0.1360E+03
   2.430  0.4002E-02  0.4002E-02  0.1360E+03
   2.440  0.4720E-02  0.4721E-02  0.1360E+03
   2.450  0.5555E-02  0.5556E-02  0.1360E+03
   2.460  0.6524E-02  0.6524E-02  0.1360E+03
   2.470  0.7644E-02  0.7644E-02  0.1360E+03
   2.480  0.8937E-02  0.8937E-02  0.1360E+03
   2.490  0.1043E-01  0.1043E-01  0.1360E+03
   2.500  0.1214E-01  0.1214E-01  0.1360E+03
   2.510  0.1410E-01  0.1410E-01  0.1360E+03
   2.520  0.1634E-01  0.1634E-01  0.1360E+03
   2.530  0.1890E-01  0.1890E-01  0.1360E+03
   2.540  0.2181E-01  0.2181E-01  0.1360E+03
   2.550  0.2512E-01  0.2512E-01  0.1360E+03
   2.560  0.2886E-01  0.2887E-01  0.1360E+03
   2.570  0.3310E-01  0.3310E-01  0.1360E+03
   2.580  0.3788E-01  0.3788E-01  0.1360E+03
   2.590  0.4326E-01  0.4326E-01  0.1360E+03
   2.600  0.4931E-01  0.4931E-01  0.1360E+03
   2.610  0.5608E-01  0.5608E-01  0.1360E+03
   2.620  0.6365E-01  0.6365E-01  0.1360E+03
   2.630  0.7209E-01  0.7210E-01  0.1360E+03
   2.640  0.8149E-01  0.8150E-01  0.1360E+03
   2.650  0.9193E-01  0.9194E-01  0.1360E+03
   2.660  0.1035E+00  0.1035E+00  0.1360E+03
   2.670  0.1163E+00  0.1163E+00  0.1360E+03
   2.680  0.1304E+00  0.1304E+00  0.1360E+03
   2.690  0.1460E+00  0.1460E+00  0.1360E+03
   2.700  0.1631E+00  0.1631E+00  0.1360E+03
   2.710  0.1818E+00  0.1818E+00  0.1360E+03
   2.720  0.2023E+00  0.2023E+00  0.1360E+03
   2.730  0.2246E+00  0.2246E+00  0.1360E+03
   2.740  0.2490E+00  0.2490E+00  0.1360E+03
   2.750  0.2755E+00  0.2755E+00  0.1361E+03
   2.760  0.3042E+00  0.3042E+00  0.1361E+03
   2.770  0.3353E+00  0.3353E+00  0.1361E+03
   2.780  0.3689E+00  0.3689E+00  0.1361E+03
   2.790  0.4051E+00  0.4051E+00  0.1361E+03
   2.800  0.4441E+00  0.4441E+00  0.1361E+03
   2.810  0.4859E+00  0.4859E+00  0.1361E+03
   2.820  0.5307E+00  0.5307E+00  0.1361E+03
   2.830  0.5786E+00  0.5786E+00  0.1361E+03
   2.840  0.6296E+00  0.6297E+00  0.1361E+03
   2.850  0.6840E+00  0.6841E+00  0.1361E+03
   2.860  0.7418E+00  0.7419E+00  0.1362E+03
   2.870  0.8031E+00  0.8032E+00  0.1362E+03
   2.880  0.8680E+00  0.8680E+00  0.1362E+03
   2.890  0.9364E+00  0.9365E+00  0.1362E+03
   2.900  0.1009E+01  0.1009E+01  0.1362E+03
   2.910  0.1085E+01  0.1085E+01  0.1363E+03
   2.920  0.1164E+01  0.1164E+01  0.1363E+03
   2.930  0.1248E+01  0.1248E+01  0.1363E+03
   2.940  0.1335E+01  0.1335E+01  0.1363E+03
   2.950  0.1426E+01  0.1426E+01  0.1364E+03
   2.960  0.1521E+01  0.1521E+01  0.1364E+03
   2.970  0.1619E+01  0.1619E+01  0.1364E+03
   2.980  0.1721E+01  0.1721E+01  0.1365E+03
   2.990  0.1827E+01  0.1827E+01  0.1365E+03
   3.000  0.1936E+01  0.1936E+01  0.1365E+03
   3.010  0.2048E+01  0.2048E+01  0.1366E+03
   3.020  0.2164E+01  0.2164E+01  0.1366E+03
   3.030  0.2282E+01  0.2282E+01  0.1367E+03
   3.040  0.2404E+01  0.2404E+01  0.1367E+03
   3.050  0.2528E+01  0.2528E+01  0.1368E+03
   3.060  0.2654E+01  0.2654E+01  0.1368E+03
   3.070  0.2782E+01  0.2783E+01  0.1369E+03
   3.080  0.2913E+01  0.2913E+01  0.1369E+03
   3.090  0.3045E+01  0.3045E+01  0.1370E+03
   3.100  0.3178E+01  0.3178E+01  0.1371E+03
   3.110  0.3313E+01  0.3313E+01  0.1371E+03
   3.120  0.3448E+01  0.3448E+01  0.1372E+03
   3.130  0.3583E+01  0.3583E+01  0.1373E+03
   3.140  0.3718E+01  0.3718E+01  0.1373E+03
   3.150  0.3853E+01  0.3853E+01  0.1374E+03
   3.160  0.3987E+01  0.3987E+01  0.1375E+03
   3.170  0.4120E+01  0.4120E+01  0.1376E+03
   3.180  0.4251E+01  0.4251E+01  0.1377E+03
   3.190  0.4380E+01  0.4381E+01  0.1377E+03
   3.200  0.4507E+01  0.4507E+01  0.1378E+03
   3.210  0.4631E+01  0.4632E+01  0.1379E+03
   3.220  0.4752E+01  0.4752E+01  0.1380E+03
   3.230  0.4870E+01  0.4870E+01  0.1381E+03
   3.240  0.4983E+01  0.4983E+01  0.1382E+03
   3.250  0.5092E+01  0.5092E+01  0.1383E+03
   3.260  0.5196E+01  0.5196E+01  0.1384E+03
   3.270  0.5295E+01  0.5295E+01  0.1385E+03
   3.280  0.5388E+01  0.5388E+01  0.1386E+03
   3.290  0.5476E+01  0.5476E+01  0.1387E+03
   3.300  0.5558E+01  0.5558E+01  0.1389E+03
   3.310  0.5633E+01  0.5633E+01  0.1390E+03
   3.320  0.5701E+01  0.5701E+01  0.1391E+03
   3.330  0.5763E+01  0.5763E+01  0.1392E+03
   3.340  0.5817E+01  0.5817E+01  0.1393E+03
   3.350  0.5864E+01  0.5864E+01  0.1394E+03
   3.360  0.5904E+01  0.5904E+01  0.1396E+03
   3.370  0.5936E+01  0.5936E+01  0.1397E+03
   3.380  0.5960E+01  0.5960E+01  0.1398E+03
   3.390  0.5977E+01  0.5977E+01  0.1399E+03
   3.400  0.5985E+01  0.5985E+01  0.1400E+03
   3.410  0.5986E+01  0.5986E+01  0.1401E+03
   3.420  0.5979E+01  0.5979E+01  0.1403E+03
   3.430  0.5965E+01  0.5965E+01  0.1404E+03
   3.440  0.5942E+01  0.5943E+01  0.1405E+03
   3.450  0.5913E+01  0.5913E+01  0.1406E+03
   3.460  0.5875E+01  0.5875E+01  0.1407E+03
   3.470  0.5831E+01  0.5831E+01  0.1409E+03
   3.480  0.5780E+01  0.5779E+01  0.1410E+03
   3.490  0.5721E+01  0.5721E+01  0.1411E+03
   3.500  0.5656E+01  0.5656E+01  0.1412E+03
   3.510  0.5585E+01  0.5585E+01  0.1413E+03
   3.520  0.5507E+01  0.5507E+01  0.1414E+03
   3.530  0.5424E+01  0.5424E+01  0.1415E+03
   3.540  0.5335E+01  0.5335E+01  0.1416E+03
   3.550  0.5241E+01  0.5241E+01  0.1417E+03
   3.560  0.5143E+01  0.5143E+01  0.1418E+03
   3.570  0.5039E+01  0.5039E+01  0.1419E+03
   3.580  0.4931E+01  0.4931E+01  0.1420E+03
   3.590  0.4820E+01  0.4820E+01  0.1421E+03
   3.600  0.4705E+01  0.4704E+01  0.1422E+03
   3.610  0.4586E+01  0.4586E+01  0.1423E+03
   3.620  0.4465E+01  0.4465E+01  0.1424E+03
   3.630  0.4341E+01  0.4341E+01  0.1425E+03
   3.640  0.4215E+01  0.4214E+01  0.1426E+03
   3.650  0.4086E+01  0.4086E+01  0.1427E+03
   3.660  0.3957E+01  0.3957E+01  0.1428E+03
   3.670  0.3826E+01  0.3826E+01  0.1428E+03
   3.680  0.3694E+01  0.3694E+01  0.1429E+03
   3.690  0.3562E+01  0.3562E+01  0.1430E+03
   3.700  0.3429E+01  0.3429E+01  0.1430E+03
   3.710  0.3297E+01  0.3297E+01  0.1431E+03
   3.720  0.3165E+01  0.3164E+01  0.1432E+03
   3.730  0.3033E+01  0.3033E+01  0.1432E+03
   3.740  0.2902E+01  0.2902E+01  0.1433E+03
   3.750  0.2773E+01  0.2772E+01  0.1433E+03
   3.760  0.2644E+01  0.2644E+01  0.1434E+03
   3.770  0.2518E+01  0.2518E+01  0.1434E+03
   3.780  0.2393E+01  0.2393E+01  0.1435E+03
   3.790  0.2271E+01  0.2271E+01  0.1435E+03
   3.800  0.2151E+01  0.2151E+01  0.1436E+03
   3.810  0.2033E+01  0.2033E+01  0.1436E+03
   3.820  0.1918E+01  0.1918E+01  0.1437E+03
   3.830  0.1806E+01  0.1806E+01  0.1437E+03
   3.840  0.1697E+01  0.1697E+01  0.1437E+03
   3.850  0.1591E+01  0.1591E+01  0.1438E+03
   3.860  0.1488E+01  0.1488E+01  0.1438E+03
   3.870  0.1389E+01  0.1389E+01  0.1438E+03
   3.880  0.1293E+01  0.1293E+01  0.1438E+03
   3.890  0.1201E+01  0.1201E+01  0.1439E+03
   3.900  0.1113E+01  0.1112E+01  0.1439E+03
   3.910  0.1028E+01  0.1027E+01  0.1439E+03
   3.920  0.9463E+00  0.9462E+00  0.1439E+03
   3.930  0.8687E+00  0.8686E+00  0.1440E+03
   3.940  0.7948E+00  0.7947E+00  0.1440E+03
   3.950  0.7247E+00  0.7246E+00  0.1440E+03
   3.960  0.6582E+00  0.6581E+00  0.1440E+03
   3.970  0.5953E+00  0.5953E+00  0.1440E+03
   3.980  0.5362E+00  0.5361E+00  0.1440E+03
   3.990  0.4806E+00  0.4805E+00  0.1440E+03
   4.000  0.4285E+00  0.4284E+00  0.1440E+03
   4.010  0.3800E+00  0.3799E+00  0.1440E+03
   4.020  0.3348E+00  0.3348E+00  0.1440E+03
   4.030  0.2931E+00  0.2930E+00  0.1441E+03
   4.040  0.2547E+00  0.2546E+00  0.1441E+03
   4.050  0.2195E+00  0.2195E+00  0.1441E+03
   4.060  0.1876E+00  0.1876E+00  0.1441E+03
   4.070  0.1588E+00  0.1588E+00  0.1441E+03
   4.080  0.1332E+00  0.1331E+00  0.1441E+03
   4.090  0.1106E+00  0.1106E+00  0.1441E+03
   4.100  0.9109E-01  0.9106E-01  0.1441E+03
   4.110  0.7460E-01  0.7457E-01  0.1441E+03
   4.120  0.6113E-01  0.6110E-01  0.1441E+03
   4.130  0.5068E-01  0.5065E-01  0.1441E+03
   4.140  0.4326E-01  0.4324E-01  0.1441E+03
   4.150  0.3892E-01  0.3890E-01  0.1441E+03
   4.160  0.3769E-01  0.3767E-01  0.1441E+03
   4.170  0.3964E-01  0.3962E-01  0.1441E+03
   4.180  0.4484E-01  0.4483E-01  0.1441E+03
   4.190  0.5340E-01  0.5338E-01  0.1441E+03
   4.200  0.6541E-01  0.6540E-01  0.1441E+03
   4.210  0.8103E-01  0.8102E-01  0.1441E+03
   4.220  0.1004E+00  0.1004E+00  0.1441E+03
   4.230  0.1237E+00  0.1237E+00  0.1441E+03
   4.240  0.1510E+00  0.1510E+00  0.1441E+03
   4.250  0.1827E+00  0.1827E+00  0.1441E+03
   4.260  0.2188E+00  0.2188E+00  0.1441E+03
   4.270  0.2597E+00  0.2597E+00  0.1441E+03
   4.280  0.3056E+00  0.3056E+00  0.1441E+03
   4.290  0.3567E+00  0.3567E+00  0.1441E+03
   4.300  0.4133E+00  0.4133E+00  0.1441E+03
   4.310  0.4757E+00  0.4757E+00  0.1441E+03
   4.320  0.5440E+00  0.5441E+00  0.1442E+03
   4.330  0.6187E+00  0.6187E+00  0.1442E+03
   4.340  0.6999E+00  0.6999E+00  0.1442E+03
   4.350  0.7879E+00  0.7879E+00  0.1442E+03
   4.360  0.8829E+00  0.8830E+00  0.1442E+03
   4.370  0.9853E+00  0.9853E+00  0.1442E+03
   4.380  0.1095E+01  0.1095E+01  0.1443E+03
   4.390  0.1213E+01  0.1213E+01  0.1443E+03
   4.400  0.1338E+01  0.1338E+01  0.1443E+03
   4.410  0.1471E+01  0.1471E+01  0.1443E+03
   4.420  0.1612E+01  0.1612E+01  0.1444E+03
   4.430  0.1762E+01  0.1762E+01  0.1444E+03
   4.440  0.1919E+01  0.1919E+01  0.1444E+03
   4.450  0.2084E+01  0.2084E+01  0.1445E+03
   4.460  0.2258E+01  0.2258E+01  0.1445E+03
   4.470  0.2439E+01  0.2439E+01  0.1446E+03
   4.480  0.2627E+01  0.2627E+01  0.1446E+03
   4.490  0.2823E+01  0.2823E+01  0.1447E+03
   4.500  0.3026E+01  0.3026E+01  0.1447E+03
   4.510  0.3235E+01  0.3236E+01  0.1448E+03
   4.520  0.3451E+01  0.3451E+01  0.1449E+03
   4.530  0.3672E+01  0.3672E+01  0.1450E+03
   4.540  0.3899E+01  0.3899E+01  0.1450E+03
   4.550  0.4130E+01  0.4130E+01  0.1451E+03
   4.560  0.4365E+01  0.4365E+01  0.1452E+03
   4.570  0.4603E+01  0.4603E+01  0.1453E+03
   4.580  0.4844E+01  0.4844E+01  0.1454E+03
   4.590  0.5087E+01  0.5087E+01  0.1455E+03
   4.600  0.5331E+01  0.5331E+01  0.1456E+03
   4.610  0.5576E+01  0.5576E+01  0.1457E+03
   4.620  0.5820E+01  0.5820E+01  0.1458E+03
   4.630  0.6063E+01  0.6064E+01  0.1459E+03
   4.640  0.6305E+01  0.6305E+01  0.1461E+03
   4.650  0.6545E+01  0.6545E+01  0.1462E+03
   4.660  0.6781E+01  0.6781E+01  0.1463E+03
   4.670  0.7014E+01  0.7014E+01  0.1465E+03
   4.680  0.7242E+01  0.7243E+01  0.1466E+03
   4.690  0.7466E+01  0.7467E+01  0.1468E+03
   4.700  0.7685E+01  0.7685E+01  0.1469E+03
   4.710  0.7899E+01  0.7899E+01  0.1471E+03
   4.720  0.8106E+01  0.8106E+01  0.1472E+03
   4.730  0.8307E+01  0.8307E+01  0.1474E+03
   4.740  0.8501E+01  0.8501E+01  0.1476E+03
   4.750  0.8689E+01  0.8689E+01  0.1478E+03
   4.760  0.8869E+01  0.8869E+01  0.1479E+03
   4.770  0.9043E+01  0.9043E+01  0.1481E+03
   4.780  0.9209E+01  0.9209E+01  0.1483E+03
   4.790  0.9368E+01  0.9368E+01  0.1485E+03
   4.800  0.9519E+01  0.9519E+01  0.1487E+03
   4.810  0.9663E+01  0.9663E+01  0.1489E+03
   4.820  0.9800E+01  0.9800E+01  0.1491E+03
   4.830  0.9929E+01  0.9929E+01  0.1493E+03
   4.840  0.1005E+02  0.1005E+02  0.1495E+03
   4.850  0.1016E+02  0.1016E+02  0.1497E+03
   4.860  0.1027E+02  0.1027E+02  0.1499E+03
   4.870  0.1037E+02  0.1037E+02  0.1501E+03
   4.880  0.1046E+02  0.1046E+02  0.1503E+03
   4.890  0.1054E+02  0.1054E+02  0.1505E+03
   4.900  0.1062E+02  0.1062E+02  0.1507E+03
   4.910  0.1068E+02  0.1068E+02  0.1509E+03
   4.920  0.1074E+02  0.1074E+02  0.1511E+03
   4.930  0.1079E+02  0.1079E+02  0.1514E+03
   4.940  0.1083E+02  0.1083E+02  0.1516E+03
   4.950  0.1086E+02  0.1086E+02  0.1518E+03
   4.960  0.1088E+02  0.1088E+02  0.1520E+03
   4.970  0.1090E+02  0.1090E+02  0.1522E+03
   4.980  0.1090E+02  0.1090E+02  0.1524E+03
   4.990  0.1090E+02  0.1090E+02  0.1527E+03
   5.000  0.1088E+02  0.1088E+02  0.1529E+03
   5.010  0.1086E+02  0.1086E+02  0.1531E+03
   5.020  0.1083E+02  0.1083E+02  0.1533E+03
   5.030  0.1079E+02  0.1079E+02  0.1535E+03
   5.040  0.1075E+02  0.1075E+02  0.1537E+03
   5.050  0.1070E+02  0.1070E+02  0.1540E+03
   5.060  0.1064E+02  0.1064E+02  0.1542E+03
   5.070  0.1058E+02  0.1057E+02  0.1544E+03
   5.080  0.1051E+02  0.1051E+02  0.1546E+03
   5.090  0.1044E+02  0.1044E+02  0.1548E+03
   5.100  0.1036E+02  0.1036E+02  0.1550E+03
   5.110  0.1029E+02  0.1029E+02  0.1552E+03
   5.120  0.1022E+02  0.1022E+02  0.1554E+03
   5.130  0.1015E+02  0.1015E+02  0.1556E+03
   5.140  0.1008E+02  0.1008E+02  0.1558E+03
   5.150  0.1001E+02  0.1001E+02  0.1560E+03
   5.160  0.9957E+01  0.9957E+01  0.1562E+03
   5.170  0.9907E+01  0.9907E+01  0.1564E+03
   5.180  0.9866E+01  0.9866E+01  0.1566E+03
   5.190  0.9835E+01  0.9835E+01  0.1568E+03
   5.200  0.9816E+01  0.9815E+01  0.1570E+03
   5.210  0.9808E+01  0.9808E+01  0.1572E+03
   5.220  0.9814E+01  0.9814E+01  0.1574E+03
   5.230  0.9834E+01  0.9833E+01  0.1576E+03
   5.240  0.9868E+01  0.9867E+01  0.1578E+03
   5.250  0.9916E+01  0.9916E+01  0.1580E+03
   5.260  0.9980E+01  0.9980E+01  0.1582E+03
   5.270  0.1006E+02  0.1006E+02  0.1584E+03
   5.280  0.1015E+02  0.1015E+02  0.1586E+03
   5.290  0.1026E+02  0.1026E+02  0.1588E+03
   5.300  0.1038E+02  0.1038E+02  0.1590E+03
   5.310  0.1052E+02  0.1052E+02  0.1592E+03
   5.320  0.1066E+02  0.1066E+02  0.1594E+03
   5.330  0.1082E+02  0.1082E+02  0.1597E+03
   5.340  0.1099E+02  0.1099E+02  0.1599E+03
   5.350  0.1116E+02  0.1116E+02  0.1601E+03
   5.360  0.1134E+02  0.1134E+02  0.1603E+03
   5.370  0.1153E+02  0.1153E+02  0.1606E+03
   5.380  0.1171E+02  0.1171E+02  0.1608E+03
   5.390  0.1190E+02  0.1190E+02  0.1610E+03
   5.400  0.1209E+02  0.1209E+02  0.1613E+03
   5.410  0.1228E+02  0.1228E+02  0.1615E+03
   5.420  0.1246E+02  0.1246E+02  0.1618E+03
   5.430  0.1264E+02  0.1264E+02  0.1620E+03
   5.440  0.1281E+02  0.1281E+02  0.1623E+03
   5.450  0.1297E+02  0.1297E+02  0.1625E+03
   5.460  0.1312E+02  0.1312E+02  0.1628E+03
   5.470  0.1327E+02  0.1327E+02  0.1631E+03
   5.480  0.1340E+02  0.1340E+02  0.1633E+03
   5.490  0.1352E+02  0.1352E+02  0.1636E+03
   5.500  0.1363E+02  0.1363E+02  0.1639E+03
   5.510  0.1373E+02  0.1373E+02  0.1641E+03
   5.520  0.1383E+02  0.1383E+02  0.1644E+03
   5.530  0.1391E+02  0.1391E+02  0.1647E+03
   5.540  0.1398E+02  0.1398E+02  0.1650E+03
   5.550  0.1404E+02  0.1404E+02  0.1653E+03
   5.560  0.1410E+02  0.1410E+02  0.1655E+03
   5.570  0.1416E+02  0.1416E+02  0.1658E+03
   5.580  0.1421E+02  0.1421E+02  0.1661E+03
   5.590  0.1426E+02  0.1426E+02  0.1664E+03
   5.600  0.1431E+02  0.1431E+02  0.1667E+03
   5.610  0.1437E+02  0.1437E+02  0.1670E+03
   5.620  0.1443E+02  0.1443E+02  0.1673E+03
   5.630  0.1449E+02  0.1449E+02  0.1675E+03
   5.640  0.1457E+02  0.1457E+02  0.1678E+03
   5.650  0.1466E+02  0.1465E+02  0.1681E+03
   5.660  0.1476E+02  0.1476E+02  0.1684E+03
   5.670  0.1487E+02  0.1487E+02  0.1687E+03
   5.680  0.1500E+02  0.1500E+02  0.1690E+03
   5.690  0.1515E+02  0.1515E+02  0.1693E+03
   5.700  0.1532E+02  0.1532E+02  0.1696E+03
   5.710  0.1551E+02  0.1551E+02  0.1699E+03
   5.720  0.1571E+02  0.1571E+02  0.1703E+03
   5.730  0.1594E+02  0.1594E+02  0.1706E+03
   5.740  0.1619E+02  0.1619E+02  0.1709E+03
   5.750  0.1646E+02  0.1646E+02  0.1712E+03
   5.760  0.1674E+02  0.1674E+02  0.1716E+03
   5.770  0.1704E+02  0.1704E+02  0.1719E+03
   5.780  0.1736E+02  0.1736E+02  0.1723E+03
   5.790  0.1769E+02  0.1769E+02  0.1726E+03
   5.800  0.1803E+02  0.1803E+02  0.1730E+03
   5.810  0.1839E+02  0.1839E+02  0.1733E+03
   5.820  0.1874E+02  0.1874E+02  0.1737E+03
   5.830  0.1911E+02  0.1911E+02  0.1741E+03
   5.840  0.1947E+02  0.1947E+02  0.1745E+03
   5.850  0.1982E+02  0.1982E+02  0.1749E+03
   5.860  0.2018E+02  0.2018E+02  0.1753E+03
   5.870  0.2052E+02  0.2052E+02  0.1757E+03
   5.880  0.2085E+02  0.2085E+02  0.1761E+03
   5.890  0.2116E+02  0.2116E+02  0.1765E+03
   5.900  0.2145E+02  0.2145E+02  0.1770E+03
   5.910  0.2171E+02  0.2171E+02  0.1774E+03
   5.920  0.2195E+02  0.2195E+02  0.1778E+03
   5.930  0.2216E+02  0.2216E+02  0.1783E+03
   5.940  0.2234E+02  0.2234E+02  0.1787E+03
   5.950  0.2248E+02  0.2248E+02  0.1792E+03
   5.960  0.2259E+02  0.2259E+02  0.1796E+03
   5.970  0.2266E+02  0.2266E+02  0.1801E+03
   5.980  0.2268E+02  0.2268E+02  0.1805E+03
   5.990  0.2267E+02  0.2267E+02  0.1810E+03
   6.000  0.2261E+02  0.2261E+02  0.1814E+03
   6.010  0.2251E+02  0.2251E+02  0.1819E+03
   6.020  0.2236E+02  0.2236E+02  0.1823E+03
   6.030  0.2217E+02  0.2217E+02  0.1828E+03
   6.040  0.2194E+02  0.2194E+02  0.1832E+03
   6.050  0.2167E+02  0.2167E+02  0.1837E+03
   6.060  0.2135E+02  0.2135E+02  0.1841E+03
   6.070  0.2100E+02  0.2100E+02  0.1845E+03
   6.080  0.2060E+02  0.2060E+02  0.1849E+03
   6.090  0.2017E+02  0.2017E+02  0.1853E+03
   6.100  0.1971E+02  0.1971E+02  0.1857E+03
   6.110  0.1921E+02  0.1921E+02  0.1861E+03
   6.120  0.1869E+02  0.1869E+02  0.1865E+03
   6.130  0.1814E+02  0.1814E+02  0.1868E+03
   6.140  0.1756E+02  0.1757E+02  0.1872E+03
   6.150  0.1697E+02  0.1697E+02  0.1875E+03
   6.160  0.1636E+02  0.1636E+02  0.1878E+03
   6.170  0.1573E+02  0.1573E+02  0.1882E+03
   6.180  0.1509E+02  0.1509E+02  0.1885E+03
   6.190  0.1444E+02  0.1444E+02  0.1888E+03
   6.200  0.1379E+02  0.1379E+02  0.1890E+03
   6.210  0.1313E+02  0.1313E+02  0.1893E+03
   6.220  0.1247E+02  0.1247E+02  0.1895E+03
   6.230  0.1182E+02  0.1182E+02  0.1898E+03
   6.240  0.1117E+02  0.1117E+02  0.1900E+03
   6.250  0.1053E+02  0.1053E+02  0.1902E+03
   6.260  0.9898E+01  0.9898E+01  0.1904E+03
   6.270  0.9280E+01  0.9281E+01  0.1906E+03
   6.280  0.8678E+01  0.8679E+01  0.1908E+03
   6.290  0.8094E+01  0.8094E+01  0.1909E+03
   6.300  0.7528E+01  0.7528E+01  0.1911E+03
   6.310  0.6983E+01  0.6983E+01  0.1912E+03
   6.320  0.6461E+01  0.6461E+01  0.1913E+03
   6.330  0.5962E+01  0.5963E+01  0.1915E+03
   6.340  0.5489E+01  0.5489E+01  0.1916E+03
   6.350  0.5041E+01  0.5042E+01  0.1917E+03
   6.360  0.4621E+01  0.4622E+01  0.1918E+03
   6.370  0.4229E+01  0.4229E+01  0.1919E+03
   6.380  0.3865E+01  0.3865E+01  0.1919E+03
   6.390  0.3530E+01  0.3530E+01  0.1920E+03
   6.400  0.3224E+01  0.3224E+01  0.1921E+03
   6.410  0.2948E+01  0.2948E+01  0.1921E+03
   6.420  0.2700E+01  0.2700E+01  0.1922E+03
   6.430  0.2482E+01  0.2482E+01  0.1922E+03
   6.440  0.2293E+01  0.2293E+01  0.1923E+03
   6.450  0.2132E+01  0.2132E+01  0.1923E+03
   6.460  0.1999E+01  0.2000E+01  0.1924E+03
   6.470  0.1894E+01  0.1894E+01  0.1924E+03
   6.480  0.1816E+01  0.1816E+01  0.1924E+03
   6.490  0.1764E+01  0.1764E+01  0.1925E+03
   6.500  0.1737E+01  0.1737E+01  0.1925E+03
   6.510  0.1735E+01  0.1735E+01  0.1925E+03
   6.520  0.1757E+01  0.1757E+01  0.1926E+03
   6.530  0.1801E+01  0.1802E+01  0.1926E+03
   6.540  0.1868E+01  0.1868E+01  0.1926E+03
   6.550  0.1955E+01  0.1956E+01  0.1927E+03
   6.560  0.2063E+01  0.2063E+01  0.1927E+03
   6.570  0.2190E+01  0.2190E+01  0.1928E+03
   6.580  0.2335E+01  0.2335E+01  0.1928E+03
   6.590  0.2497E+01  0.2497E+01  0.1929E+03
   6.600  0.2676E+01  0.2677E+01  0.1929E+03
   6.610  0.2871E+01  0.2871E+01  0.1930E+03
   6.620  0.3081E+01  0.3081E+01  0.1930E+03
   6.630  0.3304E+01  0.3304E+01  0.1931E+03
   6.640  0.3541E+01  0.3541E+01  0.1932E+03
   6.650  0.3791E+01  0.3791E+01  0.1933E+03
   6.660  0.4052E+01  0.4052E+01  0.1933E+03
   6.670  0.4324E+01  0.4325E+01  0.1934E+03
   6.680  0.4607E+01  0.4607E+01  0.1935E+03
   6.690  0.4900E+01  0.4900E+01  0.1936E+03
   6.700  0.5201E+01  0.5201E+01  0.1937E+03
   6.710  0.5511E+01  0.5511E+01  0.1938E+03
   6.720  0.5828E+01  0.5828E+01  0.1939E+03
   6.730  0.6152E+01  0.6152E+01  0.1941E+03
   6.740  0.6482E+01  0.6483E+01  0.1942E+03
   6.750  0.6818E+01  0.6818E+01  0.1943E+03
   6.760  0.7158E+01  0.7159E+01  0.1945E+03
   6.770  0.7502E+01  0.7503E+01  0.1946E+03
   6.780  0.7849E+01  0.7850E+01  0.1948E+03
   6.790  0.8198E+01  0.8199E+01  0.1949E+03
   6.800  0.8549E+01  0.8549E+01  0.1951E+03
   6.810  0.8899E+01  0.8900E+01  0.1953E+03
   6.820  0.9249E+01  0.9249E+01  0.1955E+03
   6.830  0.9597E+01  0.9598E+01  0.1957E+03
   6.840  0.9943E+01  0.9944E+01  0.1959E+03
   6.850  0.1029E+02  0.1029E+02  0.1961E+03
   6.860  0.1062E+02  0.1062E+02  0.1963E+03
   6.870  0.1096E+02  0.1096E+02  0.1965E+03
   6.880  0.1128E+02  0.1128E+02  0.1967E+03
   6.890  0.1160E+02  0.1160E+02  0.1970E+03
   6.900  0.1191E+02  0.1191E+02  0.1972E+03
   6.910  0.1222E+02  0.1222E+02  0.1974E+03
   6.920  0.1251E+02  0.1251E+02  0.1977E+03
   6.930  0.1280E+02  0.1280E+02  0.1980E+03
   6.940  0.1307E+02  0.1307E+02  0.1982E+03
   6.950  0.1333E+02  0.1333E+02  0.1985E+03
   6.960  0.1359E+02  0.1359E+02  0.1988E+03
   6.970  0.1383E+02  0.1383E+02  0.1990E+03
   6.980  0.1406E+02  0.1406E+02  0.1993E+03
   6.990  0.1428E+02  0.1428E+02  0.1996E+03
   7.000  0.1449E+02  0.1449E+02  0.1999E+03
   7.010  0.1470E+02  0.1470E+02  0.2002E+03
   7.020  0.1489E+02  0.1489E+02  0.2005E+03
   7.030  0.1507E+02  0.1507E+02  0.2008E+03
   7.040  0.1525E+02  0.1525E+02  0.2011E+03
   7.050  0.1541E+02  0.1542E+02  0.2014E+03
   7.060  0.1558E+02  0.1558E+02  0.2017E+03
   7.070  0.1574E+02  0.1574E+02  0.2020E+03
   7.080  0.1589E+02  0.1589E+02  0.2023E+03
   7.090  0.1604E+02  0.1604E+02  0.2027E+03
   7.100  0.1619E+02  0.1619E+02  0.2030E+03
   7.110  0.1634E+02  0.1634E+02  0.2033E+03
   7.120  0.1649E+02  0.1649E+02  0.2036E+03
   7.130  0.1664E+02  0.1664E+02  0.2040E+03
   7.140  0.1680E+02  0.1680E+02  0.2043E+03
   7.150  0.1696E+02  0.1696E+02  0.2046E+03
   7.160  0.1712E+02  0.1712E+02  0.2050E+03
   7.170  0.1729E+02  0.1729E+02  0.2053E+03
   7.180  0.1747E+02  0.1747E+02  0.2057E+03
   7.190  0.1765E+02  0.1765E+02  0.2060E+03
   7.200  0.1785E+02  0.1785E+02  0.2064E+03
   7.210  0.1805E+02  0.1805E+02  0.2068E+03
   7.220  0.1825E+02  0.1825E+02  0.2071E+03
   7.230  0.1847E+02  0.1847E+02  0.2075E+03
   7.240  0.1869E+02  0.1869E+02  0.2079E+03
   7.250  0.1892E+02  0.1892E+02  0.2082E+03
   7.260  0.1916E+02  0.1916E+02  0.2086E+03
   7.270  0.1940E+02  0.1940E+02  0.2090E+03
   7.280  0.1965E+02  0.1965E+02  0.2094E+03
   7.290  0.1991E+02  0.1991E+02  0.2098E+03
   7.300  0.2016E+02  0.2016E+02  0.2102E+03
   7.310  0.2042E+02  0.2042E+02  0.2106E+03
   7.320  0.2068E+02  0.2068E+02  0.2110E+03
   7.330  0.2094E+02  0.2094E+02  0.2114E+03
   7.340  0.2120E+02  0.2120E+02  0.2119E+03
   7.350  0.2145E+02  0.2145E+02  0.2123E+03
   7.360  0.2170E+02  0.2170E+02  0.2127E+03
   7.370  0.2195E+02  0.2195E+02  0.2132E+03
   7.380  0.2218E+02  0.2218E+02  0.2136E+03
   7.390  0.2241E+02  0.2241E+02  0.2141E+03
   7.400  0.2263E+02  0.2263E+02  0.2145E+03
   7.410  0.2283E+02  0.2283E+02  0.2150E+03
   7.420  0.2302E+02  0.2302E+02  0.2154E+03
   7.430  0.2320E+02  0.2320E+02  0.2159E+03
   7.440  0.2337E+02  0.2337E+02  0.2164E+03
   7.450  0.2352E+02  0.2352E+02  0.2168E+03
   7.460  0.2365E+02  0.2365E+02  0.2173E+03
   7.470  0.2376E+02  0.2376E+02  0.2178E+03
   7.480  0.2386E+02  0.2386E+02  0.2183E+03
   7.490  0.2394E+02  0.2394E+02  0.2187E+03
   7.500  0.2400E+02  0.2400E+02  0.2192E+03
   7.510  0.2405E+02  0.2405E+02  0.2197E+03
   7.520  0.2407E+02  0.2407E+02  0.2202E+03
   7.530  0.2408E+02  0.2408E+02  0.2207E+03
   7.540  0.2407E+02  0.2407E+02  0.2211E+03
   7.550  0.2404E+02  0.2404E+02  0.2216E+03
   7.560  0.2399E+02  0.2399E+02  0.2221E+03
   7.570  0.2393E+02  0.2393E+02  0.2226E+03
   7.580  0.2385E+02  0.2385E+02  0.2231E+03
   7.590  0.2375E+02  0.2375E+02  0.2235E+03
   7.600  0.2364E+02  0.2364E+02  0.2240E+03
   7.610  0.2352E+02  0.2352E+02  0.2245E+03
   7.620  0.2338E+02  0.2338E+02  0.2249E+03
   7.630  0.2323E+02  0.2323E+02  0.2254E+03
   7.640  0.2307E+02  0.2307E+02  0.2259E+03
   7.650  0.2290E+02  0.2290E+02  0.2263E+03
   7.660  0.2271E+02  0.2271E+02  0.2268E+03
   7.670  0.2252E+02  0.2252E+02  0.2272E+03
   7.680  0.2233E+02  0.2232E+02  0.2277E+03
   7.690  0.2212E+02  0.2212E+02  0.2281E+03
   7.700  0.2191E+02  0.2191E+02  0.2286E+03
   7.710  0.2170E+02  0.2169E+02  0.2290E+03
   7.720  0.2148E+02  0.2148E+02  0.2294E+03
   7.730  0.2126E+02  0.2126E+02  0.2299E+03
   7.740  0.2104E+02  0.2104E+02  0.2303E+03
   7.750  0.2082E+02  0.2082E+02  0.2307E+03
   7.760  0.2060E+02  0.2060E+02  0.2311E+03
   7.770  0.2038E+02  0.2038E+02  0.2315E+03
   7.780  0.2017E+02  0.2017E+02  0.2319E+03
   7.790  0.1996E+02  0.1996E+02  0.2323E+03
   7.800  0.1976E+02  0.1976E+02  0.2327E+03
   7.810  0.1956E+02  0.1956E+02  0.2331E+03
   7.820  0.1938E+02  0.1938E+02  0.2335E+03
   7.830  0.1920E+02  0.1920E+02  0.2339E+03
   7.840  0.1904E+02  0.1904E+02  0.2343E+03
   7.850  0.1888E+02  0.1888E+02  0.2346E+03
   7.860  0.1874E+02  0.1874E+02  0.2350E+03
   7.870  0.1861E+02  0.1861E+02  0.2354E+03
   7.880  0.1850E+02  0.1850E+02  0.2357E+03
   7.890  0.1840E+02  0.1840E+02  0.2361E+03
   7.900  0.1832E+02  0.1832E+02  0.2365E+03
   7.910  0.1826E+02  0.1826E+02  0.2368E+03
   7.920  0.1821E+02  0.1821E+02  0.2372E+03
   7.930  0.1817E+02  0.1818E+02  0.2376E+03
   7.940  0.1816E+02  0.1816E+02  0.2379E+03
   7.950  0.1816E+02  0.1816E+02  0.2383E+03
   7.960  0.1819E+02  0.1819E+02  0.2387E+03
   7.970  0.1822E+02  0.1822E+02  0.2390E+03
   7.980  0.1828E+02  0.1828E+02  0.2394E+03
   7.990  0.1835E+02  0.1835E+02  0.2398E+03
   8.000  0.1844E+02  0.1844E+02  0.2401E+03
   8.010  0.1854E+02  0.1854E+02  0.2405E+03
   8.020  0.1866E+02  0.1866E+02  0.2409E+03
   8.030  0.1879E+02  0.1879E+02  0.2412E+03
   8.040  0.1893E+02  0.1893E+02  0.2416E+03
   8.050  0.1909E+02  0.1909E+02  0.2420E+03
   8.060  0.1925E+02  0.1926E+02  0.2424E+03
   8.070  0.1943E+02  0.1943E+02  0.2428E+03
   8.080  0.1961E+02  0.1961E+02  0.2432E+03
   8.090  0.1980E+02  0.1980E+02  0.2436E+03
   8.100  0.2000E+02  0.2000E+02  0.2440E+03
   8.110  0.2020E+02  0.2020E+02  0.2444E+03
   8.120  0.2040E+02  0.2040E+02  0.2448E+03
   8.130  0.2060E+02  0.2060E+02  0.2452E+03
   8.140  0.2081E+02  0.2081E+02  0.2456E+03
   8.150  0.2101E+02  0.2101E+02  0.2460E+03
   8.160  0.2121E+02  0.2121E+02  0.2465E+03
   8.170  0.2141E+02  0.2141E+02  0.2469E+03
   8.180  0.2160E+02  0.2160E+02  0.2473E+03
   8.190  0.2179E+02  0.2179E+02  0.2478E+03
   8.200  0.2198E+02  0.2198E+02  0.2482E+03
   8.210  0.2215E+02  0.2215E+02  0.2486E+03
   8.220  0.2232E+02  0.2232E+02  0.2491E+03
   8.230  0.2248E+02  0.2248E+02  0.2495E+03
   8.240  0.2264E+02  0.2264E+02  0.2500E+03
   8.250  0.2278E+02  0.2278E+02  0.2504E+03
   8.260  0.2291E+02  0.2291E+02  0.2509E+03
   8.270  0.2304E+02  0.2304E+02  0.2514E+03
   8.280  0.2315E+02  0.2315E+02  0.2518E+03
   8.290  0.2325E+02  0.2325E+02  0.2523E+03
   8.300  0.2335E+02  0.2335E+02  0.2528E+03
   8.310  0.2343E+02  0.2343E+02  0.2532E+03
   8.320  0.2350E+02  0.2350E+02  0.2537E+03
   8.330  0.2356E+02  0.2356E+02  0.2542E+03
   8.340  0.2361E+02  0.2361E+02  0.2546E+03
   8.350  0.2364E+02  0.2364E+02  0.2551E+03
   8.360  0.2367E+02  0.2367E+02  0.2556E+03
   8.370  0.2368E+02  0.2368E+02  0.2561E+03
   8.380  0.2368E+02  0.2369E+02  0.2565E+03
   8.390  0.2368E+02  0.2368E+02  0.2570E+03
   8.400  0.2366E+02  0.2366E+02  0.2575E+03
   8.410  0.2363E+02  0.2363E+02  0.2579E+03
   8.420  0.2359E+02  0.2359E+02  0.2584E+03
   8.430  0.2353E+02  0.2353E+02  0.2589E+03
   8.440  0.2347E+02  0.2347E+02  0.2594E+03
   8.450  0.2340E+02  0.2340E+02  0.2598E+03
   8.460  0.2332E+02  0.2332E+02  0.2603E+03
   8.470  0.2323E+02  0.2323E+02  0.2608E+03
   8.480  0.2312E+02  0.2312E+02  0.2612E+03
   8.490  0.2301E+02  0.2301E+02  0.2617E+03
   8.500  0.2289E+02  0.2289E+02  0.2621E+03
   8.510  0.2277E+02  0.2276E+02  0.2626E+03
   8.520  0.2263E+02  0.2263E+02  0.2630E+03
   8.530  0.2248E+02  0.2248E+02  0.2635E+03
   8.540  0.2233E+02  0.2233E+02  0.2639E+03
   8.550  0.2217E+02  0.2217E+02  0.2644E+03
   8.560  0.2201E+02  0.2201E+02  0.2648E+03
   8.570  0.2184E+02  0.2184E+02  0.2653E+03
   8.580  0.2166E+02  0.2166E+02  0.2657E+03
   8.590  0.2147E+02  0.2147E+02  0.2661E+03
   8.600  0.2128E+02  0.2128E+02  0.2666E+03
   8.610  0.2109E+02  0.2109E+02  0.2670E+03
   8.620  0.2089E+02  0.2089E+02  0.2674E+03
   8.630  0.2068E+02  0.2068E+02  0.2678E+03
   8.640  0.2047E+02  0.2047E+02  0.2682E+03
   8.650  0.2026E+02  0.2026E+02  0.2686E+03
   8.660  0.2004E+02  0.2004E+02  0.2690E+03
   8.670  0.1982E+02  0.1982E+02  0.2694E+03
   8.680  0.1959E+02  0.1959E+02  0.2698E+03
   8.690  0.1935E+02  0.1935E+02  0.2702E+03
   8.700  0.1912E+02  0.1911E+02  0.2706E+03
   8.710  0.1887E+02  0.1887E+02  0.2710E+03
   8.720  0.1862E+02  0.1862E+02  0.2713E+03
   8.730  0.1837E+02  0.1837E+02  0.2717E+03
   8.740  0.1811E+02  0.1811E+02  0.2721E+03
   8.750  0.1784E+02  0.1784E+02  0.2724E+03
   8.760  0.1757E+02  0.1756E+02  0.2728E+03
   8.770  0.1728E+02  0.1728E+02  0.2731E+03
   8.780  0.1700E+02  0.1699E+02  0.2735E+03
   8.790  0.1670E+02  0.1670E+02  0.2738E+03
   8.800  0.1639E+02  0.1639E+02  0.2741E+03
   8.810  0.1608E+02  0.1608E+02  0.2744E+03
   8.820  0.1576E+02  0.1576E+02  0.2747E+03
   8.830  0.1543E+02  0.1542E+02  0.2751E+03
   8.840  0.1508E+02  0.1508E+02  0.2754E+03
   8.850  0.1473E+02  0.1473E+02  0.2757E+03
   8.860  0.1437E+02  0.1437E+02  0.2759E+03
   8.870  0.1400E+02  0.1400E+02  0.2762E+03
   8.880  0.1362E+02  0.1362E+02  0.2765E+03
   8.890  0.1323E+02  0.1323E+02  0.2768E+03
   8.900  0.1283E+02  0.1283E+02  0.2770E+03
   8.910  0.1242E+02  0.1242E+02  0.2773E+03
   8.920  0.1201E+02  0.1200E+02  0.2775E+03
   8.930  0.1158E+02  0.1158E+02  0.2777E+03
   8.940  0.1115E+02  0.1115E+02  0.2780E+03
   8.950  0.1071E+02  0.1071E+02  0.2782E+03
   8.960  0.1026E+02  0.1026E+02  0.2784E+03
   8.970  0.9812E+01  0.9810E+01  0.2786E+03
   8.980  0.9356E+01  0.9354E+01  0.2788E+03
   8.990  0.8898E+01  0.8896E+01  0.2789E+03
   9.000  0.8437E+01  0.8435E+01  0.2791E+03
   9.010  0.7976E+01  0.7974E+01  0.2793E+03
   9.020  0.7514E+01  0.7512E+01  0.2794E+03
   9.030  0.7054E+01  0.7053E+01  0.2796E+03
   9.040  0.6597E+01  0.6595E+01  0.2797E+03
   9.050  0.6145E+01  0.6143E+01  0.2798E+03
   9.060  0.5697E+01  0.5695E+01  0.2799E+03
   9.070  0.5256E+01  0.5254E+01  0.2800E+03
   9.080  0.4823E+01  0.4821E+01  0.2801E+03
   9.090  0.4399E+01  0.4397E+01  0.2802E+03
   9.100  0.3986E+01  0.3984E+01  0.2803E+03
   9.110  0.3584E+01  0.3582E+01  0.2804E+03
   9.120  0.3194E+01  0.3193E+01  0.2804E+03
   9.130  0.2818E+01  0.2817E+01  0.2805E+03
   9.140  0.2457E+01  0.2455E+01  0.2805E+03
   9.150  0.2110E+01  0.2109E+01  0.2806E+03
   9.160  0.1780E+01  0.1779E+01  0.2806E+03
   9.170  0.1467E+01  0.1465E+01  0.2806E+03
   9.180  0.1170E+01  0.1169E+01  0.2807E+03
   9.190  0.8911E+00  0.8899E+00  0.2807E+03
   9.200  0.6300E+00  0.6289E+00  0.2807E+03
   9.210  0.3870E+00  0.3859E+00  0.2807E+03
   9.220  0.1621E+00  0.1611E+00  0.2807E+03
   9.230 -0.4471E-01 -0.4561E-01  0.2807E+03
   9.240 -0.2335E+00 -0.2343E+00  0.2807E+03
   9.250 -0.4045E+00 -0.4053E+00  0.2807E+03
   9.260 -0.5581E+00 -0.5588E+00  0.2807E+03
   9.270 -0.6947E+00 -0.6953E+00  0.2807E+03
   9.280 -0.8147E+00 -0.8152E+00  0.2807E+03
   9.290 -0.9187E+00 -0.9192E+00  0.2806E+03
   9.300 -0.1007E+01 -0.1008E+01  0.2806E+03
   9.310 -0.1082E+01 -0.1082E+01  0.2806E+03
   9.320 -0.1142E+01 -0.1142E+01  0.2806E+03
   9.330 -0.1189E+01 -0.1189E+01  0.2805E+03
   9.340 -0.1224E+01 -0.1224E+01  0.2805E+03
   9.350 -0.1247E+01 -0.1247E+01  0.2805E+03
   9.360 -0.1260E+01 -0.1260E+01  0.2805E+03
   9.370 -0.1263E+01 -0.1263E+01  0.2804E+03
   9.380 -0.1258E+01 -0.1258E+01  0.2804E+03
   9.390 -0.1244E+01 -0.1244E+01  0.2804E+03
   9.400 -0.1224E+01 -0.1224E+01  0.2804E+03
   9.410 -0.1197E+01 -0.1197E+01  0.2803E+03
   9.420 -0.1166E+01 -0.1165E+01  0.2803E+03
   9.430 -0.1129E+01 -0.1129E+01  0.2803E+03
   9.440 -0.1089E+01 -0.1089E+01  0.2803E+03
   9.450 -0.1045E+01 -0.1045E+01  0.2803E+03
   9.460 -0.9996E+00 -0.9994E+00  0.2802E+03
   9.470 -0.9519E+00 -0.9517E+00  0.2802E+03
   9.480 -0.9031E+00 -0.9029E+00  0.2802E+03
   9.490 -0.8536E+00 -0.8534E+00  0.2802E+03
   9.500 -0.8038E+00 -0.8036E+00  0.2802E+03
   9.510 -0.7543E+00 -0.7541E+00  0.2802E+03
   9.520 -0.7054E+00 -0.7052E+00  0.2801E+03
   9.530 -0.6574E+00 -0.6572E+00  0.2801E+03
   9.540 -0.6107E+00 -0.6105E+00  0.2801E+03
   9.550 -0.5654E+00 -0.5652E+00  0.2801E+03
   9.560 -0.5218E+00 -0.5216E+00  0.2801E+03
   9.570 -0.4800E+00 -0.4799E+00  0.2801E+03
   9.580 -0.4402E+00 -0.4401E+00  0.2801E+03
   9.590 -0.4025E+00 -0.4023E+00  0.2801E+03
   9.600 -0.3668E+00 -0.3667E+00  0.2801E+03
   9.610 -0.3333E+00 -0.3332E+00  0.2801E+03
   9.620 -0.3020E+00 -0.3019E+00  0.2800E+03
   9.630 -0.2728E+00 -0.2727E+00  0.2800E+03
   9.640 -0.2457E+00 -0.2456E+00  0.2800E+03
   9.650 -0.2206E+00 -0.2205E+00  0.2800E+03
   9.660 -0.1975E+00 -0.1974E+00  0.2800E+03
   9.670 -0.1763E+00 -0.1762E+00  0.2800E+03
   9.680 -0.1570E+00 -0.1569E+00  0.2800E+03
   9.690 -0.1393E+00 -0.1393E+00  0.2800E+03
   9.700 -0.1233E+00 -0.1232E+00  0.2800E+03
   9.710 -0.1088E+00 -0.1088E+00  0.2800E+03
   9.720 -0.9578E-01 -0.9572E-01  0.2800E+03
   9.730 -0.8405E-01 -0.8401E-01  0.2800E+03
   9.740 -0.7356E-01 -0.7351E-01  0.2800E+03
   9.750 -0.6419E-01 -0.6415E-01  0.2800E+03
   9.760 -0.5586E-01 -0.5583E-01  0.2800E+03
   9.770 -0.4847E-01 -0.4844E-01  0.2800E+03
   9.780 -0.4195E-01 -0.4192E-01  0.2800E+03
   9.790 -0.3620E-01 -0.3618E-01  0.2800E+03
   9.800 -0.3115E-01 -0.3113E-01  0.2800E+03
   9.810 -0.2674E-01 -0.2672E-01  0.2800E+03
   9.820 -0.2288E-01 -0.2287E-01  0.2800E+03
   9.830 -0.1953E-01 -0.1952E-01  0.2800E+03
   9.840 -0.1662E-01 -0.1661E-01  0.2800E+03
   9.850 -0.1411E-01 -0.1410E-01  0.2800E+03
   9.860 -0.1194E-01 -0.1194E-01  0.2800E+03
   9.870 -0.1008E-01 -0.1008E-01  0.2800E+03
   9.880 -0.8488E-02 -0.8482E-02  0.2800E+03
   9.890 -0.7127E-02 -0.7121E-02  0.2800E+03
   9.900 -0.5967E-02 -0.5962E-02  0.2800E+03
   9.910 -0.4983E-02 -0.4978E-02  0.2800E+03
   9.920 -0.4149E-02 -0.4146E-02  0.2800E+03
   9.930 -0.3446E-02 -0.3443E-02  0.2800E+03
   9.940 -0.2854E-02 -0.2851E-02  0.2800E+03
   9.950 -0.2357E-02 -0.2355E-02  0.2800E+03
   9.960 -0.1942E-02 -0.1940E-02  0.2800E+03
   9.970 -0.1595E-02 -0.1594E-02  0.2800E+03
   9.980 -0.1307E-02 -0.1306E-02  0.2800E+03
   9.990 -0.1068E-02 -0.1067E-02  0.2800E+03
  10.000 -0.8702E-03 -0.8694E-03  0.2800E+03
  10.010 -0.7072E-03 -0.7065E-03  0.2800E+03
  10.020 -0.5732E-03 -0.5726E-03  0.2800E+03
  10.030 -0.4633E-03 -0.4628E-03  0.2800E+03
  10.040 -0.3735E-03 -0.3731E-03  0.2800E+03
  10.050 -0.3003E-03 -0.3000E-03  0.2800E+03
  10.060 -0.2407E-03 -0.2405E-03  0.2800E+03
  10.070 -0.1925E-03 -0.1923E-03  0.2800E+03
  10.080 -0.1535E-03 -0.1534E-03  0.2800E+03
  10.090 -0.1221E-03 -0.1220E-03  0.2800E+03
  10.100 -0.9686E-04 -0.9676E-04  0.2800E+03
  10.110 -0.7663E-04 -0.7655E-04  0.2800E+03
  10.120 -0.6046E-04 -0.6039E-04  0.2800E+03
  10.130 -0.4757E-04 -0.4752E-04  0.2800E+03
  10.140 -0.3733E-04 -0.3729E-04  0.2800E+03
  10.150 -0.2922E-04 -0.2919E-04  0.2800E+03
  10.160 -0.2281E-04 -0.2278E-04  0.2800E+03
  10.170 -0.1775E-04 -0.1773E-04  0.2800E+03
  10.180 -0.1378E-04 -0.1377E-04  0.2800E+03
  10.190 -0.1067E-04 -0.1066E-04  0.2800E+03
  10.200 -0.8243E-05 -0.8233E-05  0.2800E+03
  10.210 -0.6348E-05 -0.6341E-05  0.2800E+03
  10.220 -0.4876E-05 -0.4871E-05  0.2800E+03
  10.230 -0.3736E-05 -0.3731E-05  0.2800E+03
  10.240 -0.2854E-05 -0.2851E-05  0.2800E+03
  10.250 -0.2175E-05 -0.2172E-05  0.2800E+03
  10.260 -0.1653E-05 -0.1651E-05  0.2800E+03
  10.270 -0.1253E-05 -0.1251E-05  0.2800E+03
  10.280 -0.9470E-06 -0.9458E-06  0.2800E+03
  10.290 -0.7139E-06 -0.7130E-06  0.2800E+03
  10.300 -0.5368E-06 -0.5361E-06  0.2800E+03
  10.310 -0.4025E-06 -0.4020E-06  0.2800E+03
  10.320 -0.3010E-06 -0.3007E-06  0.2800E+03
  10.330 -0.2245E-06 -0.2243E-06  0.2800E+03
  10.340 -0.1670E-06 -0.1668E-06  0.2800E+03
  10.350 -0.1239E-06 -0.1238E-06  0.2800E+03
  10.360 -0.9171E-07 -0.9158E-07  0.2800E+03
  10.370 -0.6768E-07 -0.6758E-07  0.2800E+03
  10.380 -0.4981E-07 -0.4974E-07  0.2800E+03
  10.390 -0.3656E-07 -0.3651E-07  0.2800E+03
  10.400 -0.2677E-07 -0.2673E-07  0.2800E+03
  10.410 -0.1955E-07 -0.1952E-07  0.2800E+03
  10.420 -0.1423E-07 -0.1421E-07  0.2800E+03
  10.430 -0.1034E-07 -0.1032E-07  0.2800E+03
  10.440 -0.7488E-08 -0.7477E-08  0.2800E+03
  10.450 -0.5409E-08 -0.5401E-08  0.2800E+03
  10.460 -0.3897E-08 -0.3891E-08  0.2800E+03
  10.470 -0.2800E-08 -0.2796E-08  0.2800E+03
  10.480 -0.2007E-08 -0.2004E-08  0.2800E+03
  10.490 -0.1434E-08 -0.1432E-08  0.2800E+03
  10.500 -0.1023E-08 -0.1021E-08  0.2800E+03
  10.510 -0.7270E-09 -0.7259E-09  0.2800E+03
  10.520 -0.5155E-09 -0.5147E-09  0.2800E+03
  10.530 -0.3645E-09 -0.3640E-09  0.2800E+03
  10.540 -0.2571E-09 -0.2567E-09  0.2800E+03
  10.550 -0.1809E-09 -0.1806E-09  0.2800E+03
  10.560 -0.1269E-09 -0.1267E-09  0.2800E+03
  10.570 -0.8878E-10 -0.8863E-10  0.2800E+03
  10.580 -0.6195E-10 -0.6185E-10  0.2800E+03
  10.590 -0.4312E-10 -0.4304E-10  0.2800E+03
  10.600 -0.2993E-10 -0.2988E-10  0.2800E+03
  10.610 -0.2072E-10 -0.2068E-10  0.2800E+03
  10.620 -0.1430E-10 -0.1428E-10  0.2800E+03
  10.630 -0.9849E-11 -0.9833E-11  0.2800E+03
  10.640 -0.6764E-11 -0.6753E-11  0.2800E+03
  10.650 -0.4633E-11 -0.4625E-11  0.2800E+03
  10.660 -0.3165E-11 -0.3159E-11  0.2800E+03
  10.670 -0.2156E-11 -0.2152E-11  0.2800E+03
  10.680 -0.1465E-11 -0.1462E-11  0.2800E+03
  10.690 -0.9928E-12 -0.9911E-12  0.2800E+03
  10.700 -0.6710E-12 -0.6698E-12  0.2800E+03
  10.710 -0.4523E-12 -0.4515E-12  0.2800E+03
  10.720 -0.3041E-12 -0.3035E-12  0.2800E+03
  10.730 -0.2039E-12 -0.2035E-12  0.2800E+03
  10.740 -0.1363E-12 -0.1361E-12  0.2800E+03
  10.750 -0.9092E-13 -0.9075E-13  0.2800E+03
  10.760 -0.6048E-13 -0.6036E-13  0.2800E+03
  10.770 -0.4012E-13 -0.4004E-13  0.2800E+03
  10.780 -0.2654E-13 -0.2649E-13  0.2800E+03
  10.790 -0.1751E-13 -0.1748E-13  0.2800E+03
  10.800 -0.1153E-13 -0.1150E-13  0.2800E+03
  10.810 -0.7564E-14 -0.7550E-14  0.2800E+03
  10.820 -0.4951E-14 -0.4942E-14  0.2800E+03
  10.830 -0.3232E-14 -0.3226E-14  0.2800E+03
  10.840 -0.2105E-14 -0.2101E-14  0.2800E+03
  10.850 -0.1367E-14 -0.1364E-14  0.2800E+03
  10.860 -0.8851E-15 -0.8834E-15  0.2800E+03
  10.870 -0.5717E-15 -0.5706E-15  0.2800E+03
  10.880 -0.3683E-15 -0.3675E-15  0.2800E+03
  10.890 -0.2366E-15 -0.2361E-15  0.2800E+03
  10.900 -0.1516E-15 -0.1513E-15  0.2800E+03
  10.910 -0.9688E-16 -0.9669E-16  0.2800E+03
  10.920 -0.6175E-16 -0.6162E-16  0.2800E+03
  10.930 -0.3925E-16 -0.3917E-16  0.2800E+03
  10.940 -0.2488E-16 -0.2483E-16  0.2800E+03
  10.950 -0.1573E-16 -0.1570E-16  0.2800E+03
  10.960 -0.9920E-17 -0.9899E-17  0.2800E+03
  10.970 -0.6239E-17 -0.6226E-17  0.2800E+03
  10.980 -0.3913E-17 -0.3905E-17  0.2800E+03
  10.990 -0.2448E-17 -0.2442E-17  0.2800E+03
  11.000 -0.1527E-17 -0.1524E-17  0.2800E+03
  11.010 -0.9501E-18 -0.9481E-18  0.2800E+03
  11.020 -0.5896E-18 -0.5883E-18  0.2800E+03
  11.030 -0.3649E-18 -0.3641E-18  0.2800E+03
  11.040 -0.2252E-18 -0.2247E-18  0.2800E+03
  11.050 -0.1386E-18 -0.1383E-18  0.2800E+03
  11.060 -0.8512E-19 -0.8493E-19  0.2800E+03
  11.070 -0.5212E-19 -0.5200E-19  0.2800E+03
  11.080 -0.3183E-19 -0.3176E-19  0.2800E+03
  11.090 -0.1938E-19 -0.1934E-19  0.2800E+03
  11.100 -0.1177E-19 -0.1175E-19  0.2800E+03
  11.110 -0.7132E-20 -0.7116E-20  0.2800E+03
  11.120 -0.4309E-20 -0.4299E-20  0.2800E+03
  11.130 -0.2596E-20 -0.2590E-20  0.2800E+03
  11.140 -0.1560E-20 -0.1557E-20  0.2800E+03
  11.150 -0.9352E-21 -0.9330E-21  0.2800E+03
  11.160 -0.5590E-21 -0.5577E-21  0.2800E+03
  11.170 -0.3332E-21 -0.3324E-21  0.2800E+03
  11.180 -0.1981E-21 -0.1976E-21  0.2800E+03
  11.190 -0.1174E-21 -0.1171E-21  0.2800E+03
  11.200 -0.6939E-22 -0.6923E-22  0.2800E+03
  11.210 -0.4084E-22 -0.4074E-22  0.2800E+03
  11.220 -0.2386E-22 -0.2380E-22  0.2800E+03
  11.230 -0.1372E-22 -0.1369E-22  0.2800E+03
  11.240 -0.7543E-23 -0.7525E-23  0.2800E+03
  11.250 -0.3560E-23 -0.3553E-23  0.2800E+03
  11.260 -0.6156E-24 -0.6170E-24  0.2800E+03
  11.270  0.2158E-23  0.2148E-23  0.2800E+03
  11.280  0.5583E-23  0.5561E-23  0.2800E+03
  11.290  0.1067E-22  0.1063E-22  0.2800E+03
  11.300  0.1890E-22  0.1883E-22  0.2800E+03
  11.310  0.3266E-22  0.3254E-22  0.2800E+03
  11.320  0.5588E-22  0.5567E-22  0.2800E+03
  11.330  0.9511E-22  0.9476E-22  0.2800E+03
  11.340  0.1613E-21  0.1607E-21  0.2800E+03
  11.350  0.2728E-21  0.2718E-21  0.2800E+03
  11.360  0.4601E-21  0.4585E-21  0.2800E+03
  11.370  0.7740E-21  0.7712E-21  0.2800E+03
  11.380  0.1298E-20  0.1294E-20  0.2800E+03
  11.390  0.2172E-20  0.2164E-20  0.2800E+03
  11.400  0.3624E-20  0.3612E-20  0.2800E+03
  11.410  0.6032E-20  0.6010E-20  0.2800E+03
  11.420  0.1001E-19  0.9975E-20  0.2800E+03
  11.430  0.1657E-19  0.1651E-19  0.2800E+03
  11.440  0.2736E-19  0.2726E-19  0.2800E+03
  11.450  0.4504E-19  0.4489E-19  0.2800E+03
  11.460  0.7397E-19  0.7371E-19  0.2800E+03
  11.470  0.1211E-18  0.1207E-18  0.2800E+03
  11.480  0.1979E-18  0.1972E-18  0.2800E+03
  11.490  0.3224E-18  0.3213E-18  0.2800E+03
  11.500  0.5238E-18  0.5220E-18  0.2800E+03
  11.510  0.8488E-18  0.8459E-18  0.2800E+03
  11.520  0.1372E-17  0.1367E-17  0.2800E+03
  11.530  0.2211E-17  0.2204E-17  0.2800E+03
  11.540  0.3554E-17  0.3543E-17  0.2800E+03
  11.550  0.5699E-17  0.5680E-17  0.2800E+03
  11.560  0.9113E-17  0.9083E-17  0.2800E+03
  11.570  0.1453E-16  0.1449E-16  0.2800E+03
  11.580  0.2312E-16  0.2304E-16  0.2800E+03
  11.590  0.3667E-16  0.3655E-16  0.2800E+03
  11.600  0.5802E-16  0.5783E-16  0.2800E+03
  11.610  0.9155E-16  0.9126E-16  0.2800E+03
  11.620  0.1441E-15  0.1436E-15  0.2800E+03
  11.630  0.2262E-15  0.2254E-15  0.2800E+03
  11.640  0.3540E-15  0.3529E-15  0.2800E+03
  11.650  0.5528E-15  0.5510E-15  0.2800E+03
  11.660  0.8607E-15  0.8581E-15  0.2800E+03
  11.670  0.1337E-14  0.1333E-14  0.2800E+03
  11.680  0.2071E-14  0.2064E-14  0.2800E+03
  11.690  0.3199E-14  0.3189E-14  0.2800E+03
  11.700  0.4928E-14  0.4913E-14  0.2800E+03
  11.710  0.7573E-14  0.7550E-14  0.2800E+03
  11.720  0.1161E-13  0.1157E-13  0.2800E+03
  11.730  0.1774E-13  0.1769E-13  0.2800E+03
  11.740  0.2705E-13  0.2697E-13  0.2800E+03
  11.750  0.4112E-13  0.4100E-13  0.2800E+03
  11.760  0.6236E-13  0.6218E-13  0.2800E+03
  11.770  0.9431E-13  0.9404E-13  0.2800E+03
  11.780  0.1423E-12  0.1419E-12  0.2800E+03
  11.790  0.2140E-12  0.2134E-12  0.2800E+03
  11.800  0.3211E-12  0.3202E-12  0.2800E+03
  11.810  0.4806E-12  0.4792E-12  0.2800E+03
  11.820  0.7173E-12  0.7153E-12  0.2800E+03
  11.830  0.1068E-11  0.1065E-11  0.2800E+03
  11.840  0.1585E-11  0.1581E-11  0.2800E+03
  11.850  0.2347E-11  0.2341E-11  0.2800E+03
  11.860  0.3467E-11  0.3457E-11  0.2800E+03
  11.870  0.5106E-11  0.5092E-11  0.2800E+03
  11.880  0.7501E-11  0.7481E-11  0.2800E+03
  11.890  0.1099E-10  0.1096E-10  0.2800E+03
  11.900  0.1606E-10  0.1602E-10  0.2800E+03
  11.910  0.2341E-10  0.2335E-10  0.2800E+03
  11.920  0.3403E-10  0.3394E-10  0.2800E+03
  11.930  0.4933E-10  0.4920E-10  0.2800E+03
  11.940  0.7133E-10  0.7115E-10  0.2800E+03
  11.950  0.1029E-09  0.1026E-09  0.2800E+03
  11.960  0.1480E-09  0.1476E-09  0.2800E+03
  11.970  0.2123E-09  0.2117E-09  0.2800E+03
  11.980  0.3037E-09  0.3030E-09  0.2800E+03
  11.990  0.4334E-09  0.4323E-09  0.2800E+03
  12.000  0.6169E-09  0.6153E-09  0.2800E+03
  12.010  0.8757E-09  0.8735E-09  0.2800E+03
  12.020  0.1240E-08  0.1237E-08  0.2800E+03
  12.030  0.1751E-08  0.1746E-08  0.2800E+03
  12.040  0.2466E-08  0.2460E-08  0.2800E+03
  12.050  0.3463E-08  0.3455E-08  0.2800E+03
  12.060  0.4852E-08  0.4841E-08  0.2800E+03
  12.070  0.6780E-08  0.6764E-08  0.2800E+03
  12.080  0.9449E-08  0.9427E-08  0.2800E+03
  12.090  0.1313E-07  0.1310E-07  0.2800E+03
  12.100  0.1821E-07  0.1817E-07  0.2800E+03
  12.110  0.2518E-07  0.2512E-07  0.2800E+03
  12.120  0.3472E-07  0.3464E-07  0.2800E+03
  12.130  0.4775E-07  0.4765E-07  0.2800E+03
  12.140  0.6551E-07  0.6537E-07  0.2800E+03
  12.150  0.8964E-07  0.8944E-07  0.2800E+03
  12.160  0.1223E-06  0.1221E-06  0.2800E+03
  12.170  0.1665E-06  0.1661E-06  0.2800E+03
  12.180  0.2260E-06  0.2256E-06  0.2800E+03
  12.190  0.3061E-06  0.3054E-06  0.2800E+03
  12.200  0.4133E-06  0.4124E-06  0.2800E+03
  12.210  0.5567E-06  0.5556E-06  0.2800E+03
  12.220  0.7479E-06  0.7464E-06  0.2800E+03
  12.230  0.1002E-05  0.1000E-05  0.2800E+03
  12.240  0.1339E-05  0.1337E-05  0.2800E+03
  12.250  0.1785E-05  0.1782E-05  0.2800E+03
  12.260  0.2373E-05  0.2369E-05  0.2800E+03
  12.270  0.3147E-05  0.3141E-05  0.2800E+03
  12.280  0.4162E-05  0.4154E-05  0.2800E+03
  12.290  0.5490E-05  0.5480E-05  0.2800E+03
  12.300  0.7223E-05  0.7209E-05  0.2800E+03
  12.310  0.9479E-05  0.9461E-05  0.2800E+03
  12.320  0.1241E-04  0.1238E-04  0.2800E+03
  12.330  0.1620E-04  0.1617E-04  0.2800E+03
  12.340  0.2109E-04  0.2105E-04  0.2800E+03
  12.350  0.2739E-04  0.2734E-04  0.2800E+03
  12.360  0.3547E-04  0.3541E-04  0.2800E+03
  12.370  0.4583E-04  0.4575E-04  0.2800E+03
  12.380  0.5906E-04  0.5895E-04  0.2800E+03
  12.390  0.7590E-04  0.7577E-04  0.2800E+03
  12.400  0.9731E-04  0.9714E-04  0.2800E+03
  12.410  0.1244E-03  0.1242E-03  0.2800E+03
  12.420  0.1587E-03  0.1584E-03  0.2800E+03
  12.430  0.2018E-03  0.2015E-03  0.2800E+03
  12.440  0.2561E-03  0.2557E-03  0.2800E+03
  12.450  0.3241E-03  0.3235E-03  0.2800E+03
  12.460  0.4091E-03  0.4084E-03  0.2800E+03
  12.470  0.5150E-03  0.5142E-03  0.2800E+03
  12.480  0.6467E-03  0.6457E-03  0.2800E+03
  12.490  0.8100E-03  0.8087E-03  0.2800E+03
  12.500  0.1012E-02  0.1010E-02  0.2800E+03
  12.510  0.1261E-02  0.1259E-02  0.2800E+03
  12.520  0.1567E-02  0.1565E-02  0.2800E+03
  12.530  0.1943E-02  0.1940E-02  0.2800E+03
  12.540  0.2403E-02  0.2399E-02  0.2800E+03
  12.550  0.2963E-02  0.2959E-02  0.2800E+03
  12.560  0.3646E-02  0.3640E-02  0.2800E+03
  12.570  0.4473E-02  0.4467E-02  0.2800E+03
  12.580  0.5475E-02  0.5468E-02  0.2800E+03
  12.590  0.6684E-02  0.6675E-02  0.2800E+03
  12.600  0.8140E-02  0.8129E-02  0.2800E+03
  12.610  0.9887E-02  0.9874E-02  0.2800E+03
  12.620  0.1198E-01  0.1196E-01  0.2800E+03
  12.630  0.1448E-01  0.1446E-01  0.2800E+03
  12.640  0.1745E-01  0.1743E-01  0.2800E+03
  12.650  0.2098E-01  0.2095E-01  0.2800E+03
  12.660  0.2516E-01  0.2513E-01  0.2800E+03
  12.670  0.3010E-01  0.3006E-01  0.2800E+03
  12.680  0.3592E-01  0.3587E-01  0.2800E+03
  12.690  0.4275E-01  0.4270E-01  0.2800E+03
  12.700  0.5076E-01  0.5070E-01  0.2800E+03
  12.710  0.6011E-01  0.6004E-01  0.2800E+03
  12.720  0.7101E-01  0.7093E-01  0.2800E+03
  12.730  0.8367E-01  0.8358E-01  0.2800E+03
  12.740  0.9834E-01  0.9823E-01  0.2800E+03
  12.750  0.1153E+00  0.1152E+00  0.2800E+03
  12.760  0.1348E+00  0.1347E+00  0.2800E+03
  12.770  0.1573E+00  0.1571E+00  0.2800E+03
  12.780  0.1830E+00  0.1829E+00  0.2800E+03
  12.790  0.2125E+00  0.2123E+00  0.2800E+03
  12.800  0.2460E+00  0.2458E+00  0.2800E+03
  12.810  0.2841E+00  0.2839E+00  0.2800E+03
  12.820  0.3274E+00  0.3270E+00  0.2800E+03
  12.830  0.3762E+00  0.3759E+00  0.2801E+03
  12.840  0.4313E+00  0.4309E+00  0.2801E+03
  12.850  0.4932E+00  0.4928E+00  0.2801E+03
  12.860  0.5626E+00  0.5621E+00  0.2801E+03
  12.870  0.6403E+00  0.6397E+00  0.2801E+03
  12.880  0.7268E+00  0.7261E+00  0.2801E+03
  12.890  0.8229E+00  0.8222E+00  0.2801E+03
  12.900  0.9295E+00  0.9288E+00  0.2801E+03
  12.910  0.1047E+01  0.1047E+01  0.2802E+03
  12.920  0.1177E+01  0.1176E+01  0.2802E+03
  12.930  0.1320E+01  0.1319E+01  0.2802E+03
  12.940  0.1476E+01  0.1475E+01  0.2802E+03
  12.950  0.1647E+01  0.1646E+01  0.2803E+03
  12.960  0.1834E+01  0.1832E+01  0.2803E+03
  12.970  0.2036E+01  0.2035E+01  0.2804E+03
  12.980  0.2255E+01  0.2254E+01  0.2804E+03
  12.990  0.2492E+01  0.2490E+01  0.2805E+03
  13.000  0.2747E+01  0.2745E+01  0.2805E+03
  13.010  0.3020E+01  0.3018E+01  0.2806E+03
  13.020  0.3313E+01  0.3311E+01  0.2806E+03
  13.030  0.3626E+01  0.3623E+01  0.2807E+03
  13.040  0.3958E+01  0.3956E+01  0.2808E+03
  13.050  0.4310E+01  0.4308E+01  0.2809E+03
  13.060  0.4683E+01  0.4680E+01  0.2810E+03
  13.070  0.5075E+01  0.5073E+01  0.2811E+03
  13.080  0.5488E+01  0.5485E+01  0.2812E+03
  13.090  0.5919E+01  0.5916E+01  0.2813E+03
  13.100  0.6369E+01  0.6366E+01  0.2814E+03
  13.110  0.6837E+01  0.6834E+01  0.2816E+03
  13.120  0.7322E+01  0.7319E+01  0.2817E+03
  13.130  0.7823E+01  0.7820E+01  0.2819E+03
  13.140  0.8338E+01  0.8335E+01  0.2820E+03
  13.150  0.8867E+01  0.8863E+01  0.2822E+03
  13.160  0.9406E+01  0.9402E+01  0.2824E+03
  13.170  0.9955E+01  0.9951E+01  0.2826E+03
  13.180  0.1051E+02  0.1051E+02  0.2828E+03
  13.190  0.1107E+02  0.1107E+02  0.2830E+03
  13.200  0.1164E+02  0.1163E+02  0.2833E+03
  13.210  0.1220E+02  0.1220E+02  0.2835E+03
  13.220  0.1276E+02  0.1276E+02  0.2838E+03
  13.230  0.1332E+02  0.1331E+02  0.2840E+03
  13.240  0.1387E+02  0.1386E+02  0.2843E+03
  13.250  0.1440E+02  0.1440E+02  0.2846E+03
  13.260  0.1493E+02  0.1492E+02  0.2849E+03
  13.270  0.1544E+02  0.1543E+02  0.2852E+03
  13.280  0.1593E+02  0.1592E+02  0.2855E+03
  13.290  0.1639E+02  0.1639E+02  0.2858E+03
  13.300  0.1684E+02  0.1683E+02  0.2862E+03
  13.310  0.1725E+02  0.1725E+02  0.2865E+03
  13.320  0.1764E+02  0.1764E+02  0.2869E+03
  13.330  0.1800E+02  0.1799E+02  0.2872E+03
  13.340  0.1832E+02  0.1832E+02  0.2876E+03
  13.350  0.1861E+02  0.1860E+02  0.2880E+03
  13.360  0.1886E+02  0.1886E+02  0.2883E+03
  13.370  0.1907E+02  0.1907E+02  0.2887E+03
  13.380  0.1925E+02  0.1924E+02  0.2891E+03
  13.390  0.1938E+02  0.1938E+02  0.2895E+03
  13.400  0.1948E+02  0.1948E+02  0.2899E+03
  13.410  0.1953E+02  0.1953E+02  0.2903E+03
  13.420  0.1955E+02  0.1955E+02  0.2907E+03
  13.430  0.1952E+02  0.1952E+02  0.2911E+03
  13.440  0.1946E+02  0.1946E+02  0.2915E+03
  13.450  0.1936E+02  0.1936E+02  0.2918E+03
  13.460  0.1923E+02  0.1923E+02  0.2922E+03
  13.470  0.1905E+02  0.1906E+02  0.2926E+03
  13.480  0.1885E+02  0.1885E+02  0.2930E+03
  13.490  0.1862E+02  0.1862E+02  0.2934E+03
  13.500  0.1835E+02  0.1836E+02  0.2937E+03
  13.510  0.1806E+02  0.1807E+02  0.2941E+03
  13.520  0.1775E+02  0.1775E+02  0.2944E+03
  13.530  0.1741E+02  0.1742E+02  0.2948E+03
  13.540  0.1706E+02  0.1706E+02  0.2951E+03
  13.550  0.1669E+02  0.1669E+02  0.2955E+03
  13.560  0.1630E+02  0.1631E+02  0.2958E+03
  13.570  0.1591E+02  0.1591E+02  0.2961E+03
  13.580  0.1550E+02  0.1551E+02  0.2964E+03
  13.590  0.1509E+02  0.1510E+02  0.2967E+03
  13.600  0.1468E+02  0.1468E+02  0.2970E+03
  13.610  0.1426E+02  0.1427E+02  0.2973E+03
  13.620  0.1385E+02  0.1385E+02  0.2976E+03
  13.630  0.1344E+02  0.1344E+02  0.2978E+03
  13.640  0.1304E+02  0.1304E+02  0.2981E+03
  13.650  0.1264E+02  0.1264E+02  0.2984E+03
  13.660  0.1225E+02  0.1225E+02  0.2986E+03
  13.670  0.1187E+02  0.1187E+02  0.2988E+03
  13.680  0.1150E+02  0.1150E+02  0.2991E+03
  13.690  0.1114E+02  0.1114E+02  0.2993E+03
  13.700  0.1080E+02  0.1080E+02  0.2995E+03
  13.710  0.1046E+02  0.1047E+02  0.2997E+03
  13.720  0.1015E+02  0.1015E+02  0.2999E+03
  13.730  0.9844E+01  0.9846E+01  0.3001E+03
  13.740  0.9555E+01  0.9557E+01  0.3003E+03
  13.750  0.9280E+01  0.9282E+01  0.3005E+03
  13.760  0.9019E+01  0.9021E+01  0.3007E+03
  13.770  0.8771E+01  0.8773E+01  0.3009E+03
  13.780  0.8537E+01  0.8538E+01  0.3010E+03
  13.790  0.8315E+01  0.8316E+01  0.3012E+03
  13.800  0.8105E+01  0.8106E+01  0.3013E+03
  13.810  0.7905E+01  0.7907E+01  0.3015E+03
  13.820  0.7717E+01  0.7718E+01  0.3017E+03
  13.830  0.7537E+01  0.7539E+01  0.3018E+03
  13.840  0.7367E+01  0.7368E+01  0.3020E+03
  13.850  0.7203E+01  0.7205E+01  0.3021E+03
  13.860  0.7047E+01  0.7048E+01  0.3022E+03
  13.870  0.6897E+01  0.6898E+01  0.3024E+03
  13.880  0.6751E+01  0.6752E+01  0.3025E+03
  13.890  0.6610E+01  0.6611E+01  0.3027E+03
  13.900  0.6473E+01  0.6474E+01  0.3028E+03
  13.910  0.6338E+01  0.6339E+01  0.3029E+03
  13.920  0.6205E+01  0.6206E+01  0.3030E+03
  13.930  0.6073E+01  0.6074E+01  0.3032E+03
  13.940  0.5942E+01  0.5943E+01  0.3033E+03
  13.950  0.5812E+01  0.5813E+01  0.3034E+03
  13.960  0.5682E+01  0.5683E+01  0.3035E+03
  13.970  0.5551E+01  0.5552E+01  0.3036E+03
  13.980  0.5420E+01  0.5421E+01  0.3037E+03
  13.990  0.5288E+01  0.5289E+01  0.3038E+03
  14.000  0.5155E+01  0.5156E+01  0.3039E+03
  14.010  0.5021E+01  0.5022E+01  0.3040E+03
  14.020  0.4887E+01  0.4888E+01  0.3041E+03
  14.030  0.4752E+01  0.4753E+01  0.3042E+03
  14.040  0.4617E+01  0.4618E+01  0.3043E+03
  14.050  0.4482E+01  0.4482E+01  0.3044E+03
  14.060  0.4347E+01  0.4347E+01  0.3045E+03
  14.070  0.4212E+01  0.4213E+01  0.3046E+03
  14.080  0.4079E+01  0.4080E+01  0.3047E+03
  14.090  0.3948E+01  0.3949E+01  0.3047E+03
  14.100  0.3818E+01  0.3819E+01  0.3048E+03
  14.110  0.3692E+01  0.3693E+01  0.3049E+03
  14.120  0.3569E+01  0.3570E+01  0.3050E+03
  14.130  0.3450E+01  0.3451E+01  0.3050E+03
  14.140  0.3335E+01  0.3336E+01  0.3051E+03
  14.150  0.3226E+01  0.3227E+01  0.3052E+03
  14.160  0.3122E+01  0.3123E+01  0.3052E+03
  14.170  0.3025E+01  0.3026E+01  0.3053E+03
  14.180  0.2935E+01  0.2936E+01  0.3053E+03
  14.190  0.2852E+01  0.2853E+01  0.3054E+03
  14.200  0.2777E+01  0.2778E+01  0.3055E+03
  14.210  0.2710E+01  0.2711E+01  0.3055E+03
  14.220  0.2652E+01  0.2653E+01  0.3056E+03
  14.230  0.2603E+01  0.2604E+01  0.3056E+03
  14.240  0.2563E+01  0.2564E+01  0.3057E+03
  14.250  0.2533E+01  0.2534E+01  0.3057E+03
  14.260  0.2512E+01  0.2513E+01  0.3058E+03
  14.270  0.2501E+01  0.2501E+01  0.3058E+03
  14.280  0.2499E+01  0.2499E+01  0.3059E+03
  14.290  0.2507E+01  0.2507E+01  0.3059E+03
  14.300  0.2524E+01  0.2524E+01  0.3060E+03
  14.310  0.2550E+01  0.2550E+01  0.3060E+03
  14.320  0.2585E+01  0.2585E+01  0.3061E+03
  14.330  0.2628E+01  0.2628E+01  0.3061E+03
  14.340  0.2679E+01  0.2679E+01  0.3062E+03
  14.350  0.2738E+01  0.2738E+01  0.3062E+03
  14.360  0.2804E+01  0.2804E+01  0.3063E+03
  14.370  0.2877E+01  0.2877E+01  0.3063E+03
  14.380  0.2955E+01  0.2955E+01  0.3064E+03
  14.390  0.3039E+01  0.3039E+01  0.3065E+03
  14.400  0.3128E+01  0.3128E+01  0.3065E+03
  14.410  0.3221E+01  0.3221E+01  0.3066E+03
  14.420  0.3317E+01  0.3317E+01  0.3067E+03
  14.430  0.3417E+01  0.3417E+01  0.3067E+03
  14.440  0.3519E+01  0.3519E+01  0.3068E+03
  14.450  0.3623E+01  0.3623E+01  0.3069E+03
  14.460  0.3728E+01  0.3728E+01  0.3069E+03
  14.470  0.3834E+01  0.3833E+01  0.3070E+03
  14.480  0.3940E+01  0.3939E+01  0.3071E+03
  14.490  0.4045E+01  0.4045E+01  0.3072E+03
  14.500  0.4151E+01  0.4150E+01  0.3073E+03
  14.510  0.4254E+01  0.4254E+01  0.3073E+03
  14.520  0.4357E+01  0.4357E+01  0.3074E+03
  14.530  0.4458E+01  0.4457E+01  0.3075E+03
  14.540  0.4556E+01  0.4556E+01  0.3076E+03
  14.550  0.4652E+01  0.4652E+01  0.3077E+03
  14.560  0.4746E+01  0.4746E+01  0.3078E+03
  14.570  0.4837E+01  0.4836E+01  0.3079E+03
  14.580  0.4924E+01  0.4924E+01  0.3080E+03
  14.590  0.5009E+01  0.5009E+01  0.3081E+03
  14.600  0.5091E+01  0.5091E+01  0.3082E+03
  14.610  0.5169E+01  0.5169E+01  0.3083E+03
  14.620  0.5244E+01  0.5244E+01  0.3084E+03
  14.630  0.5316E+01  0.5316E+01  0.3085E+03
  14.640  0.5384E+01  0.5384E+01  0.3086E+03
  14.650  0.5450E+01  0.5450E+01  0.3087E+03
  14.660  0.5512E+01  0.5512E+01  0.3088E+03
  14.670  0.5571E+01  0.5570E+01  0.3090E+03
  14.680  0.5626E+01  0.5626E+01  0.3091E+03
  14.690  0.5679E+01  0.5679E+01  0.3092E+03
  14.700  0.5729E+01  0.5729E+01  0.3093E+03
  14.710  0.5776E+01  0.5775E+01  0.3094E+03
  14.720  0.5820E+01  0.5820E+01  0.3095E+03
  14.730  0.5861E+01  0.5861E+01  0.3096E+03
  14.740  0.5900E+01  0.5900E+01  0.3098E+03
  14.750  0.5936E+01  0.5936E+01  0.3099E+03
  14.760  0.5970E+01  0.5970E+01  0.3100E+03
  14.770  0.6002E+01  0.6002E+01  0.3101E+03
  14.780  0.6032E+01  0.6032E+01  0.3102E+03
  14.790  0.6060E+01  0.6060E+01  0.3104E+03
  14.800  0.6086E+01  0.6086E+01  0.3105E+03
  14.810  0.6110E+01  0.6110E+01  0.3106E+03
  14.820  0.6133E+01  0.6133E+01  0.3107E+03
  14.830  0.6154E+01  0.6154E+01  0.3108E+03
  14.840  0.6173E+01  0.6173E+01  0.3110E+03
  14.850  0.6192E+01  0.6192E+01  0.3111E+03
  14.860  0.6209E+01  0.6209E+01  0.3112E+03
  14.870  0.6225E+01  0.6225E+01  0.3113E+03
  14.880  0.6240E+01  0.6240E+01  0.3115E+03
  14.890  0.6255E+01  0.6255E+01  0.3116E+03
  14.900  0.6268E+01  0.6268E+01  0.3117E+03
  14.910  0.6281E+01  0.6281E+01  0.3118E+03
  14.920  0.6293E+01  0.6293E+01  0.3120E+03
  14.930  0.6305E+01  0.6305E+01  0.3121E+03
  14.940  0.6316E+01  0.6316E+01  0.3122E+03
  14.950  0.6327E+01  0.6327E+01  0.3124E+03
  14.960  0.6337E+01  0.6337E+01  0.3125E+03
  14.970  0.6348E+01  0.6348E+01  0.3126E+03
  14.980  0.6358E+01  0.6358E+01  0.3127E+03
  14.990  0.6368E+01  0.6368E+01  0.3129E+03
  15.000  0.6378E+01  0.6378E+01  0.3130E+03
  15.010  0.6387E+01  0.6387E+01  0.3131E+03
  15.020  0.6398E+01  0.6397E+01  0.3132E+03
  15.030  0.6408E+01  0.6408E+01  0.3134E+03
  15.040  0.6418E+01  0.6418E+01  0.3135E+03
  15.050  0.6429E+01  0.6429E+01  0.3136E+03
  15.060  0.6440E+01  0.6440E+01  0.3138E+03
  15.070  0.6452E+01  0.6452E+01  0.3139E+03
  15.080  0.6464E+01  0.6464E+01  0.3140E+03
  15.090  0.6477E+01  0.6477E+01  0.3141E+03
  15.100  0.6491E+01  0.6491E+01  0.3143E+03
  15.110  0.6506E+01  0.6506E+01  0.3144E+03
  15.120  0.6522E+01  0.6522E+01  0.3145E+03
  15.130  0.6539E+01  0.6539E+01  0.3147E+03
  15.140  0.6558E+01  0.6558E+01  0.3148E+03
  15.150  0.6578E+01  0.6578E+01  0.3149E+03
  15.160  0.6600E+01  0.6600E+01  0.3151E+03
  15.170  0.6624E+01  0.6623E+01  0.3152E+03
  15.180  0.6649E+01  0.6649E+01  0.3153E+03
  15.190  0.6676E+01  0.6676E+01  0.3155E+03
  15.200  0.6706E+01  0.6706E+01  0.3156E+03
  15.210  0.6738E+01  0.6738E+01  0.3157E+03
  15.220  0.6772E+01  0.6772E+01  0.3159E+03
  15.230  0.6808E+01  0.6808E+01  0.3160E+03
  15.240  0.6847E+01  0.6847E+01  0.3161E+03
  15.250  0.6889E+01  0.6889E+01  0.3163E+03
  15.260  0.6933E+01  0.6933E+01  0.3164E+03
  15.270  0.6980E+01  0.6980E+01  0.3166E+03
  15.280  0.7029E+01  0.7029E+01  0.3167E+03
  15.290  0.7082E+01  0.7082E+01  0.3168E+03
  15.300  0.7137E+01  0.7137E+01  0.3170E+03
  15.310  0.7195E+01  0.7195E+01  0.3171E+03
  15.320  0.7256E+01  0.7256E+01  0.3173E+03
  15.330  0.7320E+01  0.7320E+01  0.3174E+03
  15.340  0.7387E+01  0.7387E+01  0.3176E+03
  15.350  0.7458E+01  0.7458E+01  0.3177E+03
  15.360  0.7531E+01  0.7532E+01  0.3179E+03
  15.370  0.7608E+01  0.7609E+01  0.3180E+03
  15.380  0.7689E+01  0.7689E+01  0.3182E+03
  15.390  0.7774E+01  0.7774E+01  0.3183E+03
  15.400  0.7862E+01  0.7862E+01  0.3185E+03
  15.410  0.7954E+01  0.7955E+01  0.3186E+03
  15.420  0.8051E+01  0.8052E+01  0.3188E+03
  15.430  0.8153E+01  0.8153E+01  0.3190E+03
  15.440  0.8259E+01  0.8260E+01  0.3191E+03
  15.450  0.8370E+01  0.8371E+01  0.3193E+03
  15.460  0.8486E+01  0.8488E+01  0.3195E+03
  15.470  0.8608E+01  0.8610E+01  0.3196E+03
  15.480  0.8736E+01  0.8738E+01  0.3198E+03
  15.490  0.8870E+01  0.8872E+01  0.3200E+03
  15.500  0.9010E+01  0.9012E+01  0.3202E+03
  15.510  0.9155E+01  0.9158E+01  0.3204E+03
  15.520  0.9308E+01  0.9311E+01  0.3205E+03
  15.530  0.9466E+01  0.9470E+01  0.3207E+03
  15.540  0.9631E+01  0.9635E+01  0.3209E+03
  15.550  0.9802E+01  0.9806E+01  0.3211E+03
  15.560  0.9979E+01  0.9984E+01  0.3213E+03
  15.570  0.1016E+02  0.1017E+02  0.3215E+03
  15.580  0.1035E+02  0.1036E+02  0.3217E+03
  15.590  0.1054E+02  0.1055E+02  0.3219E+03
  15.600  0.1074E+02  0.1075E+02  0.3222E+03
  15.610  0.1094E+02  0.1095E+02  0.3224E+03
  15.620  0.1115E+02  0.1116E+02  0.3226E+03
  15.630  0.1136E+02  0.1137E+02  0.3228E+03
  15.640  0.1157E+02  0.1158E+02  0.3231E+03
  15.650  0.1178E+02  0.1179E+02  0.3233E+03
  15.660  0.1199E+02  0.1200E+02  0.3235E+03
  15.670  0.1220E+02  0.1221E+02  0.3238E+03
  15.680  0.1241E+02  0.1243E+02  0.3240E+03
  15.690  0.1262E+02  0.1264E+02  0.3243E+03
  15.700  0.1283E+02  0.1284E+02  0.3245E+03
  15.710  0.1303E+02  0.1305E+02  0.3248E+03
  15.720  0.1323E+02  0.1324E+02  0.3251E+03
  15.730  0.1342E+02  0.1344E+02  0.3253E+03
  15.740  0.1361E+02  0.1363E+02  0.3256E+03
  15.750  0.1379E+02  0.1381E+02  0.3259E+03
  15.760  0.1397E+02  0.1398E+02  0.3262E+03
  15.770  0.1413E+02  0.1415E+02  0.3264E+03
  15.780  0.1429E+02  0.1431E+02  0.3267E+03
  15.790  0.1444E+02  0.1446E+02  0.3270E+03
  15.800  0.1459E+02  0.1460E+02  0.3273E+03
  15.810  0.1472E+02  0.1474E+02  0.3276E+03
  15.820  0.1485E+02  0.1486E+02  0.3279E+03
  15.830  0.1497E+02  0.1498E+02  0.3282E+03
  15.840  0.1508E+02  0.1509E+02  0.3285E+03
  15.850  0.1519E+02  0.1519E+02  0.3288E+03
  15.860  0.1529E+02  0.1529E+02  0.3291E+03
  15.870  0.1538E+02  0.1538E+02  0.3294E+03
  15.880  0.1546E+02  0.1546E+02  0.3297E+03
  15.890  0.1554E+02  0.1553E+02  0.3300E+03
  15.900  0.1561E+02  0.1560E+02  0.3303E+03
  15.910  0.1568E+02  0.1567E+02  0.3307E+03
  15.920  0.1574E+02  0.1572E+02  0.3310E+03
  15.930  0.1580E+02  0.1578E+02  0.3313E+03
  15.940  0.1586E+02  0.1582E+02  0.3316E+03
  15.950  0.1590E+02  0.1587E+02  0.3319E+03
  15.960  0.1595E+02  0.1591E+02  0.3322E+03
  15.970  0.1599E+02  0.1594E+02  0.3326E+03
  15.980  0.1603E+02  0.1597E+02  0.3329E+03
  15.990  0.1606E+02  0.1600E+02  0.3332E+03
  16.000  0.1609E+02  0.1602E+02  0.3335E+03
