#  E (eV)   dosup(E)     dosdw(E)   Int dos(E) EFermi =   11.782 eV
  -9.000  0.2509E-04  0.2510E-04  0.5018E-06
  -8.990  0.3196E-04  0.3197E-04  0.1141E-05
  -8.980  0.4061E-04  0.4062E-04  0.1953E-05
  -8.970  0.5147E-04  0.5149E-04  0.2983E-05
  -8.960  0.6506E-04  0.6508E-04  0.4285E-05
  -8.950  0.8204E-04  0.8207E-04  0.5926E-05
  -8.940  0.1032E-03  0.1032E-03  0.7989E-05
  -8.930  0.1294E-03  0.1295E-03  0.1058E-04
  -8.920  0.1619E-03  0.1620E-03  0.1382E-04
  -8.910  0.2021E-03  0.2022E-03  0.1786E-04
  -8.900  0.2516E-03  0.2517E-03  0.2289E-04
  -8.890  0.3124E-03  0.3125E-03  0.2914E-04
  -8.880  0.3869E-03  0.3870E-03  0.3688E-04
  -8.870  0.4780E-03  0.4781E-03  0.4644E-04
  -8.860  0.5889E-03  0.5891E-03  0.5822E-04
  -8.850  0.7238E-03  0.7241E-03  0.7270E-04
  -8.840  0.8874E-03  0.8876E-03  0.9045E-04
  -8.830  0.1085E-02  0.1085E-02  0.1122E-03
  -8.820  0.1323E-02  0.1324E-02  0.1386E-03
  -8.810  0.1610E-02  0.1611E-02  0.1708E-03
  -8.800  0.1954E-02  0.1954E-02  0.2099E-03
  -8.790  0.2365E-02  0.2366E-02  0.2572E-03
  -8.780  0.2855E-02  0.2856E-02  0.3143E-03
  -8.770  0.3438E-02  0.3439E-02  0.3831E-03
  -8.760  0.4130E-02  0.4131E-02  0.4657E-03
  -8.750  0.4949E-02  0.4950E-02  0.5647E-03
  -8.740  0.5914E-02  0.5916E-02  0.6830E-03
  -8.730  0.7050E-02  0.7052E-02  0.8240E-03
  -8.720  0.8384E-02  0.8386E-02  0.9917E-03
  -8.710  0.9943E-02  0.9946E-02  0.1191E-02
  -8.700  0.1176E-01  0.1177E-01  0.1426E-02
  -8.690  0.1388E-01  0.1389E-01  0.1704E-02
  -8.680  0.1634E-01  0.1634E-01  0.2030E-02
  -8.670  0.1919E-01  0.1919E-01  0.2414E-02
  -8.660  0.2247E-01  0.2247E-01  0.2864E-02
  -8.650  0.2625E-01  0.2625E-01  0.3389E-02
  -8.640  0.3058E-01  0.3059E-01  0.4000E-02
  -8.630  0.3555E-01  0.3555E-01  0.4711E-02
  -8.620  0.4121E-01  0.4122E-01  0.5536E-02
  -8.610  0.4766E-01  0.4767E-01  0.6489E-02
  -8.600  0.5497E-01  0.5498E-01  0.7588E-02
  -8.590  0.6325E-01  0.6326E-01  0.8854E-02
  -8.580  0.7259E-01  0.7260E-01  0.1031E-01
  -8.570  0.8310E-01  0.8311E-01  0.1197E-01
  -8.560  0.9489E-01  0.9491E-01  0.1387E-01
  -8.550  0.1081E+00  0.1081E+00  0.1603E-01
  -8.540  0.1228E+00  0.1228E+00  0.1848E-01
  -8.530  0.1392E+00  0.1392E+00  0.2127E-01
  -8.520  0.1573E+00  0.1573E+00  0.2441E-01
  -8.510  0.1774E+00  0.1774E+00  0.2796E-01
  -8.500  0.1995E+00  0.1995E+00  0.3195E-01
  -8.490  0.2238E+00  0.2238E+00  0.3643E-01
  -8.480  0.2504E+00  0.2505E+00  0.4144E-01
  -8.470  0.2795E+00  0.2796E+00  0.4703E-01
  -8.460  0.3112E+00  0.3113E+00  0.5325E-01
  -8.450  0.3456E+00  0.3457E+00  0.6016E-01
  -8.440  0.3829E+00  0.3829E+00  0.6782E-01
  -8.430  0.4231E+00  0.4231E+00  0.7628E-01
  -8.420  0.4663E+00  0.4663E+00  0.8561E-01
  -8.410  0.5126E+00  0.5127E+00  0.9586E-01
  -8.400  0.5621E+00  0.5622E+00  0.1071E+00
  -8.390  0.6149E+00  0.6150E+00  0.1194E+00
  -8.380  0.6709E+00  0.6710E+00  0.1328E+00
  -8.370  0.7301E+00  0.7302E+00  0.1474E+00
  -8.360  0.7926E+00  0.7927E+00  0.1633E+00
  -8.350  0.8583E+00  0.8584E+00  0.1804E+00
  -8.340  0.9270E+00  0.9271E+00  0.1990E+00
  -8.330  0.9987E+00  0.9988E+00  0.2190E+00
  -8.320  0.1073E+01  0.1073E+01  0.2404E+00
  -8.310  0.1150E+01  0.1151E+01  0.2634E+00
  -8.300  0.1230E+01  0.1230E+01  0.2880E+00
  -8.290  0.1312E+01  0.1312E+01  0.3143E+00
  -8.280  0.1396E+01  0.1396E+01  0.3422E+00
  -8.270  0.1481E+01  0.1481E+01  0.3718E+00
  -8.260  0.1568E+01  0.1568E+01  0.4032E+00
  -8.250  0.1655E+01  0.1655E+01  0.4363E+00
  -8.240  0.1743E+01  0.1743E+01  0.4712E+00
  -8.230  0.1831E+01  0.1832E+01  0.5078E+00
  -8.220  0.1919E+01  0.1919E+01  0.5462E+00
  -8.210  0.2006E+01  0.2006E+01  0.5863E+00
  -8.200  0.2092E+01  0.2092E+01  0.6281E+00
  -8.190  0.2176E+01  0.2176E+01  0.6717E+00
  -8.180  0.2258E+01  0.2258E+01  0.7168E+00
  -8.170  0.2337E+01  0.2337E+01  0.7636E+00
  -8.160  0.2413E+01  0.2413E+01  0.8118E+00
  -8.150  0.2486E+01  0.2486E+01  0.8615E+00
  -8.140  0.2554E+01  0.2554E+01  0.9126E+00
  -8.130  0.2618E+01  0.2618E+01  0.9650E+00
  -8.120  0.2678E+01  0.2678E+01  0.1019E+01
  -8.110  0.2732E+01  0.2732E+01  0.1073E+01
  -8.100  0.2781E+01  0.2781E+01  0.1129E+01
  -8.090  0.2824E+01  0.2825E+01  0.1185E+01
  -8.080  0.2862E+01  0.2862E+01  0.1243E+01
  -8.070  0.2894E+01  0.2894E+01  0.1300E+01
  -8.060  0.2919E+01  0.2919E+01  0.1359E+01
  -8.050  0.2939E+01  0.2939E+01  0.1418E+01
  -8.040  0.2953E+01  0.2953E+01  0.1477E+01
  -8.030  0.2960E+01  0.2960E+01  0.1536E+01
  -8.020  0.2962E+01  0.2962E+01  0.1595E+01
  -8.010  0.2958E+01  0.2958E+01  0.1654E+01
  -8.000  0.2949E+01  0.2949E+01  0.1713E+01
  -7.990  0.2935E+01  0.2935E+01  0.1772E+01
  -7.980  0.2916E+01  0.2916E+01  0.1830E+01
  -7.970  0.2893E+01  0.2893E+01  0.1888E+01
  -7.960  0.2866E+01  0.2866E+01  0.1945E+01
  -7.950  0.2835E+01  0.2835E+01  0.2002E+01
  -7.940  0.2802E+01  0.2802E+01  0.2058E+01
  -7.930  0.2766E+01  0.2766E+01  0.2114E+01
  -7.920  0.2727E+01  0.2727E+01  0.2168E+01
  -7.910  0.2688E+01  0.2688E+01  0.2222E+01
  -7.900  0.2647E+01  0.2647E+01  0.2275E+01
  -7.890  0.2607E+01  0.2607E+01  0.2327E+01
  -7.880  0.2566E+01  0.2566E+01  0.2378E+01
  -7.870  0.2526E+01  0.2526E+01  0.2429E+01
  -7.860  0.2487E+01  0.2487E+01  0.2478E+01
  -7.850  0.2450E+01  0.2450E+01  0.2527E+01
  -7.840  0.2415E+01  0.2415E+01  0.2576E+01
  -7.830  0.2382E+01  0.2382E+01  0.2623E+01
  -7.820  0.2353E+01  0.2353E+01  0.2670E+01
  -7.810  0.2327E+01  0.2327E+01  0.2717E+01
  -7.800  0.2305E+01  0.2305E+01  0.2763E+01
  -7.790  0.2287E+01  0.2287E+01  0.2809E+01
  -7.780  0.2273E+01  0.2273E+01  0.2854E+01
  -7.770  0.2265E+01  0.2265E+01  0.2900E+01
  -7.760  0.2261E+01  0.2261E+01  0.2945E+01
  -7.750  0.2262E+01  0.2262E+01  0.2990E+01
  -7.740  0.2270E+01  0.2270E+01  0.3035E+01
  -7.730  0.2283E+01  0.2283E+01  0.3081E+01
  -7.720  0.2302E+01  0.2302E+01  0.3127E+01
  -7.710  0.2327E+01  0.2327E+01  0.3174E+01
  -7.700  0.2358E+01  0.2358E+01  0.3221E+01
  -7.690  0.2396E+01  0.2396E+01  0.3269E+01
  -7.680  0.2440E+01  0.2441E+01  0.3318E+01
  -7.670  0.2492E+01  0.2492E+01  0.3367E+01
  -7.660  0.2550E+01  0.2550E+01  0.3418E+01
  -7.650  0.2614E+01  0.2614E+01  0.3471E+01
  -7.640  0.2686E+01  0.2686E+01  0.3524E+01
  -7.630  0.2765E+01  0.2765E+01  0.3580E+01
  -7.620  0.2850E+01  0.2850E+01  0.3637E+01
  -7.610  0.2943E+01  0.2943E+01  0.3696E+01
  -7.600  0.3042E+01  0.3042E+01  0.3756E+01
  -7.590  0.3148E+01  0.3149E+01  0.3819E+01
  -7.580  0.3261E+01  0.3262E+01  0.3885E+01
  -7.570  0.3381E+01  0.3381E+01  0.3952E+01
  -7.560  0.3507E+01  0.3507E+01  0.4022E+01
  -7.550  0.3639E+01  0.3639E+01  0.4095E+01
  -7.540  0.3776E+01  0.3777E+01  0.4171E+01
  -7.530  0.3920E+01  0.3920E+01  0.4249E+01
  -7.520  0.4068E+01  0.4069E+01  0.4330E+01
  -7.510  0.4222E+01  0.4222E+01  0.4415E+01
  -7.500  0.4380E+01  0.4380E+01  0.4502E+01
  -7.490  0.4541E+01  0.4542E+01  0.4593E+01
  -7.480  0.4707E+01  0.4707E+01  0.4687E+01
  -7.470  0.4875E+01  0.4875E+01  0.4785E+01
  -7.460  0.5045E+01  0.5045E+01  0.4886E+01
  -7.450  0.5217E+01  0.5217E+01  0.4990E+01
  -7.440  0.5389E+01  0.5390E+01  0.5098E+01
  -7.430  0.5562E+01  0.5562E+01  0.5209E+01
  -7.420  0.5735E+01  0.5735E+01  0.5324E+01
  -7.410  0.5906E+01  0.5906E+01  0.5442E+01
  -7.400  0.6075E+01  0.6075E+01  0.5564E+01
  -7.390  0.6241E+01  0.6242E+01  0.5688E+01
  -7.380  0.6404E+01  0.6405E+01  0.5816E+01
  -7.370  0.6563E+01  0.6563E+01  0.5948E+01
  -7.360  0.6717E+01  0.6717E+01  0.6082E+01
  -7.350  0.6865E+01  0.6865E+01  0.6219E+01
  -7.340  0.7006E+01  0.7007E+01  0.6359E+01
  -7.330  0.7141E+01  0.7141E+01  0.6502E+01
  -7.320  0.7267E+01  0.7268E+01  0.6648E+01
  -7.310  0.7385E+01  0.7385E+01  0.6795E+01
  -7.300  0.7494E+01  0.7494E+01  0.6945E+01
  -7.290  0.7593E+01  0.7593E+01  0.7097E+01
  -7.280  0.7682E+01  0.7682E+01  0.7251E+01
  -7.270  0.7760E+01  0.7760E+01  0.7406E+01
  -7.260  0.7826E+01  0.7826E+01  0.7562E+01
  -7.250  0.7881E+01  0.7881E+01  0.7720E+01
  -7.240  0.7924E+01  0.7924E+01  0.7879E+01
  -7.230  0.7954E+01  0.7954E+01  0.8038E+01
  -7.220  0.7971E+01  0.7971E+01  0.8197E+01
  -7.210  0.7975E+01  0.7975E+01  0.8357E+01
  -7.200  0.7966E+01  0.7966E+01  0.8516E+01
  -7.190  0.7943E+01  0.7943E+01  0.8675E+01
  -7.180  0.7906E+01  0.7906E+01  0.8833E+01
  -7.170  0.7856E+01  0.7856E+01  0.8990E+01
  -7.160  0.7793E+01  0.7793E+01  0.9146E+01
  -7.150  0.7715E+01  0.7715E+01  0.9300E+01
  -7.140  0.7624E+01  0.7624E+01  0.9453E+01
  -7.130  0.7520E+01  0.7520E+01  0.9603E+01
  -7.120  0.7403E+01  0.7403E+01  0.9751E+01
  -7.110  0.7273E+01  0.7272E+01  0.9897E+01
  -7.100  0.7130E+01  0.7130E+01  0.1004E+02
  -7.090  0.6975E+01  0.6975E+01  0.1018E+02
  -7.080  0.6809E+01  0.6808E+01  0.1031E+02
  -7.070  0.6631E+01  0.6631E+01  0.1045E+02
  -7.060  0.6443E+01  0.6443E+01  0.1058E+02
  -7.050  0.6245E+01  0.6245E+01  0.1070E+02
  -7.040  0.6038E+01  0.6038E+01  0.1082E+02
  -7.030  0.5823E+01  0.5822E+01  0.1094E+02
  -7.020  0.5600E+01  0.5599E+01  0.1105E+02
  -7.010  0.5370E+01  0.5369E+01  0.1116E+02
  -7.000  0.5134E+01  0.5134E+01  0.1126E+02
  -6.990  0.4894E+01  0.4893E+01  0.1136E+02
  -6.980  0.4649E+01  0.4649E+01  0.1145E+02
  -6.970  0.4402E+01  0.4401E+01  0.1154E+02
  -6.960  0.4152E+01  0.4152E+01  0.1162E+02
  -6.950  0.3902E+01  0.3901E+01  0.1170E+02
  -6.940  0.3652E+01  0.3651E+01  0.1177E+02
  -6.930  0.3402E+01  0.3402E+01  0.1184E+02
  -6.920  0.3155E+01  0.3154E+01  0.1190E+02
  -6.910  0.2911E+01  0.2910E+01  0.1196E+02
  -6.900  0.2670E+01  0.2670E+01  0.1202E+02
  -6.890  0.2434E+01  0.2434E+01  0.1206E+02
  -6.880  0.2204E+01  0.2204E+01  0.1211E+02
  -6.870  0.1981E+01  0.1980E+01  0.1215E+02
  -6.860  0.1764E+01  0.1764E+01  0.1218E+02
  -6.850  0.1556E+01  0.1555E+01  0.1221E+02
  -6.840  0.1355E+01  0.1355E+01  0.1224E+02
  -6.830  0.1164E+01  0.1164E+01  0.1227E+02
  -6.820  0.9822E+00  0.9819E+00  0.1228E+02
  -6.810  0.8101E+00  0.8098E+00  0.1230E+02
  -6.800  0.6481E+00  0.6478E+00  0.1231E+02
  -6.790  0.4964E+00  0.4961E+00  0.1232E+02
  -6.780  0.3551E+00  0.3549E+00  0.1233E+02
  -6.770  0.2244E+00  0.2241E+00  0.1234E+02
  -6.760  0.1042E+00  0.1040E+00  0.1234E+02
  -6.750 -0.5584E-02 -0.5773E-02  0.1234E+02
  -6.740 -0.1050E+00 -0.1052E+00  0.1234E+02
  -6.730 -0.1943E+00 -0.1945E+00  0.1233E+02
  -6.720 -0.2737E+00 -0.2739E+00  0.1233E+02
  -6.710 -0.3436E+00 -0.3437E+00  0.1232E+02
  -6.700 -0.4042E+00 -0.4044E+00  0.1231E+02
  -6.690 -0.4561E+00 -0.4562E+00  0.1230E+02
  -6.680 -0.4995E+00 -0.4996E+00  0.1229E+02
  -6.670 -0.5349E+00 -0.5350E+00  0.1228E+02
  -6.660 -0.5629E+00 -0.5629E+00  0.1227E+02
  -6.650 -0.5838E+00 -0.5839E+00  0.1226E+02
  -6.640 -0.5982E+00 -0.5983E+00  0.1225E+02
  -6.630 -0.6066E+00 -0.6067E+00  0.1223E+02
  -6.620 -0.6095E+00 -0.6095E+00  0.1222E+02
  -6.610 -0.6073E+00 -0.6073E+00  0.1221E+02
  -6.600 -0.6005E+00 -0.6005E+00  0.1220E+02
  -6.590 -0.5896E+00 -0.5896E+00  0.1219E+02
  -6.580 -0.5749E+00 -0.5749E+00  0.1217E+02
  -6.570 -0.5569E+00 -0.5569E+00  0.1216E+02
  -6.560 -0.5359E+00 -0.5359E+00  0.1215E+02
  -6.550 -0.5123E+00 -0.5123E+00  0.1214E+02
  -6.540 -0.4863E+00 -0.4863E+00  0.1213E+02
  -6.530 -0.4583E+00 -0.4582E+00  0.1212E+02
  -6.520 -0.4283E+00 -0.4283E+00  0.1212E+02
  -6.510 -0.3967E+00 -0.3966E+00  0.1211E+02
  -6.500 -0.3634E+00 -0.3634E+00  0.1210E+02
  -6.490 -0.3286E+00 -0.3286E+00  0.1209E+02
  -6.480 -0.2924E+00 -0.2923E+00  0.1209E+02
  -6.470 -0.2546E+00 -0.2545E+00  0.1208E+02
  -6.460 -0.2152E+00 -0.2152E+00  0.1208E+02
  -6.450 -0.1742E+00 -0.1741E+00  0.1207E+02
  -6.440 -0.1313E+00 -0.1312E+00  0.1207E+02
  -6.430 -0.8633E-01 -0.8629E-01  0.1207E+02
  -6.420 -0.3906E-01 -0.3903E-01  0.1207E+02
  -6.410  0.1081E-01  0.1084E-01  0.1207E+02
  -6.400  0.6364E-01  0.6366E-01  0.1207E+02
  -6.390  0.1198E+00  0.1198E+00  0.1207E+02
  -6.380  0.1797E+00  0.1797E+00  0.1208E+02
  -6.370  0.2438E+00  0.2439E+00  0.1208E+02
  -6.360  0.3127E+00  0.3127E+00  0.1209E+02
  -6.350  0.3868E+00  0.3868E+00  0.1210E+02
  -6.340  0.4666E+00  0.4666E+00  0.1211E+02
  -6.330  0.5528E+00  0.5528E+00  0.1212E+02
  -6.320  0.6460E+00  0.6460E+00  0.1213E+02
  -6.310  0.7467E+00  0.7466E+00  0.1214E+02
  -6.300  0.8555E+00  0.8555E+00  0.1216E+02
  -6.290  0.9731E+00  0.9731E+00  0.1218E+02
  -6.280  0.1100E+01  0.1100E+01  0.1220E+02
  -6.270  0.1237E+01  0.1237E+01  0.1223E+02
  -6.260  0.1384E+01  0.1384E+01  0.1226E+02
  -6.250  0.1543E+01  0.1543E+01  0.1229E+02
  -6.240  0.1713E+01  0.1713E+01  0.1232E+02
  -6.230  0.1895E+01  0.1895E+01  0.1236E+02
  -6.220  0.2089E+01  0.2089E+01  0.1240E+02
  -6.210  0.2297E+01  0.2297E+01  0.1245E+02
  -6.200  0.2517E+01  0.2517E+01  0.1250E+02
  -6.190  0.2750E+01  0.2750E+01  0.1255E+02
  -6.180  0.2996E+01  0.2996E+01  0.1261E+02
  -6.170  0.3256E+01  0.3256E+01  0.1268E+02
  -6.160  0.3528E+01  0.3528E+01  0.1275E+02
  -6.150  0.3814E+01  0.3814E+01  0.1282E+02
  -6.140  0.4111E+01  0.4111E+01  0.1291E+02
  -6.130  0.4421E+01  0.4421E+01  0.1299E+02
  -6.120  0.4742E+01  0.4742E+01  0.1309E+02
  -6.110  0.5073E+01  0.5073E+01  0.1319E+02
  -6.100  0.5414E+01  0.5414E+01  0.1330E+02
  -6.090  0.5764E+01  0.5764E+01  0.1341E+02
  -6.080  0.6121E+01  0.6121E+01  0.1354E+02
  -6.070  0.6484E+01  0.6484E+01  0.1367E+02
  -6.060  0.6851E+01  0.6851E+01  0.1380E+02
  -6.050  0.7222E+01  0.7222E+01  0.1395E+02
  -6.040  0.7595E+01  0.7595E+01  0.1410E+02
  -6.030  0.7968E+01  0.7968E+01  0.1426E+02
  -6.020  0.8339E+01  0.8339E+01  0.1443E+02
  -6.010  0.8706E+01  0.8706E+01  0.1460E+02
  -6.000  0.9067E+01  0.9067E+01  0.1478E+02
  -5.990  0.9422E+01  0.9422E+01  0.1497E+02
  -5.980  0.9767E+01  0.9767E+01  0.1516E+02
  -5.970  0.1010E+02  0.1010E+02  0.1537E+02
  -5.960  0.1042E+02  0.1042E+02  0.1557E+02
  -5.950  0.1073E+02  0.1073E+02  0.1579E+02
  -5.940  0.1102E+02  0.1102E+02  0.1601E+02
  -5.930  0.1129E+02  0.1129E+02  0.1624E+02
  -5.920  0.1154E+02  0.1154E+02  0.1647E+02
  -5.910  0.1177E+02  0.1177E+02  0.1670E+02
  -5.900  0.1197E+02  0.1197E+02  0.1694E+02
  -5.890  0.1215E+02  0.1215E+02  0.1718E+02
  -5.880  0.1231E+02  0.1231E+02  0.1743E+02
  -5.870  0.1244E+02  0.1244E+02  0.1768E+02
  -5.860  0.1255E+02  0.1255E+02  0.1793E+02
  -5.850  0.1262E+02  0.1262E+02  0.1818E+02
  -5.840  0.1267E+02  0.1267E+02  0.1844E+02
  -5.830  0.1269E+02  0.1269E+02  0.1869E+02
  -5.820  0.1268E+02  0.1268E+02  0.1894E+02
  -5.810  0.1264E+02  0.1264E+02  0.1920E+02
  -5.800  0.1257E+02  0.1257E+02  0.1945E+02
  -5.790  0.1248E+02  0.1248E+02  0.1970E+02
  -5.780  0.1236E+02  0.1236E+02  0.1994E+02
  -5.770  0.1221E+02  0.1221E+02  0.2019E+02
  -5.760  0.1203E+02  0.1203E+02  0.2043E+02
  -5.750  0.1183E+02  0.1183E+02  0.2067E+02
  -5.740  0.1161E+02  0.1161E+02  0.2090E+02
  -5.730  0.1136E+02  0.1136E+02  0.2112E+02
  -5.720  0.1109E+02  0.1109E+02  0.2135E+02
  -5.710  0.1080E+02  0.1080E+02  0.2156E+02
  -5.700  0.1049E+02  0.1049E+02  0.2177E+02
  -5.690  0.1016E+02  0.1016E+02  0.2198E+02
  -5.680  0.9818E+01  0.9818E+01  0.2217E+02
  -5.670  0.9460E+01  0.9460E+01  0.2236E+02
  -5.660  0.9089E+01  0.9089E+01  0.2254E+02
  -5.650  0.8706E+01  0.8706E+01  0.2272E+02
  -5.640  0.8314E+01  0.8314E+01  0.2288E+02
  -5.630  0.7913E+01  0.7913E+01  0.2304E+02
  -5.620  0.7507E+01  0.7507E+01  0.2319E+02
  -5.610  0.7095E+01  0.7095E+01  0.2333E+02
  -5.600  0.6681E+01  0.6681E+01  0.2347E+02
  -5.590  0.6266E+01  0.6266E+01  0.2359E+02
  -5.580  0.5851E+01  0.5851E+01  0.2371E+02
  -5.570  0.5438E+01  0.5438E+01  0.2382E+02
  -5.560  0.5028E+01  0.5028E+01  0.2392E+02
  -5.550  0.4624E+01  0.4624E+01  0.2401E+02
  -5.540  0.4227E+01  0.4227E+01  0.2410E+02
  -5.530  0.3838E+01  0.3838E+01  0.2417E+02
  -5.520  0.3458E+01  0.3458E+01  0.2424E+02
  -5.510  0.3089E+01  0.3089E+01  0.2430E+02
  -5.500  0.2732E+01  0.2732E+01  0.2436E+02
  -5.490  0.2388E+01  0.2388E+01  0.2441E+02
  -5.480  0.2058E+01  0.2058E+01  0.2445E+02
  -5.470  0.1743E+01  0.1743E+01  0.2448E+02
  -5.460  0.1443E+01  0.1443E+01  0.2451E+02
  -5.450  0.1160E+01  0.1160E+01  0.2453E+02
  -5.440  0.8940E+00  0.8940E+00  0.2455E+02
  -5.430  0.6451E+00  0.6450E+00  0.2457E+02
  -5.420  0.4137E+00  0.4136E+00  0.2457E+02
  -5.410  0.2000E+00  0.1999E+00  0.2458E+02
  -5.400  0.4118E-02  0.4065E-02  0.2458E+02
  -5.390 -0.1741E+00 -0.1741E+00  0.2457E+02
  -5.380 -0.3347E+00 -0.3348E+00  0.2457E+02
  -5.370 -0.4782E+00 -0.4782E+00  0.2456E+02
  -5.360 -0.6048E+00 -0.6049E+00  0.2455E+02
  -5.350 -0.7152E+00 -0.7152E+00  0.2453E+02
  -5.340 -0.8098E+00 -0.8098E+00  0.2452E+02
  -5.330 -0.8893E+00 -0.8894E+00  0.2450E+02
  -5.320 -0.9546E+00 -0.9546E+00  0.2448E+02
  -5.310 -0.1006E+01 -0.1006E+01  0.2446E+02
  -5.300 -0.1045E+01 -0.1045E+01  0.2444E+02
  -5.290 -0.1073E+01 -0.1073E+01  0.2442E+02
  -5.280 -0.1089E+01 -0.1089E+01  0.2439E+02
  -5.270 -0.1096E+01 -0.1096E+01  0.2437E+02
  -5.260 -0.1093E+01 -0.1093E+01  0.2435E+02
  -5.250 -0.1083E+01 -0.1083E+01  0.2433E+02
  -5.240 -0.1065E+01 -0.1065E+01  0.2431E+02
  -5.230 -0.1041E+01 -0.1041E+01  0.2429E+02
  -5.220 -0.1012E+01 -0.1012E+01  0.2427E+02
  -5.210 -0.9783E+00 -0.9783E+00  0.2425E+02
  -5.200 -0.9408E+00 -0.9408E+00  0.2423E+02
  -5.190 -0.9004E+00 -0.9004E+00  0.2421E+02
  -5.180 -0.8577E+00 -0.8577E+00  0.2419E+02
  -5.170 -0.8134E+00 -0.8134E+00  0.2418E+02
  -5.160 -0.7680E+00 -0.7680E+00  0.2416E+02
  -5.150 -0.7222E+00 -0.7222E+00  0.2415E+02
  -5.140 -0.6764E+00 -0.6764E+00  0.2413E+02
  -5.130 -0.6311E+00 -0.6311E+00  0.2412E+02
  -5.120 -0.5865E+00 -0.5865E+00  0.2411E+02
  -5.110 -0.5431E+00 -0.5430E+00  0.2410E+02
  -5.100 -0.5010E+00 -0.5010E+00  0.2409E+02
  -5.090 -0.4606E+00 -0.4605E+00  0.2408E+02
  -5.080 -0.4219E+00 -0.4219E+00  0.2407E+02
  -5.070 -0.3851E+00 -0.3851E+00  0.2406E+02
  -5.060 -0.3504E+00 -0.3504E+00  0.2406E+02
  -5.050 -0.3177E+00 -0.3177E+00  0.2405E+02
  -5.040 -0.2872E+00 -0.2871E+00  0.2404E+02
  -5.030 -0.2587E+00 -0.2587E+00  0.2404E+02
  -5.020 -0.2323E+00 -0.2323E+00  0.2403E+02
  -5.010 -0.2079E+00 -0.2079E+00  0.2403E+02
  -5.000 -0.1855E+00 -0.1855E+00  0.2403E+02
  -4.990 -0.1650E+00 -0.1650E+00  0.2402E+02
  -4.980 -0.1463E+00 -0.1463E+00  0.2402E+02
  -4.970 -0.1293E+00 -0.1293E+00  0.2402E+02
  -4.960 -0.1139E+00 -0.1139E+00  0.2401E+02
  -4.950 -0.1001E+00 -0.1001E+00  0.2401E+02
  -4.940 -0.8766E-01 -0.8766E-01  0.2401E+02
  -4.930 -0.7655E-01 -0.7655E-01  0.2401E+02
  -4.920 -0.6665E-01 -0.6664E-01  0.2401E+02
  -4.910 -0.5785E-01 -0.5785E-01  0.2401E+02
  -4.900 -0.5007E-01 -0.5007E-01  0.2401E+02
  -4.890 -0.4320E-01 -0.4320E-01  0.2400E+02
  -4.880 -0.3717E-01 -0.3717E-01  0.2400E+02
  -4.870 -0.3189E-01 -0.3189E-01  0.2400E+02
  -4.860 -0.2728E-01 -0.2728E-01  0.2400E+02
  -4.850 -0.2327E-01 -0.2326E-01  0.2400E+02
  -4.840 -0.1979E-01 -0.1979E-01  0.2400E+02
  -4.830 -0.1678E-01 -0.1678E-01  0.2400E+02
  -4.820 -0.1419E-01 -0.1419E-01  0.2400E+02
  -4.810 -0.1196E-01 -0.1196E-01  0.2400E+02
  -4.800 -0.1006E-01 -0.1006E-01  0.2400E+02
  -4.790 -0.8431E-02 -0.8431E-02  0.2400E+02
  -4.780 -0.7048E-02 -0.7048E-02  0.2400E+02
  -4.770 -0.5876E-02 -0.5875E-02  0.2400E+02
  -4.760 -0.4884E-02 -0.4884E-02  0.2400E+02
  -4.750 -0.4049E-02 -0.4048E-02  0.2400E+02
  -4.740 -0.3346E-02 -0.3346E-02  0.2400E+02
  -4.730 -0.2758E-02 -0.2758E-02  0.2400E+02
  -4.720 -0.2267E-02 -0.2267E-02  0.2400E+02
  -4.710 -0.1858E-02 -0.1858E-02  0.2400E+02
  -4.700 -0.1519E-02 -0.1519E-02  0.2400E+02
  -4.690 -0.1238E-02 -0.1238E-02  0.2400E+02
  -4.680 -0.1006E-02 -0.1006E-02  0.2400E+02
  -4.670 -0.8158E-03 -0.8158E-03  0.2400E+02
  -4.660 -0.6594E-03 -0.6594E-03  0.2400E+02
  -4.650 -0.5316E-03 -0.5315E-03  0.2400E+02
  -4.640 -0.4273E-03 -0.4273E-03  0.2400E+02
  -4.630 -0.3426E-03 -0.3425E-03  0.2400E+02
  -4.620 -0.2739E-03 -0.2738E-03  0.2400E+02
  -4.610 -0.2183E-03 -0.2183E-03  0.2400E+02
  -4.600 -0.1736E-03 -0.1736E-03  0.2400E+02
  -4.590 -0.1376E-03 -0.1376E-03  0.2400E+02
  -4.580 -0.1088E-03 -0.1088E-03  0.2400E+02
  -4.570 -0.8581E-04 -0.8580E-04  0.2400E+02
  -4.560 -0.6748E-04 -0.6747E-04  0.2400E+02
  -4.550 -0.5292E-04 -0.5291E-04  0.2400E+02
  -4.540 -0.4138E-04 -0.4138E-04  0.2400E+02
  -4.530 -0.3228E-04 -0.3228E-04  0.2400E+02
  -4.520 -0.2511E-04 -0.2510E-04  0.2400E+02
  -4.510 -0.1947E-04 -0.1947E-04  0.2400E+02
  -4.500 -0.1506E-04 -0.1506E-04  0.2400E+02
  -4.490 -0.1162E-04 -0.1162E-04  0.2400E+02
  -4.480 -0.8942E-05 -0.8941E-05  0.2400E+02
  -4.470 -0.6861E-05 -0.6860E-05  0.2400E+02
  -4.460 -0.5250E-05 -0.5249E-05  0.2400E+02
  -4.450 -0.4006E-05 -0.4006E-05  0.2400E+02
  -4.440 -0.3049E-05 -0.3049E-05  0.2400E+02
  -4.430 -0.2314E-05 -0.2314E-05  0.2400E+02
  -4.420 -0.1752E-05 -0.1751E-05  0.2400E+02
  -4.410 -0.1322E-05 -0.1322E-05  0.2400E+02
  -4.400 -0.9954E-06 -0.9954E-06  0.2400E+02
  -4.390 -0.7474E-06 -0.7473E-06  0.2400E+02
  -4.380 -0.5596E-06 -0.5596E-06  0.2400E+02
  -4.370 -0.4179E-06 -0.4179E-06  0.2400E+02
  -4.360 -0.3112E-06 -0.3112E-06  0.2400E+02
  -4.350 -0.2311E-06 -0.2311E-06  0.2400E+02
  -4.340 -0.1712E-06 -0.1712E-06  0.2400E+02
  -4.330 -0.1265E-06 -0.1265E-06  0.2400E+02
  -4.320 -0.9318E-07 -0.9317E-07  0.2400E+02
  -4.310 -0.6846E-07 -0.6846E-07  0.2400E+02
  -4.300 -0.5017E-07 -0.5016E-07  0.2400E+02
  -4.290 -0.3666E-07 -0.3666E-07  0.2400E+02
  -4.280 -0.2672E-07 -0.2672E-07  0.2400E+02
  -4.270 -0.1942E-07 -0.1942E-07  0.2400E+02
  -4.260 -0.1408E-07 -0.1408E-07  0.2400E+02
  -4.250 -0.1018E-07 -0.1018E-07  0.2400E+02
  -4.240 -0.7338E-08 -0.7338E-08  0.2400E+02
  -4.230 -0.5277E-08 -0.5276E-08  0.2400E+02
  -4.220 -0.3784E-08 -0.3784E-08  0.2400E+02
  -4.210 -0.2706E-08 -0.2706E-08  0.2400E+02
  -4.200 -0.1930E-08 -0.1930E-08  0.2400E+02
  -4.190 -0.1372E-08 -0.1372E-08  0.2400E+02
  -4.180 -0.9731E-09 -0.9730E-09  0.2400E+02
  -4.170 -0.6876E-09 -0.6875E-09  0.2400E+02
  -4.160 -0.4838E-09 -0.4838E-09  0.2400E+02
  -4.150 -0.3384E-09 -0.3384E-09  0.2400E+02
  -4.140 -0.2345E-09 -0.2344E-09  0.2400E+02
  -4.130 -0.1596E-09 -0.1595E-09  0.2400E+02
  -4.120 -0.1047E-09 -0.1046E-09  0.2400E+02
  -4.110 -0.6292E-10 -0.6291E-10  0.2400E+02
  -4.100 -0.2907E-10 -0.2906E-10  0.2400E+02
  -4.090  0.1324E-11  0.1324E-11  0.2400E+02
  -4.080  0.3229E-10  0.3229E-10  0.2400E+02
  -4.070  0.6802E-10  0.6802E-10  0.2400E+02
  -4.060  0.1133E-09  0.1133E-09  0.2400E+02
  -4.050  0.1743E-09  0.1743E-09  0.2400E+02
  -4.040  0.2589E-09  0.2589E-09  0.2400E+02
  -4.030  0.3781E-09  0.3781E-09  0.2400E+02
  -4.020  0.5473E-09  0.5472E-09  0.2400E+02
  -4.010  0.7875E-09  0.7875E-09  0.2400E+02
  -4.000  0.1129E-08  0.1128E-08  0.2400E+02
  -3.990  0.1612E-08  0.1612E-08  0.2400E+02
  -3.980  0.2295E-08  0.2295E-08  0.2400E+02
  -3.970  0.3258E-08  0.3257E-08  0.2400E+02
  -3.960  0.4612E-08  0.4612E-08  0.2400E+02
  -3.950  0.6511E-08  0.6510E-08  0.2400E+02
  -3.940  0.9166E-08  0.9166E-08  0.2400E+02
  -3.930  0.1287E-07  0.1287E-07  0.2400E+02
  -3.920  0.1802E-07  0.1802E-07  0.2400E+02
  -3.910  0.2516E-07  0.2516E-07  0.2400E+02
  -3.900  0.3504E-07  0.3503E-07  0.2400E+02
  -3.890  0.4865E-07  0.4865E-07  0.2400E+02
  -3.880  0.6738E-07  0.6737E-07  0.2400E+02
  -3.870  0.9305E-07  0.9305E-07  0.2400E+02
  -3.860  0.1282E-06  0.1281E-06  0.2400E+02
  -3.850  0.1760E-06  0.1760E-06  0.2400E+02
  -3.840  0.2411E-06  0.2411E-06  0.2400E+02
  -3.830  0.3293E-06  0.3293E-06  0.2400E+02
  -3.820  0.4486E-06  0.4486E-06  0.2400E+02
  -3.810  0.6094E-06  0.6094E-06  0.2400E+02
  -3.800  0.8256E-06  0.8256E-06  0.2400E+02
  -3.790  0.1115E-05  0.1115E-05  0.2400E+02
  -3.780  0.1503E-05  0.1503E-05  0.2400E+02
  -3.770  0.2019E-05  0.2019E-05  0.2400E+02
  -3.760  0.2705E-05  0.2705E-05  0.2400E+02
  -3.750  0.3615E-05  0.3615E-05  0.2400E+02
  -3.740  0.4817E-05  0.4817E-05  0.2400E+02
  -3.730  0.6401E-05  0.6401E-05  0.2400E+02
  -3.720  0.8483E-05  0.8482E-05  0.2400E+02
  -3.710  0.1121E-04  0.1121E-04  0.2400E+02
  -3.700  0.1477E-04  0.1477E-04  0.2400E+02
  -3.690  0.1942E-04  0.1942E-04  0.2400E+02
  -3.680  0.2545E-04  0.2545E-04  0.2400E+02
  -3.670  0.3326E-04  0.3326E-04  0.2400E+02
  -3.660  0.4335E-04  0.4335E-04  0.2400E+02
  -3.650  0.5635E-04  0.5635E-04  0.2400E+02
  -3.640  0.7304E-04  0.7304E-04  0.2400E+02
  -3.630  0.9442E-04  0.9441E-04  0.2400E+02
  -3.620  0.1217E-03  0.1217E-03  0.2400E+02
  -3.610  0.1565E-03  0.1564E-03  0.2400E+02
  -3.600  0.2006E-03  0.2006E-03  0.2400E+02
  -3.590  0.2564E-03  0.2564E-03  0.2400E+02
  -3.580  0.3269E-03  0.3269E-03  0.2400E+02
  -3.570  0.4156E-03  0.4155E-03  0.2400E+02
  -3.560  0.5268E-03  0.5268E-03  0.2400E+02
  -3.550  0.6661E-03  0.6660E-03  0.2400E+02
  -3.540  0.8397E-03  0.8397E-03  0.2400E+02
  -3.530  0.1056E-02  0.1056E-02  0.2400E+02
  -3.520  0.1324E-02  0.1324E-02  0.2400E+02
  -3.510  0.1655E-02  0.1655E-02  0.2400E+02
  -3.500  0.2063E-02  0.2063E-02  0.2400E+02
  -3.490  0.2566E-02  0.2565E-02  0.2400E+02
  -3.480  0.3181E-02  0.3181E-02  0.2400E+02
  -3.470  0.3933E-02  0.3933E-02  0.2400E+02
  -3.460  0.4849E-02  0.4849E-02  0.2400E+02
  -3.450  0.5962E-02  0.5962E-02  0.2400E+02
  -3.440  0.7310E-02  0.7310E-02  0.2400E+02
  -3.430  0.8938E-02  0.8938E-02  0.2400E+02
  -3.420  0.1090E-01  0.1090E-01  0.2400E+02
  -3.410  0.1325E-01  0.1325E-01  0.2400E+02
  -3.400  0.1607E-01  0.1606E-01  0.2400E+02
  -3.390  0.1942E-01  0.1942E-01  0.2400E+02
  -3.380  0.2342E-01  0.2342E-01  0.2400E+02
  -3.370  0.2816E-01  0.2815E-01  0.2400E+02
  -3.360  0.3376E-01  0.3376E-01  0.2400E+02
  -3.350  0.4036E-01  0.4036E-01  0.2400E+02
  -3.340  0.4811E-01  0.4811E-01  0.2401E+02
  -3.330  0.5720E-01  0.5720E-01  0.2401E+02
  -3.320  0.6781E-01  0.6780E-01  0.2401E+02
  -3.310  0.8016E-01  0.8015E-01  0.2401E+02
  -3.300  0.9449E-01  0.9449E-01  0.2401E+02
  -3.290  0.1111E+00  0.1111E+00  0.2401E+02
  -3.280  0.1302E+00  0.1302E+00  0.2402E+02
  -3.270  0.1522E+00  0.1522E+00  0.2402E+02
  -3.260  0.1774E+00  0.1774E+00  0.2402E+02
  -3.250  0.2061E+00  0.2061E+00  0.2403E+02
  -3.240  0.2389E+00  0.2389E+00  0.2403E+02
  -3.230  0.2761E+00  0.2761E+00  0.2404E+02
  -3.220  0.3181E+00  0.3181E+00  0.2404E+02
  -3.210  0.3656E+00  0.3656E+00  0.2405E+02
  -3.200  0.4189E+00  0.4189E+00  0.2406E+02
  -3.190  0.4786E+00  0.4786E+00  0.2407E+02
  -3.180  0.5453E+00  0.5452E+00  0.2408E+02
  -3.170  0.6194E+00  0.6194E+00  0.2409E+02
  -3.160  0.7017E+00  0.7017E+00  0.2411E+02
  -3.150  0.7926E+00  0.7926E+00  0.2412E+02
  -3.140  0.8927E+00  0.8927E+00  0.2414E+02
  -3.130  0.1003E+01  0.1003E+01  0.2416E+02
  -3.120  0.1123E+01  0.1123E+01  0.2418E+02
  -3.110  0.1254E+01  0.1254E+01  0.2421E+02
  -3.100  0.1396E+01  0.1396E+01  0.2424E+02
  -3.090  0.1550E+01  0.1550E+01  0.2427E+02
  -3.080  0.1716E+01  0.1715E+01  0.2430E+02
  -3.070  0.1894E+01  0.1894E+01  0.2434E+02
  -3.060  0.2084E+01  0.2084E+01  0.2438E+02
  -3.050  0.2287E+01  0.2287E+01  0.2443E+02
  -3.040  0.2503E+01  0.2503E+01  0.2448E+02
  -3.030  0.2731E+01  0.2731E+01  0.2453E+02
  -3.020  0.2971E+01  0.2971E+01  0.2459E+02
  -3.010  0.3222E+01  0.3222E+01  0.2465E+02
  -3.000  0.3485E+01  0.3485E+01  0.2472E+02
  -2.990  0.3759E+01  0.3759E+01  0.2480E+02
  -2.980  0.4042E+01  0.4042E+01  0.2488E+02
  -2.970  0.4333E+01  0.4333E+01  0.2497E+02
  -2.960  0.4633E+01  0.4633E+01  0.2506E+02
  -2.950  0.4938E+01  0.4938E+01  0.2516E+02
  -2.940  0.5248E+01  0.5248E+01  0.2526E+02
  -2.930  0.5562E+01  0.5561E+01  0.2537E+02
  -2.920  0.5876E+01  0.5876E+01  0.2549E+02
  -2.910  0.6191E+01  0.6191E+01  0.2562E+02
  -2.900  0.6503E+01  0.6503E+01  0.2575E+02
  -2.890  0.6812E+01  0.6812E+01  0.2588E+02
  -2.880  0.7114E+01  0.7114E+01  0.2602E+02
  -2.870  0.7408E+01  0.7408E+01  0.2617E+02
  -2.860  0.7691E+01  0.7691E+01  0.2633E+02
  -2.850  0.7963E+01  0.7963E+01  0.2649E+02
  -2.840  0.8220E+01  0.8220E+01  0.2665E+02
  -2.830  0.8461E+01  0.8461E+01  0.2682E+02
  -2.820  0.8685E+01  0.8685E+01  0.2699E+02
  -2.810  0.8889E+01  0.8888E+01  0.2717E+02
  -2.800  0.9071E+01  0.9071E+01  0.2735E+02
  -2.790  0.9232E+01  0.9232E+01  0.2754E+02
  -2.780  0.9370E+01  0.9370E+01  0.2772E+02
  -2.770  0.9483E+01  0.9483E+01  0.2791E+02
  -2.760  0.9571E+01  0.9571E+01  0.2811E+02
  -2.750  0.9634E+01  0.9634E+01  0.2830E+02
  -2.740  0.9672E+01  0.9672E+01  0.2849E+02
  -2.730  0.9684E+01  0.9684E+01  0.2869E+02
  -2.720  0.9672E+01  0.9672E+01  0.2888E+02
  -2.710  0.9635E+01  0.9635E+01  0.2907E+02
  -2.700  0.9575E+01  0.9575E+01  0.2926E+02
  -2.690  0.9492E+01  0.9492E+01  0.2945E+02
  -2.680  0.9388E+01  0.9388E+01  0.2964E+02
  -2.670  0.9264E+01  0.9264E+01  0.2983E+02
  -2.660  0.9123E+01  0.9123E+01  0.3001E+02
  -2.650  0.8964E+01  0.8964E+01  0.3019E+02
  -2.640  0.8791E+01  0.8791E+01  0.3036E+02
  -2.630  0.8606E+01  0.8606E+01  0.3054E+02
  -2.620  0.8409E+01  0.8409E+01  0.3070E+02
  -2.610  0.8204E+01  0.8204E+01  0.3087E+02
  -2.600  0.7991E+01  0.7991E+01  0.3103E+02
  -2.590  0.7773E+01  0.7773E+01  0.3118E+02
  -2.580  0.7551E+01  0.7551E+01  0.3133E+02
  -2.570  0.7328E+01  0.7328E+01  0.3148E+02
  -2.560  0.7104E+01  0.7104E+01  0.3162E+02
  -2.550  0.6880E+01  0.6880E+01  0.3176E+02
  -2.540  0.6659E+01  0.6659E+01  0.3189E+02
  -2.530  0.6441E+01  0.6441E+01  0.3202E+02
  -2.520  0.6226E+01  0.6226E+01  0.3215E+02
  -2.510  0.6016E+01  0.6016E+01  0.3227E+02
  -2.500  0.5810E+01  0.5810E+01  0.3238E+02
  -2.490  0.5610E+01  0.5610E+01  0.3250E+02
  -2.480  0.5415E+01  0.5415E+01  0.3260E+02
  -2.470  0.5225E+01  0.5225E+01  0.3271E+02
  -2.460  0.5039E+01  0.5039E+01  0.3281E+02
  -2.450  0.4859E+01  0.4859E+01  0.3291E+02
  -2.440  0.4683E+01  0.4683E+01  0.3300E+02
  -2.430  0.4510E+01  0.4510E+01  0.3309E+02
  -2.420  0.4341E+01  0.4341E+01  0.3318E+02
  -2.410  0.4175E+01  0.4175E+01  0.3326E+02
  -2.400  0.4011E+01  0.4011E+01  0.3334E+02
  -2.390  0.3848E+01  0.3848E+01  0.3342E+02
  -2.380  0.3687E+01  0.3687E+01  0.3349E+02
  -2.370  0.3526E+01  0.3526E+01  0.3356E+02
  -2.360  0.3365E+01  0.3365E+01  0.3363E+02
  -2.350  0.3204E+01  0.3204E+01  0.3369E+02
  -2.340  0.3043E+01  0.3043E+01  0.3375E+02
  -2.330  0.2881E+01  0.2881E+01  0.3381E+02
  -2.320  0.2719E+01  0.2719E+01  0.3387E+02
  -2.310  0.2556E+01  0.2556E+01  0.3392E+02
  -2.300  0.2392E+01  0.2392E+01  0.3397E+02
  -2.290  0.2229E+01  0.2228E+01  0.3401E+02
  -2.280  0.2065E+01  0.2065E+01  0.3405E+02
  -2.270  0.1902E+01  0.1902E+01  0.3409E+02
  -2.260  0.1740E+01  0.1740E+01  0.3412E+02
  -2.250  0.1579E+01  0.1579E+01  0.3416E+02
  -2.240  0.1421E+01  0.1421E+01  0.3418E+02
  -2.230  0.1265E+01  0.1265E+01  0.3421E+02
  -2.220  0.1112E+01  0.1112E+01  0.3423E+02
  -2.210  0.9633E+00  0.9632E+00  0.3425E+02
  -2.200  0.8190E+00  0.8190E+00  0.3427E+02
  -2.190  0.6799E+00  0.6799E+00  0.3428E+02
  -2.180  0.5465E+00  0.5464E+00  0.3429E+02
  -2.170  0.4192E+00  0.4192E+00  0.3430E+02
  -2.160  0.2987E+00  0.2987E+00  0.3431E+02
  -2.150  0.1853E+00  0.1853E+00  0.3431E+02
  -2.140  0.7937E-01  0.7934E-01  0.3431E+02
  -2.130 -0.1881E-01 -0.1885E-01  0.3431E+02
  -2.120 -0.1090E+00 -0.1091E+00  0.3431E+02
  -2.110 -0.1912E+00 -0.1912E+00  0.3430E+02
  -2.100 -0.2651E+00 -0.2652E+00  0.3430E+02
  -2.090 -0.3310E+00 -0.3310E+00  0.3429E+02
  -2.080 -0.3888E+00 -0.3888E+00  0.3429E+02
  -2.070 -0.4387E+00 -0.4387E+00  0.3428E+02
  -2.060 -0.4809E+00 -0.4809E+00  0.3427E+02
  -2.050 -0.5157E+00 -0.5158E+00  0.3426E+02
  -2.040 -0.5435E+00 -0.5435E+00  0.3425E+02
  -2.030 -0.5646E+00 -0.5646E+00  0.3423E+02
  -2.020 -0.5794E+00 -0.5794E+00  0.3422E+02
  -2.010 -0.5884E+00 -0.5884E+00  0.3421E+02
  -2.000 -0.5920E+00 -0.5920E+00  0.3420E+02
  -1.990 -0.5907E+00 -0.5907E+00  0.3419E+02
  -1.980 -0.5851E+00 -0.5851E+00  0.3418E+02
  -1.970 -0.5755E+00 -0.5755E+00  0.3416E+02
  -1.960 -0.5624E+00 -0.5624E+00  0.3415E+02
  -1.950 -0.5465E+00 -0.5465E+00  0.3414E+02
  -1.940 -0.5280E+00 -0.5280E+00  0.3413E+02
  -1.930 -0.5075E+00 -0.5075E+00  0.3412E+02
  -1.920 -0.4853E+00 -0.4853E+00  0.3411E+02
  -1.910 -0.4619E+00 -0.4619E+00  0.3410E+02
  -1.900 -0.4376E+00 -0.4376E+00  0.3409E+02
  -1.890 -0.4128E+00 -0.4128E+00  0.3409E+02
  -1.880 -0.3877E+00 -0.3877E+00  0.3408E+02
  -1.870 -0.3627E+00 -0.3627E+00  0.3407E+02
  -1.860 -0.3379E+00 -0.3379E+00  0.3406E+02
  -1.850 -0.3136E+00 -0.3136E+00  0.3406E+02
  -1.840 -0.2899E+00 -0.2899E+00  0.3405E+02
  -1.830 -0.2670E+00 -0.2670E+00  0.3405E+02
  -1.820 -0.2450E+00 -0.2450E+00  0.3404E+02
  -1.810 -0.2240E+00 -0.2240E+00  0.3404E+02
  -1.800 -0.2041E+00 -0.2041E+00  0.3403E+02
  -1.790 -0.1853E+00 -0.1853E+00  0.3403E+02
  -1.780 -0.1677E+00 -0.1677E+00  0.3403E+02
  -1.770 -0.1513E+00 -0.1513E+00  0.3402E+02
  -1.760 -0.1360E+00 -0.1360E+00  0.3402E+02
  -1.750 -0.1218E+00 -0.1218E+00  0.3402E+02
  -1.740 -0.1088E+00 -0.1088E+00  0.3402E+02
  -1.730 -0.9682E-01 -0.9682E-01  0.3401E+02
  -1.720 -0.8591E-01 -0.8591E-01  0.3401E+02
  -1.710 -0.7598E-01 -0.7598E-01  0.3401E+02
  -1.700 -0.6700E-01 -0.6700E-01  0.3401E+02
  -1.690 -0.5889E-01 -0.5889E-01  0.3401E+02
  -1.680 -0.5160E-01 -0.5160E-01  0.3401E+02
  -1.670 -0.4508E-01 -0.4508E-01  0.3401E+02
  -1.660 -0.3926E-01 -0.3926E-01  0.3400E+02
  -1.650 -0.3409E-01 -0.3409E-01  0.3400E+02
  -1.640 -0.2951E-01 -0.2951E-01  0.3400E+02
  -1.630 -0.2547E-01 -0.2547E-01  0.3400E+02
  -1.620 -0.2192E-01 -0.2192E-01  0.3400E+02
  -1.610 -0.1881E-01 -0.1881E-01  0.3400E+02
  -1.600 -0.1609E-01 -0.1609E-01  0.3400E+02
  -1.590 -0.1372E-01 -0.1372E-01  0.3400E+02
  -1.580 -0.1167E-01 -0.1167E-01  0.3400E+02
  -1.570 -0.9896E-02 -0.9896E-02  0.3400E+02
  -1.560 -0.8367E-02 -0.8367E-02  0.3400E+02
  -1.550 -0.7054E-02 -0.7054E-02  0.3400E+02
  -1.540 -0.5930E-02 -0.5930E-02  0.3400E+02
  -1.530 -0.4970E-02 -0.4970E-02  0.3400E+02
  -1.520 -0.4154E-02 -0.4154E-02  0.3400E+02
  -1.510 -0.3462E-02 -0.3462E-02  0.3400E+02
  -1.500 -0.2877E-02 -0.2877E-02  0.3400E+02
  -1.490 -0.2384E-02 -0.2384E-02  0.3400E+02
  -1.480 -0.1970E-02 -0.1970E-02  0.3400E+02
  -1.470 -0.1623E-02 -0.1623E-02  0.3400E+02
  -1.460 -0.1334E-02 -0.1334E-02  0.3400E+02
  -1.450 -0.1093E-02 -0.1093E-02  0.3400E+02
  -1.440 -0.8929E-03 -0.8929E-03  0.3400E+02
  -1.430 -0.7275E-03 -0.7274E-03  0.3400E+02
  -1.420 -0.5910E-03 -0.5910E-03  0.3400E+02
  -1.410 -0.4788E-03 -0.4788E-03  0.3400E+02
  -1.400 -0.3868E-03 -0.3868E-03  0.3400E+02
  -1.390 -0.3116E-03 -0.3116E-03  0.3400E+02
  -1.380 -0.2504E-03 -0.2503E-03  0.3400E+02
  -1.370 -0.2006E-03 -0.2006E-03  0.3400E+02
  -1.360 -0.1602E-03 -0.1602E-03  0.3400E+02
  -1.350 -0.1277E-03 -0.1277E-03  0.3400E+02
  -1.340 -0.1014E-03 -0.1014E-03  0.3400E+02
  -1.330 -0.8035E-04 -0.8035E-04  0.3400E+02
  -1.320 -0.6349E-04 -0.6348E-04  0.3400E+02
  -1.310 -0.5002E-04 -0.5002E-04  0.3400E+02
  -1.300 -0.3930E-04 -0.3930E-04  0.3400E+02
  -1.290 -0.3079E-04 -0.3079E-04  0.3400E+02
  -1.280 -0.2406E-04 -0.2406E-04  0.3400E+02
  -1.270 -0.1875E-04 -0.1875E-04  0.3400E+02
  -1.260 -0.1457E-04 -0.1457E-04  0.3400E+02
  -1.250 -0.1129E-04 -0.1129E-04  0.3400E+02
  -1.240 -0.8724E-05 -0.8723E-05  0.3400E+02
  -1.230 -0.6723E-05 -0.6723E-05  0.3400E+02
  -1.220 -0.5167E-05 -0.5167E-05  0.3400E+02
  -1.210 -0.3960E-05 -0.3960E-05  0.3400E+02
  -1.200 -0.3027E-05 -0.3026E-05  0.3400E+02
  -1.190 -0.2307E-05 -0.2307E-05  0.3400E+02
  -1.180 -0.1754E-05 -0.1753E-05  0.3400E+02
  -1.170 -0.1329E-05 -0.1329E-05  0.3400E+02
  -1.160 -0.1005E-05 -0.1005E-05  0.3400E+02
  -1.150 -0.7576E-06 -0.7575E-06  0.3400E+02
  -1.140 -0.5696E-06 -0.5695E-06  0.3400E+02
  -1.130 -0.4271E-06 -0.4270E-06  0.3400E+02
  -1.120 -0.3193E-06 -0.3193E-06  0.3400E+02
  -1.110 -0.2381E-06 -0.2381E-06  0.3400E+02
  -1.100 -0.1771E-06 -0.1771E-06  0.3400E+02
  -1.090 -0.1313E-06 -0.1313E-06  0.3400E+02
  -1.080 -0.9712E-07 -0.9711E-07  0.3400E+02
  -1.070 -0.7163E-07 -0.7162E-07  0.3400E+02
  -1.060 -0.5269E-07 -0.5268E-07  0.3400E+02
  -1.050 -0.3865E-07 -0.3864E-07  0.3400E+02
  -1.040 -0.2827E-07 -0.2827E-07  0.3400E+02
  -1.030 -0.2063E-07 -0.2062E-07  0.3400E+02
  -1.020 -0.1501E-07 -0.1500E-07  0.3400E+02
  -1.010 -0.1089E-07 -0.1089E-07  0.3400E+02
  -1.000 -0.7878E-08 -0.7878E-08  0.3400E+02
  -0.990 -0.5685E-08 -0.5685E-08  0.3400E+02
  -0.980 -0.4091E-08 -0.4091E-08  0.3400E+02
  -0.970 -0.2936E-08 -0.2936E-08  0.3400E+02
  -0.960 -0.2102E-08 -0.2102E-08  0.3400E+02
  -0.950 -0.1500E-08 -0.1500E-08  0.3400E+02
  -0.940 -0.1068E-08 -0.1068E-08  0.3400E+02
  -0.930 -0.7581E-09 -0.7581E-09  0.3400E+02
  -0.920 -0.5368E-09 -0.5367E-09  0.3400E+02
  -0.910 -0.3790E-09 -0.3790E-09  0.3400E+02
  -0.900 -0.2669E-09 -0.2668E-09  0.3400E+02
  -0.890 -0.1874E-09 -0.1874E-09  0.3400E+02
  -0.880 -0.1312E-09 -0.1312E-09  0.3400E+02
  -0.870 -0.9166E-10 -0.9165E-10  0.3400E+02
  -0.860 -0.6384E-10 -0.6384E-10  0.3400E+02
  -0.850 -0.4435E-10 -0.4434E-10  0.3400E+02
  -0.840 -0.3072E-10 -0.3072E-10  0.3400E+02
  -0.830 -0.2122E-10 -0.2122E-10  0.3400E+02
  -0.820 -0.1462E-10 -0.1462E-10  0.3400E+02
  -0.810 -0.1005E-10 -0.1005E-10  0.3400E+02
  -0.800 -0.6886E-11 -0.6885E-11  0.3400E+02
  -0.790 -0.4706E-11 -0.4705E-11  0.3400E+02
  -0.780 -0.3207E-11 -0.3207E-11  0.3400E+02
  -0.770 -0.2180E-11 -0.2180E-11  0.3400E+02
  -0.760 -0.1478E-11 -0.1477E-11  0.3400E+02
  -0.750 -0.9989E-12 -0.9988E-12  0.3400E+02
  -0.740 -0.6734E-12 -0.6734E-12  0.3400E+02
  -0.730 -0.4528E-12 -0.4527E-12  0.3400E+02
  -0.720 -0.3036E-12 -0.3036E-12  0.3400E+02
  -0.710 -0.2030E-12 -0.2030E-12  0.3400E+02
  -0.700 -0.1354E-12 -0.1354E-12  0.3400E+02
  -0.690 -0.9005E-13 -0.9004E-13  0.3400E+02
  -0.680 -0.5973E-13 -0.5973E-13  0.3400E+02
  -0.670 -0.3951E-13 -0.3951E-13  0.3400E+02
  -0.660 -0.2607E-13 -0.2606E-13  0.3400E+02
  -0.650 -0.1715E-13 -0.1715E-13  0.3400E+02
  -0.640 -0.1125E-13 -0.1125E-13  0.3400E+02
  -0.630 -0.7363E-14 -0.7362E-14  0.3400E+02
  -0.620 -0.4805E-14 -0.4805E-14  0.3400E+02
  -0.610 -0.3127E-14 -0.3127E-14  0.3400E+02
  -0.600 -0.2030E-14 -0.2030E-14  0.3400E+02
  -0.590 -0.1314E-14 -0.1314E-14  0.3400E+02
  -0.580 -0.8482E-15 -0.8481E-15  0.3400E+02
  -0.570 -0.5461E-15 -0.5460E-15  0.3400E+02
  -0.560 -0.3506E-15 -0.3506E-15  0.3400E+02
  -0.550 -0.2245E-15 -0.2245E-15  0.3400E+02
  -0.540 -0.1434E-15 -0.1433E-15  0.3400E+02
  -0.530 -0.9130E-16 -0.9129E-16  0.3400E+02
  -0.520 -0.5799E-16 -0.5798E-16  0.3400E+02
  -0.510 -0.3673E-16 -0.3673E-16  0.3400E+02
  -0.500 -0.2320E-16 -0.2320E-16  0.3400E+02
  -0.490 -0.1462E-16 -0.1462E-16  0.3400E+02
  -0.480 -0.9184E-17 -0.9183E-17  0.3400E+02
  -0.470 -0.5755E-17 -0.5754E-17  0.3400E+02
  -0.460 -0.3596E-17 -0.3596E-17  0.3400E+02
  -0.450 -0.2241E-17 -0.2241E-17  0.3400E+02
  -0.440 -0.1393E-17 -0.1393E-17  0.3400E+02
  -0.430 -0.8634E-18 -0.8633E-18  0.3400E+02
  -0.420 -0.5337E-18 -0.5337E-18  0.3400E+02
  -0.410 -0.3290E-18 -0.3290E-18  0.3400E+02
  -0.400 -0.2023E-18 -0.2023E-18  0.3400E+02
  -0.390 -0.1240E-18 -0.1240E-18  0.3400E+02
  -0.380 -0.7586E-19 -0.7585E-19  0.3400E+02
  -0.370 -0.4626E-19 -0.4625E-19  0.3400E+02
  -0.360 -0.2814E-19 -0.2813E-19  0.3400E+02
  -0.350 -0.1707E-19 -0.1706E-19  0.3400E+02
  -0.340 -0.1032E-19 -0.1032E-19  0.3400E+02
  -0.330 -0.6228E-20 -0.6227E-20  0.3400E+02
  -0.320 -0.3747E-20 -0.3747E-20  0.3400E+02
  -0.310 -0.2248E-20 -0.2248E-20  0.3400E+02
  -0.300 -0.1346E-20 -0.1345E-20  0.3400E+02
  -0.290 -0.8030E-21 -0.8029E-21  0.3400E+02
  -0.280 -0.4779E-21 -0.4779E-21  0.3400E+02
  -0.270 -0.2837E-21 -0.2836E-21  0.3400E+02
  -0.260 -0.1679E-21 -0.1679E-21  0.3400E+02
  -0.250 -0.9914E-22 -0.9913E-22  0.3400E+02
  -0.240 -0.5837E-22 -0.5836E-22  0.3400E+02
  -0.230 -0.3427E-22 -0.3427E-22  0.3400E+02
  -0.220 -0.2007E-22 -0.2007E-22  0.3400E+02
  -0.210 -0.1172E-22 -0.1172E-22  0.3400E+02
  -0.200 -0.6827E-23 -0.6826E-23  0.3400E+02
  -0.190 -0.3966E-23 -0.3965E-23  0.3400E+02
  -0.180 -0.2297E-23 -0.2297E-23  0.3400E+02
  -0.170 -0.1327E-23 -0.1327E-23  0.3400E+02
  -0.160 -0.7647E-24 -0.7646E-24  0.3400E+02
  -0.150 -0.4394E-24 -0.4393E-24  0.3400E+02
  -0.140 -0.2518E-24 -0.2518E-24  0.3400E+02
  -0.130 -0.1439E-24 -0.1439E-24  0.3400E+02
  -0.120 -0.8202E-25 -0.8201E-25  0.3400E+02
  -0.110 -0.4662E-25 -0.4661E-25  0.3400E+02
  -0.100 -0.2643E-25 -0.2643E-25  0.3400E+02
  -0.090 -0.1494E-25 -0.1494E-25  0.3400E+02
  -0.080 -0.8425E-26 -0.8424E-26  0.3400E+02
  -0.070 -0.4737E-26 -0.4737E-26  0.3400E+02
  -0.060 -0.2657E-26 -0.2656E-26  0.3400E+02
  -0.050 -0.1486E-26 -0.1486E-26  0.3400E+02
  -0.040 -0.8288E-27 -0.8286E-27  0.3400E+02
  -0.030 -0.4610E-27 -0.4609E-27  0.3400E+02
  -0.020 -0.2557E-27 -0.2557E-27  0.3400E+02
  -0.010 -0.1415E-27 -0.1415E-27  0.3400E+02
  -0.000 -0.7807E-28 -0.7806E-28  0.3400E+02
   0.010 -0.4296E-28 -0.4295E-28  0.3400E+02
   0.020 -0.2358E-28 -0.2357E-28  0.3400E+02
   0.030 -0.1290E-28 -0.1290E-28  0.3400E+02
   0.040 -0.7043E-29 -0.7042E-29  0.3400E+02
   0.050 -0.3834E-29 -0.3833E-29  0.3400E+02
   0.060 -0.2081E-29 -0.2081E-29  0.3400E+02
   0.070 -0.1127E-29 -0.1127E-29  0.3400E+02
   0.080 -0.6085E-30 -0.6084E-30  0.3400E+02
   0.090 -0.3277E-30 -0.3276E-30  0.3400E+02
   0.100 -0.1760E-30 -0.1760E-30  0.3400E+02
   0.110 -0.9426E-31 -0.9424E-31  0.3400E+02
   0.120 -0.5035E-31 -0.5034E-31  0.3400E+02
   0.130 -0.2682E-31 -0.2682E-31  0.3400E+02
   0.140 -0.1425E-31 -0.1425E-31  0.3400E+02
   0.150 -0.7550E-32 -0.7548E-32  0.3400E+02
   0.160 -0.3989E-32 -0.3989E-32  0.3400E+02
   0.170 -0.2102E-32 -0.2102E-32  0.3400E+02
   0.180 -0.1105E-32 -0.1105E-32  0.3400E+02
   0.190 -0.5791E-33 -0.5790E-33  0.3400E+02
   0.200 -0.3027E-33 -0.3027E-33  0.3400E+02
   0.210 -0.1578E-33 -0.1578E-33  0.3400E+02
   0.220 -0.8205E-34 -0.8203E-34  0.3400E+02
   0.230 -0.4254E-34 -0.4253E-34  0.3400E+02
   0.240 -0.2200E-34 -0.2199E-34  0.3400E+02
   0.250 -0.1134E-34 -0.1134E-34  0.3400E+02
   0.260 -0.5835E-35 -0.5834E-35  0.3400E+02
   0.270 -0.2993E-35 -0.2992E-35  0.3400E+02
   0.280 -0.1531E-35 -0.1531E-35  0.3400E+02
   0.290 -0.7810E-36 -0.7809E-36  0.3400E+02
   0.300 -0.3974E-36 -0.3973E-36  0.3400E+02
   0.310 -0.2016E-36 -0.2016E-36  0.3400E+02
   0.320 -0.1020E-36 -0.1020E-36  0.3400E+02
   0.330 -0.5150E-37 -0.5149E-37  0.3400E+02
   0.340 -0.2592E-37 -0.2591E-37  0.3400E+02
   0.350 -0.1301E-37 -0.1301E-37  0.3400E+02
   0.360 -0.6512E-38 -0.6511E-38  0.3400E+02
   0.370 -0.3249E-38 -0.3249E-38  0.3400E+02
   0.380 -0.1615E-38 -0.1614E-38  0.3400E+02
   0.390 -0.7955E-39 -0.7953E-39  0.3400E+02
   0.400 -0.3811E-39 -0.3811E-39  0.3400E+02
   0.410 -0.1626E-39 -0.1625E-39  0.3400E+02
   0.420 -0.2865E-40 -0.2861E-40  0.3400E+02
   0.430  0.8863E-40  0.8867E-40  0.3400E+02
   0.440  0.2480E-39  0.2481E-39  0.3400E+02
   0.450  0.5275E-39  0.5277E-39  0.3400E+02
   0.460  0.1062E-38  0.1062E-38  0.3400E+02
   0.470  0.2107E-38  0.2107E-38  0.3400E+02
   0.480  0.4156E-38  0.4157E-38  0.3400E+02
   0.490  0.8169E-38  0.8171E-38  0.3400E+02
   0.500  0.1601E-37  0.1602E-37  0.3400E+02
   0.510  0.3130E-37  0.3131E-37  0.3400E+02
   0.520  0.6102E-37  0.6103E-37  0.3400E+02
   0.530  0.1186E-36  0.1187E-36  0.3400E+02
   0.540  0.2300E-36  0.2301E-36  0.3400E+02
   0.550  0.4448E-36  0.4449E-36  0.3400E+02
   0.560  0.8579E-36  0.8581E-36  0.3400E+02
   0.570  0.1650E-35  0.1650E-35  0.3400E+02
   0.580  0.3165E-35  0.3166E-35  0.3400E+02
   0.590  0.6055E-35  0.6057E-35  0.3400E+02
   0.600  0.1155E-34  0.1156E-34  0.3400E+02
   0.610  0.2198E-34  0.2199E-34  0.3400E+02
   0.620  0.4172E-34  0.4173E-34  0.3400E+02
   0.630  0.7896E-34  0.7898E-34  0.3400E+02
   0.640  0.1491E-33  0.1491E-33  0.3400E+02
   0.650  0.2806E-33  0.2807E-33  0.3400E+02
   0.660  0.5268E-33  0.5269E-33  0.3400E+02
   0.670  0.9864E-33  0.9866E-33  0.3400E+02
   0.680  0.1842E-32  0.1842E-32  0.3400E+02
   0.690  0.3430E-32  0.3431E-32  0.3400E+02
   0.700  0.6372E-32  0.6373E-32  0.3400E+02
   0.710  0.1180E-31  0.1181E-31  0.3400E+02
   0.720  0.2180E-31  0.2181E-31  0.3400E+02
   0.730  0.4017E-31  0.4018E-31  0.3400E+02
   0.740  0.7382E-31  0.7384E-31  0.3400E+02
   0.750  0.1353E-30  0.1353E-30  0.3400E+02
   0.760  0.2473E-30  0.2473E-30  0.3400E+02
   0.770  0.4507E-30  0.4508E-30  0.3400E+02
   0.780  0.8193E-30  0.8195E-30  0.3400E+02
   0.790  0.1485E-29  0.1486E-29  0.3400E+02
   0.800  0.2686E-29  0.2686E-29  0.3400E+02
   0.810  0.4844E-29  0.4845E-29  0.3400E+02
   0.820  0.8711E-29  0.8713E-29  0.3400E+02
   0.830  0.1562E-28  0.1563E-28  0.3400E+02
   0.840  0.2795E-28  0.2795E-28  0.3400E+02
   0.850  0.4986E-28  0.4987E-28  0.3400E+02
   0.860  0.8872E-28  0.8874E-28  0.3400E+02
   0.870  0.1574E-27  0.1575E-27  0.3400E+02
   0.880  0.2786E-27  0.2787E-27  0.3400E+02
   0.890  0.4917E-27  0.4918E-27  0.3400E+02
   0.900  0.8656E-27  0.8657E-27  0.3400E+02
   0.910  0.1520E-26  0.1520E-26  0.3400E+02
   0.920  0.2660E-26  0.2661E-26  0.3400E+02
   0.930  0.4645E-26  0.4646E-26  0.3400E+02
   0.940  0.8090E-26  0.8091E-26  0.3400E+02
   0.950  0.1405E-25  0.1405E-25  0.3400E+02
   0.960  0.2434E-25  0.2434E-25  0.3400E+02
   0.970  0.4204E-25  0.4205E-25  0.3400E+02
   0.980  0.7243E-25  0.7244E-25  0.3400E+02
   0.990  0.1245E-24  0.1245E-24  0.3400E+02
   1.000  0.2133E-24  0.2133E-24  0.3400E+02
   1.010  0.3645E-24  0.3646E-24  0.3400E+02
   1.020  0.6213E-24  0.6214E-24  0.3400E+02
   1.030  0.1056E-23  0.1056E-23  0.3400E+02
   1.040  0.1790E-23  0.1791E-23  0.3400E+02
   1.050  0.3027E-23  0.3028E-23  0.3400E+02
   1.060  0.5105E-23  0.5106E-23  0.3400E+02
   1.070  0.8585E-23  0.8587E-23  0.3400E+02
   1.080  0.1440E-22  0.1440E-22  0.3400E+02
   1.090  0.2409E-22  0.2409E-22  0.3400E+02
   1.100  0.4019E-22  0.4019E-22  0.3400E+02
   1.110  0.6686E-22  0.6688E-22  0.3400E+02
   1.120  0.1110E-21  0.1110E-21  0.3400E+02
   1.130  0.1836E-21  0.1837E-21  0.3400E+02
   1.140  0.3031E-21  0.3031E-21  0.3400E+02
   1.150  0.4989E-21  0.4990E-21  0.3400E+02
   1.160  0.8190E-21  0.8192E-21  0.3400E+02
   1.170  0.1341E-20  0.1341E-20  0.3400E+02
   1.180  0.2190E-20  0.2190E-20  0.3400E+02
   1.190  0.3566E-20  0.3567E-20  0.3400E+02
   1.200  0.5792E-20  0.5793E-20  0.3400E+02
   1.210  0.9383E-20  0.9384E-20  0.3400E+02
   1.220  0.1516E-19  0.1516E-19  0.3400E+02
   1.230  0.2442E-19  0.2443E-19  0.3400E+02
   1.240  0.3925E-19  0.3925E-19  0.3400E+02
   1.250  0.6290E-19  0.6291E-19  0.3400E+02
   1.260  0.1005E-18  0.1006E-18  0.3400E+02
   1.270  0.1603E-18  0.1603E-18  0.3400E+02
   1.280  0.2548E-18  0.2548E-18  0.3400E+02
   1.290  0.4040E-18  0.4041E-18  0.3400E+02
   1.300  0.6388E-18  0.6389E-18  0.3400E+02
   1.310  0.1008E-17  0.1008E-17  0.3400E+02
   1.320  0.1585E-17  0.1585E-17  0.3400E+02
   1.330  0.2486E-17  0.2486E-17  0.3400E+02
   1.340  0.3890E-17  0.3890E-17  0.3400E+02
   1.350  0.6069E-17  0.6070E-17  0.3400E+02
   1.360  0.9445E-17  0.9447E-17  0.3400E+02
   1.370  0.1466E-16  0.1466E-16  0.3400E+02
   1.380  0.2269E-16  0.2270E-16  0.3400E+02
   1.390  0.3503E-16  0.3504E-16  0.3400E+02
   1.400  0.5394E-16  0.5395E-16  0.3400E+02
   1.410  0.8283E-16  0.8284E-16  0.3400E+02
   1.420  0.1268E-15  0.1269E-15  0.3400E+02
   1.430  0.1938E-15  0.1938E-15  0.3400E+02
   1.440  0.2952E-15  0.2952E-15  0.3400E+02
   1.450  0.4484E-15  0.4485E-15  0.3400E+02
   1.460  0.6795E-15  0.6796E-15  0.3400E+02
   1.470  0.1027E-14  0.1027E-14  0.3400E+02
   1.480  0.1548E-14  0.1548E-14  0.3400E+02
   1.490  0.2327E-14  0.2327E-14  0.3400E+02
   1.500  0.3488E-14  0.3489E-14  0.3400E+02
   1.510  0.5216E-14  0.5216E-14  0.3400E+02
   1.520  0.7778E-14  0.7779E-14  0.3400E+02
   1.530  0.1157E-13  0.1157E-13  0.3400E+02
   1.540  0.1716E-13  0.1716E-13  0.3400E+02
   1.550  0.2539E-13  0.2539E-13  0.3400E+02
   1.560  0.3746E-13  0.3746E-13  0.3400E+02
   1.570  0.5513E-13  0.5513E-13  0.3400E+02
   1.580  0.8091E-13  0.8092E-13  0.3400E+02
   1.590  0.1184E-12  0.1185E-12  0.3400E+02
   1.600  0.1729E-12  0.1729E-12  0.3400E+02
   1.610  0.2518E-12  0.2518E-12  0.3400E+02
   1.620  0.3656E-12  0.3657E-12  0.3400E+02
   1.630  0.5296E-12  0.5296E-12  0.3400E+02
   1.640  0.7650E-12  0.7651E-12  0.3400E+02
   1.650  0.1102E-11  0.1102E-11  0.3400E+02
   1.660  0.1584E-11  0.1584E-11  0.3400E+02
   1.670  0.2270E-11  0.2270E-11  0.3400E+02
   1.680  0.3244E-11  0.3245E-11  0.3400E+02
   1.690  0.4625E-11  0.4626E-11  0.3400E+02
   1.700  0.6577E-11  0.6577E-11  0.3400E+02
   1.710  0.9326E-11  0.9328E-11  0.3400E+02
   1.720  0.1319E-10  0.1319E-10  0.3400E+02
   1.730  0.1861E-10  0.1861E-10  0.3400E+02
   1.740  0.2618E-10  0.2618E-10  0.3400E+02
   1.750  0.3674E-10  0.3674E-10  0.3400E+02
   1.760  0.5142E-10  0.5143E-10  0.3400E+02
   1.770  0.7178E-10  0.7179E-10  0.3400E+02
   1.780  0.9993E-10  0.9995E-10  0.3400E+02
   1.790  0.1388E-09  0.1388E-09  0.3400E+02
   1.800  0.1922E-09  0.1922E-09  0.3400E+02
   1.810  0.2655E-09  0.2655E-09  0.3400E+02
   1.820  0.3658E-09  0.3658E-09  0.3400E+02
   1.830  0.5026E-09  0.5027E-09  0.3400E+02
   1.840  0.6889E-09  0.6890E-09  0.3400E+02
   1.850  0.9417E-09  0.9418E-09  0.3400E+02
   1.860  0.1284E-08  0.1284E-08  0.3400E+02
   1.870  0.1746E-08  0.1746E-08  0.3400E+02
   1.880  0.2368E-08  0.2369E-08  0.3400E+02
   1.890  0.3204E-08  0.3204E-08  0.3400E+02
   1.900  0.4323E-08  0.4324E-08  0.3400E+02
   1.910  0.5819E-08  0.5819E-08  0.3400E+02
   1.920  0.7811E-08  0.7812E-08  0.3400E+02
   1.930  0.1046E-07  0.1046E-07  0.3400E+02
   1.940  0.1397E-07  0.1397E-07  0.3400E+02
   1.950  0.1860E-07  0.1860E-07  0.3400E+02
   1.960  0.2472E-07  0.2472E-07  0.3400E+02
   1.970  0.3275E-07  0.3275E-07  0.3400E+02
   1.980  0.4329E-07  0.4329E-07  0.3400E+02
   1.990  0.5707E-07  0.5708E-07  0.3400E+02
   2.000  0.7505E-07  0.7506E-07  0.3400E+02
   2.010  0.9844E-07  0.9845E-07  0.3400E+02
   2.020  0.1288E-06  0.1288E-06  0.3400E+02
   2.030  0.1681E-06  0.1681E-06  0.3400E+02
   2.040  0.2188E-06  0.2188E-06  0.3400E+02
   2.050  0.2840E-06  0.2840E-06  0.3400E+02
   2.060  0.3678E-06  0.3679E-06  0.3400E+02
   2.070  0.4751E-06  0.4752E-06  0.3400E+02
   2.080  0.6122E-06  0.6123E-06  0.3400E+02
   2.090  0.7869E-06  0.7869E-06  0.3400E+02
   2.100  0.1009E-05  0.1009E-05  0.3400E+02
   2.110  0.1290E-05  0.1290E-05  0.3400E+02
   2.120  0.1646E-05  0.1646E-05  0.3400E+02
   2.130  0.2094E-05  0.2094E-05  0.3400E+02
   2.140  0.2658E-05  0.2658E-05  0.3400E+02
   2.150  0.3365E-05  0.3365E-05  0.3400E+02
   2.160  0.4249E-05  0.4250E-05  0.3400E+02
   2.170  0.5354E-05  0.5354E-05  0.3400E+02
   2.180  0.6728E-05  0.6728E-05  0.3400E+02
   2.190  0.8434E-05  0.8435E-05  0.3400E+02
   2.200  0.1055E-04  0.1055E-04  0.3400E+02
   2.210  0.1316E-04  0.1316E-04  0.3400E+02
   2.220  0.1637E-04  0.1637E-04  0.3400E+02
   2.230  0.2032E-04  0.2033E-04  0.3400E+02
   2.240  0.2517E-04  0.2517E-04  0.3400E+02
   2.250  0.3109E-04  0.3110E-04  0.3400E+02
   2.260  0.3832E-04  0.3832E-04  0.3400E+02
   2.270  0.4711E-04  0.4711E-04  0.3400E+02
   2.280  0.5778E-04  0.5778E-04  0.3400E+02
   2.290  0.7069E-04  0.7070E-04  0.3400E+02
   2.300  0.8628E-04  0.8629E-04  0.3400E+02
   2.310  0.1051E-03  0.1051E-03  0.3400E+02
   2.320  0.1276E-03  0.1276E-03  0.3400E+02
   2.330  0.1547E-03  0.1547E-03  0.3400E+02
   2.340  0.1870E-03  0.1871E-03  0.3400E+02
   2.350  0.2256E-03  0.2256E-03  0.3400E+02
   2.360  0.2715E-03  0.2715E-03  0.3400E+02
   2.370  0.3260E-03  0.3260E-03  0.3400E+02
   2.380  0.3905E-03  0.3905E-03  0.3400E+02
   2.390  0.4667E-03  0.4668E-03  0.3400E+02
   2.400  0.5565E-03  0.5565E-03  0.3400E+02
   2.410  0.6620E-03  0.6621E-03  0.3400E+02
   2.420  0.7858E-03  0.7859E-03  0.3400E+02
   2.430  0.9306E-03  0.9307E-03  0.3400E+02
   2.440  0.1100E-02  0.1100E-02  0.3400E+02
   2.450  0.1296E-02  0.1296E-02  0.3400E+02
   2.460  0.1525E-02  0.1525E-02  0.3400E+02
   2.470  0.1790E-02  0.1790E-02  0.3400E+02
   2.480  0.2096E-02  0.2096E-02  0.3400E+02
   2.490  0.2449E-02  0.2449E-02  0.3400E+02
   2.500  0.2855E-02  0.2856E-02  0.3400E+02
   2.510  0.3322E-02  0.3322E-02  0.3400E+02
   2.520  0.3856E-02  0.3857E-02  0.3400E+02
   2.530  0.4467E-02  0.4467E-02  0.3400E+02
   2.540  0.5163E-02  0.5164E-02  0.3400E+02
   2.550  0.5955E-02  0.5956E-02  0.3400E+02
   2.560  0.6854E-02  0.6855E-02  0.3400E+02
   2.570  0.7872E-02  0.7873E-02  0.3400E+02
   2.580  0.9022E-02  0.9023E-02  0.3400E+02
   2.590  0.1032E-01  0.1032E-01  0.3400E+02
   2.600  0.1178E-01  0.1178E-01  0.3400E+02
   2.610  0.1341E-01  0.1341E-01  0.3400E+02
   2.620  0.1525E-01  0.1525E-01  0.3400E+02
   2.630  0.1729E-01  0.1729E-01  0.3400E+02
   2.640  0.1958E-01  0.1958E-01  0.3400E+02
   2.650  0.2211E-01  0.2212E-01  0.3400E+02
   2.660  0.2493E-01  0.2493E-01  0.3400E+02
   2.670  0.2805E-01  0.2806E-01  0.3400E+02
   2.680  0.3150E-01  0.3150E-01  0.3401E+02
   2.690  0.3530E-01  0.3531E-01  0.3401E+02
   2.700  0.3949E-01  0.3949E-01  0.3401E+02
   2.710  0.4408E-01  0.4408E-01  0.3401E+02
   2.720  0.4911E-01  0.4912E-01  0.3401E+02
   2.730  0.5462E-01  0.5462E-01  0.3401E+02
   2.740  0.6062E-01  0.6062E-01  0.3401E+02
   2.750  0.6715E-01  0.6715E-01  0.3401E+02
   2.760  0.7424E-01  0.7425E-01  0.3401E+02
   2.770  0.8193E-01  0.8194E-01  0.3402E+02
   2.780  0.9025E-01  0.9026E-01  0.3402E+02
   2.790  0.9923E-01  0.9924E-01  0.3402E+02
   2.800  0.1089E+00  0.1089E+00  0.3402E+02
   2.810  0.1193E+00  0.1193E+00  0.3402E+02
   2.820  0.1304E+00  0.1304E+00  0.3403E+02
   2.830  0.1424E+00  0.1424E+00  0.3403E+02
   2.840  0.1551E+00  0.1551E+00  0.3403E+02
   2.850  0.1687E+00  0.1687E+00  0.3404E+02
   2.860  0.1831E+00  0.1832E+00  0.3404E+02
   2.870  0.1985E+00  0.1985E+00  0.3404E+02
   2.880  0.2147E+00  0.2147E+00  0.3405E+02
   2.890  0.2319E+00  0.2319E+00  0.3405E+02
   2.900  0.2500E+00  0.2500E+00  0.3406E+02
   2.910  0.2691E+00  0.2691E+00  0.3406E+02
   2.920  0.2891E+00  0.2891E+00  0.3407E+02
   2.930  0.3101E+00  0.3101E+00  0.3407E+02
   2.940  0.3321E+00  0.3321E+00  0.3408E+02
   2.950  0.3550E+00  0.3550E+00  0.3409E+02
   2.960  0.3789E+00  0.3789E+00  0.3410E+02
   2.970  0.4037E+00  0.4037E+00  0.3410E+02
   2.980  0.4295E+00  0.4295E+00  0.3411E+02
   2.990  0.4562E+00  0.4562E+00  0.3412E+02
   3.000  0.4837E+00  0.4838E+00  0.3413E+02
   3.010  0.5121E+00  0.5122E+00  0.3414E+02
   3.020  0.5414E+00  0.5414E+00  0.3415E+02
   3.030  0.5714E+00  0.5714E+00  0.3416E+02
   3.040  0.6021E+00  0.6021E+00  0.3418E+02
   3.050  0.6335E+00  0.6335E+00  0.3419E+02
   3.060  0.6655E+00  0.6655E+00  0.3420E+02
   3.070  0.6980E+00  0.6981E+00  0.3422E+02
   3.080  0.7311E+00  0.7311E+00  0.3423E+02
   3.090  0.7646E+00  0.7646E+00  0.3425E+02
   3.100  0.7984E+00  0.7984E+00  0.3426E+02
   3.110  0.8324E+00  0.8324E+00  0.3428E+02
   3.120  0.8666E+00  0.8667E+00  0.3430E+02
   3.130  0.9009E+00  0.9010E+00  0.3431E+02
   3.140  0.9352E+00  0.9353E+00  0.3433E+02
   3.150  0.9694E+00  0.9695E+00  0.3435E+02
   3.160  0.1003E+01  0.1003E+01  0.3437E+02
   3.170  0.1037E+01  0.1037E+01  0.3439E+02
   3.180  0.1070E+01  0.1070E+01  0.3441E+02
   3.190  0.1103E+01  0.1103E+01  0.3444E+02
   3.200  0.1135E+01  0.1135E+01  0.3446E+02
   3.210  0.1167E+01  0.1167E+01  0.3448E+02
   3.220  0.1198E+01  0.1198E+01  0.3451E+02
   3.230  0.1227E+01  0.1227E+01  0.3453E+02
   3.240  0.1256E+01  0.1256E+01  0.3456E+02
   3.250  0.1284E+01  0.1284E+01  0.3458E+02
   3.260  0.1310E+01  0.1310E+01  0.3461E+02
   3.270  0.1335E+01  0.1335E+01  0.3463E+02
   3.280  0.1359E+01  0.1359E+01  0.3466E+02
   3.290  0.1381E+01  0.1381E+01  0.3469E+02
   3.300  0.1401E+01  0.1401E+01  0.3472E+02
   3.310  0.1420E+01  0.1420E+01  0.3475E+02
   3.320  0.1438E+01  0.1438E+01  0.3477E+02
   3.330  0.1453E+01  0.1453E+01  0.3480E+02
   3.340  0.1467E+01  0.1467E+01  0.3483E+02
   3.350  0.1479E+01  0.1479E+01  0.3486E+02
   3.360  0.1489E+01  0.1489E+01  0.3489E+02
   3.370  0.1496E+01  0.1496E+01  0.3492E+02
   3.380  0.1502E+01  0.1502E+01  0.3495E+02
   3.390  0.1506E+01  0.1506E+01  0.3498E+02
   3.400  0.1508E+01  0.1508E+01  0.3501E+02
   3.410  0.1508E+01  0.1508E+01  0.3504E+02
   3.420  0.1506E+01  0.1506E+01  0.3507E+02
   3.430  0.1502E+01  0.1502E+01  0.3510E+02
   3.440  0.1496E+01  0.1496E+01  0.3513E+02
   3.450  0.1488E+01  0.1488E+01  0.3516E+02
   3.460  0.1478E+01  0.1478E+01  0.3519E+02
   3.470  0.1467E+01  0.1467E+01  0.3522E+02
   3.480  0.1453E+01  0.1453E+01  0.3525E+02
   3.490  0.1438E+01  0.1438E+01  0.3528E+02
   3.500  0.1421E+01  0.1421E+01  0.3531E+02
   3.510  0.1403E+01  0.1403E+01  0.3534E+02
   3.520  0.1383E+01  0.1383E+01  0.3536E+02
   3.530  0.1361E+01  0.1361E+01  0.3539E+02
   3.540  0.1338E+01  0.1338E+01  0.3542E+02
   3.550  0.1314E+01  0.1314E+01  0.3544E+02
   3.560  0.1289E+01  0.1289E+01  0.3547E+02
   3.570  0.1262E+01  0.1262E+01  0.3549E+02
   3.580  0.1235E+01  0.1235E+01  0.3552E+02
   3.590  0.1206E+01  0.1206E+01  0.3554E+02
   3.600  0.1177E+01  0.1177E+01  0.3557E+02
   3.610  0.1147E+01  0.1147E+01  0.3559E+02
   3.620  0.1116E+01  0.1116E+01  0.3561E+02
   3.630  0.1084E+01  0.1084E+01  0.3563E+02
   3.640  0.1052E+01  0.1052E+01  0.3565E+02
   3.650  0.1020E+01  0.1020E+01  0.3568E+02
   3.660  0.9870E+00  0.9870E+00  0.3569E+02
   3.670  0.9540E+00  0.9539E+00  0.3571E+02
   3.680  0.9207E+00  0.9207E+00  0.3573E+02
   3.690  0.8873E+00  0.8873E+00  0.3575E+02
   3.700  0.8538E+00  0.8538E+00  0.3577E+02
   3.710  0.8204E+00  0.8204E+00  0.3578E+02
   3.720  0.7871E+00  0.7871E+00  0.3580E+02
   3.730  0.7539E+00  0.7539E+00  0.3581E+02
   3.740  0.7210E+00  0.7210E+00  0.3583E+02
   3.750  0.6884E+00  0.6884E+00  0.3584E+02
   3.760  0.6562E+00  0.6562E+00  0.3586E+02
   3.770  0.6244E+00  0.6244E+00  0.3587E+02
   3.780  0.5930E+00  0.5930E+00  0.3588E+02
   3.790  0.5622E+00  0.5622E+00  0.3589E+02
   3.800  0.5320E+00  0.5320E+00  0.3590E+02
   3.810  0.5024E+00  0.5024E+00  0.3591E+02
   3.820  0.4735E+00  0.4735E+00  0.3592E+02
   3.830  0.4453E+00  0.4453E+00  0.3593E+02
   3.840  0.4179E+00  0.4179E+00  0.3594E+02
   3.850  0.3912E+00  0.3912E+00  0.3595E+02
   3.860  0.3654E+00  0.3654E+00  0.3595E+02
   3.870  0.3405E+00  0.3405E+00  0.3596E+02
   3.880  0.3164E+00  0.3164E+00  0.3597E+02
   3.890  0.2932E+00  0.2932E+00  0.3597E+02
   3.900  0.2709E+00  0.2709E+00  0.3598E+02
   3.910  0.2496E+00  0.2496E+00  0.3598E+02
   3.920  0.2292E+00  0.2292E+00  0.3599E+02
   3.930  0.2098E+00  0.2098E+00  0.3599E+02
   3.940  0.1913E+00  0.1913E+00  0.3600E+02
   3.950  0.1737E+00  0.1737E+00  0.3600E+02
   3.960  0.1571E+00  0.1571E+00  0.3600E+02
   3.970  0.1415E+00  0.1415E+00  0.3601E+02
   3.980  0.1268E+00  0.1268E+00  0.3601E+02
   3.990  0.1130E+00  0.1130E+00  0.3601E+02
   4.000  0.1001E+00  0.1001E+00  0.3601E+02
   4.010  0.8813E-01  0.8812E-01  0.3601E+02
   4.020  0.7702E-01  0.7701E-01  0.3602E+02
   4.030  0.6677E-01  0.6676E-01  0.3602E+02
   4.040  0.5736E-01  0.5736E-01  0.3602E+02
   4.050  0.4878E-01  0.4877E-01  0.3602E+02
   4.060  0.4100E-01  0.4099E-01  0.3602E+02
   4.070  0.3400E-01  0.3400E-01  0.3602E+02
   4.080  0.2778E-01  0.2777E-01  0.3602E+02
   4.090  0.2231E-01  0.2231E-01  0.3602E+02
   4.100  0.1758E-01  0.1758E-01  0.3602E+02
   4.110  0.1359E-01  0.1358E-01  0.3602E+02
   4.120  0.1031E-01  0.1031E-01  0.3602E+02
   4.130  0.7755E-02  0.7753E-02  0.3602E+02
   4.140  0.5916E-02  0.5914E-02  0.3602E+02
   4.150  0.4796E-02  0.4795E-02  0.3602E+02
   4.160  0.4403E-02  0.4402E-02  0.3602E+02
   4.170  0.4749E-02  0.4748E-02  0.3602E+02
   4.180  0.5850E-02  0.5850E-02  0.3602E+02
   4.190  0.7728E-02  0.7728E-02  0.3602E+02
   4.200  0.1041E-01  0.1041E-01  0.3602E+02
   4.210  0.1393E-01  0.1393E-01  0.3602E+02
   4.220  0.1832E-01  0.1832E-01  0.3602E+02
   4.230  0.2363E-01  0.2364E-01  0.3602E+02
   4.240  0.2991E-01  0.2991E-01  0.3603E+02
   4.250  0.3721E-01  0.3721E-01  0.3603E+02
   4.260  0.4558E-01  0.4559E-01  0.3603E+02
   4.270  0.5510E-01  0.5511E-01  0.3603E+02
   4.280  0.6583E-01  0.6584E-01  0.3603E+02
   4.290  0.7785E-01  0.7786E-01  0.3603E+02
   4.300  0.9122E-01  0.9123E-01  0.3603E+02
   4.310  0.1060E+00  0.1060E+00  0.3603E+02
   4.320  0.1224E+00  0.1224E+00  0.3604E+02
   4.330  0.1403E+00  0.1403E+00  0.3604E+02
   4.340  0.1599E+00  0.1599E+00  0.3604E+02
   4.350  0.1813E+00  0.1813E+00  0.3605E+02
   4.360  0.2046E+00  0.2046E+00  0.3605E+02
   4.370  0.2297E+00  0.2297E+00  0.3606E+02
   4.380  0.2569E+00  0.2569E+00  0.3606E+02
   4.390  0.2861E+00  0.2862E+00  0.3607E+02
   4.400  0.3175E+00  0.3175E+00  0.3607E+02
   4.410  0.3511E+00  0.3511E+00  0.3608E+02
   4.420  0.3869E+00  0.3870E+00  0.3609E+02
   4.430  0.4250E+00  0.4251E+00  0.3610E+02
   4.440  0.4655E+00  0.4655E+00  0.3611E+02
   4.450  0.5082E+00  0.5083E+00  0.3612E+02
   4.460  0.5533E+00  0.5534E+00  0.3613E+02
   4.470  0.6007E+00  0.6008E+00  0.3614E+02
   4.480  0.6504E+00  0.6505E+00  0.3615E+02
   4.490  0.7024E+00  0.7024E+00  0.3617E+02
   4.500  0.7565E+00  0.7566E+00  0.3618E+02
   4.510  0.8128E+00  0.8128E+00  0.3620E+02
   4.520  0.8710E+00  0.8710E+00  0.3621E+02
   4.530  0.9311E+00  0.9312E+00  0.3623E+02
   4.540  0.9930E+00  0.9930E+00  0.3625E+02
   4.550  0.1056E+01  0.1057E+01  0.3627E+02
   4.560  0.1121E+01  0.1121E+01  0.3630E+02
   4.570  0.1187E+01  0.1188E+01  0.3632E+02
   4.580  0.1255E+01  0.1255E+01  0.3635E+02
   4.590  0.1323E+01  0.1323E+01  0.3637E+02
   4.600  0.1391E+01  0.1391E+01  0.3640E+02
   4.610  0.1460E+01  0.1460E+01  0.3643E+02
   4.620  0.1529E+01  0.1529E+01  0.3646E+02
   4.630  0.1597E+01  0.1597E+01  0.3649E+02
   4.640  0.1666E+01  0.1666E+01  0.3652E+02
   4.650  0.1733E+01  0.1733E+01  0.3656E+02
   4.660  0.1799E+01  0.1799E+01  0.3660E+02
   4.670  0.1864E+01  0.1864E+01  0.3663E+02
   4.680  0.1928E+01  0.1928E+01  0.3667E+02
   4.690  0.1989E+01  0.1989E+01  0.3671E+02
   4.700  0.2049E+01  0.2049E+01  0.3675E+02
   4.710  0.2106E+01  0.2106E+01  0.3679E+02
   4.720  0.2160E+01  0.2160E+01  0.3684E+02
   4.730  0.2212E+01  0.2212E+01  0.3688E+02
   4.740  0.2260E+01  0.2260E+01  0.3693E+02
   4.750  0.2306E+01  0.2306E+01  0.3697E+02
   4.760  0.2348E+01  0.2348E+01  0.3702E+02
   4.770  0.2387E+01  0.2387E+01  0.3707E+02
   4.780  0.2422E+01  0.2422E+01  0.3712E+02
   4.790  0.2453E+01  0.2453E+01  0.3716E+02
   4.800  0.2481E+01  0.2481E+01  0.3721E+02
   4.810  0.2505E+01  0.2505E+01  0.3726E+02
   4.820  0.2526E+01  0.2526E+01  0.3732E+02
   4.830  0.2543E+01  0.2543E+01  0.3737E+02
   4.840  0.2557E+01  0.2557E+01  0.3742E+02
   4.850  0.2567E+01  0.2567E+01  0.3747E+02
   4.860  0.2574E+01  0.2574E+01  0.3752E+02
   4.870  0.2578E+01  0.2578E+01  0.3757E+02
   4.880  0.2579E+01  0.2579E+01  0.3762E+02
   4.890  0.2577E+01  0.2577E+01  0.3767E+02
   4.900  0.2573E+01  0.2573E+01  0.3773E+02
   4.910  0.2567E+01  0.2567E+01  0.3778E+02
   4.920  0.2559E+01  0.2559E+01  0.3783E+02
   4.930  0.2549E+01  0.2549E+01  0.3788E+02
   4.940  0.2538E+01  0.2538E+01  0.3793E+02
   4.950  0.2526E+01  0.2526E+01  0.3798E+02
   4.960  0.2514E+01  0.2514E+01  0.3803E+02
   4.970  0.2500E+01  0.2500E+01  0.3808E+02
   4.980  0.2487E+01  0.2487E+01  0.3813E+02
   4.990  0.2474E+01  0.2474E+01  0.3818E+02
   5.000  0.2461E+01  0.2461E+01  0.3823E+02
   5.010  0.2450E+01  0.2450E+01  0.3828E+02
   5.020  0.2439E+01  0.2439E+01  0.3833E+02
   5.030  0.2429E+01  0.2429E+01  0.3838E+02
   5.040  0.2421E+01  0.2421E+01  0.3842E+02
   5.050  0.2414E+01  0.2414E+01  0.3847E+02
   5.060  0.2410E+01  0.2410E+01  0.3852E+02
   5.070  0.2407E+01  0.2407E+01  0.3857E+02
   5.080  0.2407E+01  0.2407E+01  0.3862E+02
   5.090  0.2409E+01  0.2409E+01  0.3867E+02
   5.100  0.2413E+01  0.2413E+01  0.3871E+02
   5.110  0.2420E+01  0.2420E+01  0.3876E+02
   5.120  0.2429E+01  0.2429E+01  0.3881E+02
   5.130  0.2441E+01  0.2441E+01  0.3886E+02
   5.140  0.2456E+01  0.2456E+01  0.3891E+02
   5.150  0.2473E+01  0.2473E+01  0.3896E+02
   5.160  0.2492E+01  0.2492E+01  0.3901E+02
   5.170  0.2514E+01  0.2514E+01  0.3906E+02
   5.180  0.2538E+01  0.2538E+01  0.3911E+02
   5.190  0.2564E+01  0.2564E+01  0.3916E+02
   5.200  0.2591E+01  0.2591E+01  0.3921E+02
   5.210  0.2621E+01  0.2621E+01  0.3926E+02
   5.220  0.2652E+01  0.2652E+01  0.3932E+02
   5.230  0.2685E+01  0.2685E+01  0.3937E+02
   5.240  0.2718E+01  0.2718E+01  0.3943E+02
   5.250  0.2753E+01  0.2753E+01  0.3948E+02
   5.260  0.2788E+01  0.2788E+01  0.3954E+02
   5.270  0.2824E+01  0.2824E+01  0.3959E+02
   5.280  0.2859E+01  0.2859E+01  0.3965E+02
   5.290  0.2895E+01  0.2895E+01  0.3971E+02
   5.300  0.2930E+01  0.2930E+01  0.3977E+02
   5.310  0.2964E+01  0.2964E+01  0.3983E+02
   5.320  0.2998E+01  0.2998E+01  0.3989E+02
   5.330  0.3030E+01  0.3030E+01  0.3995E+02
   5.340  0.3061E+01  0.3061E+01  0.4001E+02
   5.350  0.3091E+01  0.3091E+01  0.4007E+02
   5.360  0.3119E+01  0.3119E+01  0.4013E+02
   5.370  0.3145E+01  0.3145E+01  0.4019E+02
   5.380  0.3169E+01  0.3169E+01  0.4026E+02
   5.390  0.3191E+01  0.3191E+01  0.4032E+02
   5.400  0.3210E+01  0.3210E+01  0.4039E+02
   5.410  0.3228E+01  0.3228E+01  0.4045E+02
   5.420  0.3243E+01  0.3243E+01  0.4052E+02
   5.430  0.3256E+01  0.3256E+01  0.4058E+02
   5.440  0.3266E+01  0.3266E+01  0.4065E+02
   5.450  0.3275E+01  0.3275E+01  0.4071E+02
   5.460  0.3282E+01  0.3282E+01  0.4078E+02
   5.470  0.3287E+01  0.3287E+01  0.4084E+02
   5.480  0.3291E+01  0.3291E+01  0.4091E+02
   5.490  0.3293E+01  0.3293E+01  0.4097E+02
   5.500  0.3295E+01  0.3295E+01  0.4104E+02
   5.510  0.3296E+01  0.3296E+01  0.4111E+02
   5.520  0.3296E+01  0.3296E+01  0.4117E+02
   5.530  0.3297E+01  0.3297E+01  0.4124E+02
   5.540  0.3298E+01  0.3298E+01  0.4130E+02
   5.550  0.3300E+01  0.3300E+01  0.4137E+02
   5.560  0.3304E+01  0.3304E+01  0.4144E+02
   5.570  0.3309E+01  0.3309E+01  0.4150E+02
   5.580  0.3316E+01  0.3316E+01  0.4157E+02
   5.590  0.3326E+01  0.3326E+01  0.4164E+02
   5.600  0.3340E+01  0.3340E+01  0.4170E+02
   5.610  0.3356E+01  0.3356E+01  0.4177E+02
   5.620  0.3377E+01  0.3377E+01  0.4184E+02
   5.630  0.3401E+01  0.3401E+01  0.4190E+02
   5.640  0.3430E+01  0.3430E+01  0.4197E+02
   5.650  0.3464E+01  0.3464E+01  0.4204E+02
   5.660  0.3503E+01  0.3503E+01  0.4211E+02
   5.670  0.3547E+01  0.3547E+01  0.4218E+02
   5.680  0.3596E+01  0.3596E+01  0.4226E+02
   5.690  0.3651E+01  0.3651E+01  0.4233E+02
   5.700  0.3711E+01  0.3711E+01  0.4240E+02
   5.710  0.3776E+01  0.3776E+01  0.4248E+02
   5.720  0.3846E+01  0.3846E+01  0.4256E+02
   5.730  0.3921E+01  0.3921E+01  0.4263E+02
   5.740  0.4000E+01  0.4000E+01  0.4271E+02
   5.750  0.4084E+01  0.4084E+01  0.4280E+02
   5.760  0.4172E+01  0.4172E+01  0.4288E+02
   5.770  0.4263E+01  0.4263E+01  0.4296E+02
   5.780  0.4356E+01  0.4357E+01  0.4305E+02
   5.790  0.4452E+01  0.4452E+01  0.4314E+02
   5.800  0.4550E+01  0.4550E+01  0.4323E+02
   5.810  0.4648E+01  0.4648E+01  0.4332E+02
   5.820  0.4746E+01  0.4746E+01  0.4342E+02
   5.830  0.4844E+01  0.4844E+01  0.4352E+02
   5.840  0.4940E+01  0.4940E+01  0.4361E+02
   5.850  0.5034E+01  0.5034E+01  0.4372E+02
   5.860  0.5125E+01  0.5125E+01  0.4382E+02
   5.870  0.5212E+01  0.5212E+01  0.4392E+02
   5.880  0.5294E+01  0.5294E+01  0.4403E+02
   5.890  0.5371E+01  0.5371E+01  0.4414E+02
   5.900  0.5441E+01  0.5441E+01  0.4424E+02
   5.910  0.5505E+01  0.5505E+01  0.4435E+02
   5.920  0.5562E+01  0.5562E+01  0.4447E+02
   5.930  0.5610E+01  0.5610E+01  0.4458E+02
   5.940  0.5649E+01  0.5649E+01  0.4469E+02
   5.950  0.5679E+01  0.5679E+01  0.4480E+02
   5.960  0.5700E+01  0.5700E+01  0.4492E+02
   5.970  0.5711E+01  0.5711E+01  0.4503E+02
   5.980  0.5711E+01  0.5711E+01  0.4515E+02
   5.990  0.5701E+01  0.5701E+01  0.4526E+02
   6.000  0.5680E+01  0.5680E+01  0.4537E+02
   6.010  0.5648E+01  0.5648E+01  0.4549E+02
   6.020  0.5606E+01  0.5606E+01  0.4560E+02
   6.030  0.5553E+01  0.5553E+01  0.4571E+02
   6.040  0.5490E+01  0.5490E+01  0.4582E+02
   6.050  0.5417E+01  0.5417E+01  0.4593E+02
   6.060  0.5334E+01  0.5334E+01  0.4604E+02
   6.070  0.5242E+01  0.5242E+01  0.4614E+02
   6.080  0.5141E+01  0.5141E+01  0.4624E+02
   6.090  0.5031E+01  0.5031E+01  0.4634E+02
   6.100  0.4913E+01  0.4913E+01  0.4644E+02
   6.110  0.4788E+01  0.4788E+01  0.4654E+02
   6.120  0.4657E+01  0.4657E+01  0.4663E+02
   6.130  0.4519E+01  0.4519E+01  0.4672E+02
   6.140  0.4376E+01  0.4376E+01  0.4681E+02
   6.150  0.4229E+01  0.4229E+01  0.4689E+02
   6.160  0.4077E+01  0.4077E+01  0.4697E+02
   6.170  0.3923E+01  0.3922E+01  0.4705E+02
   6.180  0.3765E+01  0.3765E+01  0.4713E+02
   6.190  0.3607E+01  0.3607E+01  0.4720E+02
   6.200  0.3447E+01  0.3447E+01  0.4727E+02
   6.210  0.3287E+01  0.3286E+01  0.4734E+02
   6.220  0.3127E+01  0.3127E+01  0.4740E+02
   6.230  0.2968E+01  0.2968E+01  0.4746E+02
   6.240  0.2810E+01  0.2810E+01  0.4751E+02
   6.250  0.2655E+01  0.2655E+01  0.4757E+02
   6.260  0.2503E+01  0.2503E+01  0.4762E+02
   6.270  0.2354E+01  0.2354E+01  0.4766E+02
   6.280  0.2208E+01  0.2208E+01  0.4771E+02
   6.290  0.2067E+01  0.2067E+01  0.4775E+02
   6.300  0.1931E+01  0.1931E+01  0.4779E+02
   6.310  0.1799E+01  0.1799E+01  0.4782E+02
   6.320  0.1673E+01  0.1673E+01  0.4786E+02
   6.330  0.1552E+01  0.1552E+01  0.4789E+02
   6.340  0.1437E+01  0.1437E+01  0.4792E+02
   6.350  0.1329E+01  0.1329E+01  0.4794E+02
   6.360  0.1226E+01  0.1226E+01  0.4797E+02
   6.370  0.1130E+01  0.1130E+01  0.4799E+02
   6.380  0.1040E+01  0.1040E+01  0.4801E+02
   6.390  0.9573E+00  0.9573E+00  0.4803E+02
   6.400  0.8810E+00  0.8809E+00  0.4805E+02
   6.410  0.8113E+00  0.8113E+00  0.4806E+02
   6.420  0.7483E+00  0.7483E+00  0.4808E+02
   6.430  0.6920E+00  0.6920E+00  0.4809E+02
   6.440  0.6423E+00  0.6423E+00  0.4811E+02
   6.450  0.5992E+00  0.5992E+00  0.4812E+02
   6.460  0.5626E+00  0.5626E+00  0.4813E+02
   6.470  0.5325E+00  0.5324E+00  0.4814E+02
   6.480  0.5086E+00  0.5086E+00  0.4815E+02
   6.490  0.4909E+00  0.4909E+00  0.4816E+02
   6.500  0.4793E+00  0.4793E+00  0.4817E+02
   6.510  0.4737E+00  0.4737E+00  0.4818E+02
   6.520  0.4739E+00  0.4739E+00  0.4819E+02
   6.530  0.4797E+00  0.4797E+00  0.4820E+02
   6.540  0.4911E+00  0.4911E+00  0.4821E+02
   6.550  0.5078E+00  0.5079E+00  0.4822E+02
   6.560  0.5298E+00  0.5298E+00  0.4823E+02
   6.570  0.5569E+00  0.5569E+00  0.4824E+02
   6.580  0.5889E+00  0.5889E+00  0.4825E+02
   6.590  0.6257E+00  0.6257E+00  0.4826E+02
   6.600  0.6671E+00  0.6671E+00  0.4828E+02
   6.610  0.7129E+00  0.7130E+00  0.4829E+02
   6.620  0.7631E+00  0.7631E+00  0.4831E+02
   6.630  0.8174E+00  0.8174E+00  0.4832E+02
   6.640  0.8757E+00  0.8757E+00  0.4834E+02
   6.650  0.9378E+00  0.9378E+00  0.4836E+02
   6.660  0.1004E+01  0.1004E+01  0.4838E+02
   6.670  0.1073E+01  0.1073E+01  0.4840E+02
   6.680  0.1145E+01  0.1145E+01  0.4842E+02
   6.690  0.1221E+01  0.1221E+01  0.4845E+02
   6.700  0.1299E+01  0.1299E+01  0.4847E+02
   6.710  0.1381E+01  0.1381E+01  0.4850E+02
   6.720  0.1464E+01  0.1464E+01  0.4853E+02
   6.730  0.1550E+01  0.1550E+01  0.4856E+02
   6.740  0.1638E+01  0.1638E+01  0.4860E+02
   6.750  0.1728E+01  0.1728E+01  0.4863E+02
   6.760  0.1819E+01  0.1819E+01  0.4867E+02
   6.770  0.1912E+01  0.1912E+01  0.4870E+02
   6.780  0.2005E+01  0.2005E+01  0.4874E+02
   6.790  0.2100E+01  0.2100E+01  0.4879E+02
   6.800  0.2194E+01  0.2194E+01  0.4883E+02
   6.810  0.2289E+01  0.2289E+01  0.4888E+02
   6.820  0.2384E+01  0.2384E+01  0.4892E+02
   6.830  0.2478E+01  0.2478E+01  0.4897E+02
   6.840  0.2572E+01  0.2572E+01  0.4902E+02
   6.850  0.2664E+01  0.2664E+01  0.4908E+02
   6.860  0.2755E+01  0.2755E+01  0.4913E+02
   6.870  0.2845E+01  0.2845E+01  0.4919E+02
   6.880  0.2933E+01  0.2933E+01  0.4925E+02
   6.890  0.3019E+01  0.3019E+01  0.4931E+02
   6.900  0.3102E+01  0.3102E+01  0.4937E+02
   6.910  0.3183E+01  0.3183E+01  0.4943E+02
   6.920  0.3262E+01  0.3262E+01  0.4950E+02
   6.930  0.3337E+01  0.3337E+01  0.4957E+02
   6.940  0.3410E+01  0.3410E+01  0.4963E+02
   6.950  0.3480E+01  0.3480E+01  0.4970E+02
   6.960  0.3546E+01  0.3546E+01  0.4978E+02
   6.970  0.3610E+01  0.3610E+01  0.4985E+02
   6.980  0.3670E+01  0.3670E+01  0.4992E+02
   6.990  0.3728E+01  0.3728E+01  0.5000E+02
   7.000  0.3782E+01  0.3782E+01  0.5007E+02
   7.010  0.3834E+01  0.3834E+01  0.5015E+02
   7.020  0.3883E+01  0.3883E+01  0.5023E+02
   7.030  0.3929E+01  0.3930E+01  0.5030E+02
   7.040  0.3974E+01  0.3974E+01  0.5038E+02
   7.050  0.4016E+01  0.4016E+01  0.5046E+02
   7.060  0.4056E+01  0.4056E+01  0.5055E+02
   7.070  0.4094E+01  0.4094E+01  0.5063E+02
   7.080  0.4131E+01  0.4132E+01  0.5071E+02
   7.090  0.4168E+01  0.4168E+01  0.5079E+02
   7.100  0.4203E+01  0.4203E+01  0.5088E+02
   7.110  0.4237E+01  0.4238E+01  0.5096E+02
   7.120  0.4272E+01  0.4272E+01  0.5105E+02
   7.130  0.4306E+01  0.4306E+01  0.5113E+02
   7.140  0.4341E+01  0.4341E+01  0.5122E+02
   7.150  0.4376E+01  0.4376E+01  0.5131E+02
   7.160  0.4411E+01  0.4411E+01  0.5140E+02
   7.170  0.4448E+01  0.4448E+01  0.5148E+02
   7.180  0.4485E+01  0.4485E+01  0.5157E+02
   7.190  0.4523E+01  0.4523E+01  0.5166E+02
   7.200  0.4563E+01  0.4563E+01  0.5176E+02
   7.210  0.4604E+01  0.4604E+01  0.5185E+02
   7.220  0.4646E+01  0.4646E+01  0.5194E+02
   7.230  0.4690E+01  0.4690E+01  0.5204E+02
   7.240  0.4734E+01  0.4734E+01  0.5213E+02
   7.250  0.4780E+01  0.4780E+01  0.5223E+02
   7.260  0.4827E+01  0.4827E+01  0.5232E+02
   7.270  0.4875E+01  0.4875E+01  0.5242E+02
   7.280  0.4924E+01  0.4924E+01  0.5252E+02
   7.290  0.4973E+01  0.4974E+01  0.5262E+02
   7.300  0.5023E+01  0.5024E+01  0.5272E+02
   7.310  0.5074E+01  0.5074E+01  0.5282E+02
   7.320  0.5124E+01  0.5124E+01  0.5292E+02
   7.330  0.5174E+01  0.5174E+01  0.5303E+02
   7.340  0.5224E+01  0.5224E+01  0.5313E+02
   7.350  0.5273E+01  0.5273E+01  0.5324E+02
   7.360  0.5321E+01  0.5321E+01  0.5334E+02
   7.370  0.5368E+01  0.5368E+01  0.5345E+02
   7.380  0.5413E+01  0.5413E+01  0.5356E+02
   7.390  0.5457E+01  0.5457E+01  0.5367E+02
   7.400  0.5499E+01  0.5499E+01  0.5378E+02
   7.410  0.5539E+01  0.5539E+01  0.5389E+02
   7.420  0.5576E+01  0.5576E+01  0.5400E+02
   7.430  0.5611E+01  0.5611E+01  0.5411E+02
   7.440  0.5644E+01  0.5644E+01  0.5422E+02
   7.450  0.5673E+01  0.5673E+01  0.5434E+02
   7.460  0.5699E+01  0.5700E+01  0.5445E+02
   7.470  0.5723E+01  0.5723E+01  0.5457E+02
   7.480  0.5743E+01  0.5743E+01  0.5468E+02
   7.490  0.5760E+01  0.5760E+01  0.5480E+02
   7.500  0.5774E+01  0.5774E+01  0.5491E+02
   7.510  0.5784E+01  0.5784E+01  0.5503E+02
   7.520  0.5791E+01  0.5791E+01  0.5514E+02
   7.530  0.5795E+01  0.5795E+01  0.5526E+02
   7.540  0.5795E+01  0.5795E+01  0.5537E+02
   7.550  0.5792E+01  0.5792E+01  0.5549E+02
   7.560  0.5786E+01  0.5786E+01  0.5561E+02
   7.570  0.5776E+01  0.5777E+01  0.5572E+02
   7.580  0.5764E+01  0.5764E+01  0.5584E+02
   7.590  0.5748E+01  0.5748E+01  0.5595E+02
   7.600  0.5730E+01  0.5730E+01  0.5607E+02
   7.610  0.5709E+01  0.5709E+01  0.5618E+02
   7.620  0.5685E+01  0.5685E+01  0.5629E+02
   7.630  0.5659E+01  0.5659E+01  0.5641E+02
   7.640  0.5630E+01  0.5630E+01  0.5652E+02
   7.650  0.5599E+01  0.5599E+01  0.5663E+02
   7.660  0.5567E+01  0.5567E+01  0.5674E+02
   7.670  0.5532E+01  0.5532E+01  0.5685E+02
   7.680  0.5496E+01  0.5496E+01  0.5696E+02
   7.690  0.5458E+01  0.5458E+01  0.5707E+02
   7.700  0.5419E+01  0.5419E+01  0.5718E+02
   7.710  0.5379E+01  0.5379E+01  0.5729E+02
   7.720  0.5338E+01  0.5338E+01  0.5740E+02
   7.730  0.5296E+01  0.5296E+01  0.5750E+02
   7.740  0.5254E+01  0.5254E+01  0.5761E+02
   7.750  0.5212E+01  0.5212E+01  0.5771E+02
   7.760  0.5170E+01  0.5170E+01  0.5781E+02
   7.770  0.5128E+01  0.5128E+01  0.5792E+02
   7.780  0.5087E+01  0.5087E+01  0.5802E+02
   7.790  0.5046E+01  0.5046E+01  0.5812E+02
   7.800  0.5006E+01  0.5006E+01  0.5822E+02
   7.810  0.4968E+01  0.4968E+01  0.5832E+02
   7.820  0.4931E+01  0.4931E+01  0.5842E+02
   7.830  0.4896E+01  0.4896E+01  0.5852E+02
   7.840  0.4863E+01  0.4863E+01  0.5861E+02
   7.850  0.4832E+01  0.4832E+01  0.5871E+02
   7.860  0.4803E+01  0.4803E+01  0.5881E+02
   7.870  0.4777E+01  0.4777E+01  0.5890E+02
   7.880  0.4754E+01  0.4754E+01  0.5900E+02
   7.890  0.4734E+01  0.4734E+01  0.5909E+02
   7.900  0.4717E+01  0.4717E+01  0.5919E+02
   7.910  0.4703E+01  0.4703E+01  0.5928E+02
   7.920  0.4693E+01  0.4693E+01  0.5937E+02
   7.930  0.4686E+01  0.4686E+01  0.5947E+02
   7.940  0.4683E+01  0.4683E+01  0.5956E+02
   7.950  0.4683E+01  0.4684E+01  0.5965E+02
   7.960  0.4688E+01  0.4688E+01  0.5975E+02
   7.970  0.4696E+01  0.4696E+01  0.5984E+02
   7.980  0.4707E+01  0.4708E+01  0.5994E+02
   7.990  0.4723E+01  0.4723E+01  0.6003E+02
   8.000  0.4742E+01  0.4742E+01  0.6013E+02
   8.010  0.4764E+01  0.4764E+01  0.6022E+02
   8.020  0.4790E+01  0.4790E+01  0.6032E+02
   8.030  0.4819E+01  0.4819E+01  0.6041E+02
   8.040  0.4851E+01  0.4851E+01  0.6051E+02
   8.050  0.4885E+01  0.4885E+01  0.6061E+02
   8.060  0.4923E+01  0.4923E+01  0.6071E+02
   8.070  0.4962E+01  0.4962E+01  0.6081E+02
   8.080  0.5004E+01  0.5004E+01  0.6091E+02
   8.090  0.5047E+01  0.5047E+01  0.6101E+02
   8.100  0.5092E+01  0.5092E+01  0.6111E+02
   8.110  0.5138E+01  0.5139E+01  0.6121E+02
   8.120  0.5186E+01  0.5186E+01  0.6131E+02
   8.130  0.5234E+01  0.5234E+01  0.6142E+02
   8.140  0.5282E+01  0.5282E+01  0.6152E+02
   8.150  0.5330E+01  0.5330E+01  0.6163E+02
   8.160  0.5378E+01  0.5378E+01  0.6174E+02
   8.170  0.5426E+01  0.5426E+01  0.6185E+02
   8.180  0.5473E+01  0.5473E+01  0.6196E+02
   8.190  0.5519E+01  0.5519E+01  0.6207E+02
   8.200  0.5563E+01  0.5563E+01  0.6218E+02
   8.210  0.5607E+01  0.5607E+01  0.6229E+02
   8.220  0.5648E+01  0.5648E+01  0.6240E+02
   8.230  0.5688E+01  0.5688E+01  0.6252E+02
   8.240  0.5726E+01  0.5726E+01  0.6263E+02
   8.250  0.5762E+01  0.5762E+01  0.6275E+02
   8.260  0.5795E+01  0.5795E+01  0.6286E+02
   8.270  0.5826E+01  0.5826E+01  0.6298E+02
   8.280  0.5855E+01  0.5855E+01  0.6310E+02
   8.290  0.5881E+01  0.5881E+01  0.6321E+02
   8.300  0.5904E+01  0.5904E+01  0.6333E+02
   8.310  0.5925E+01  0.5925E+01  0.6345E+02
   8.320  0.5942E+01  0.5942E+01  0.6357E+02
   8.330  0.5957E+01  0.5957E+01  0.6369E+02
   8.340  0.5969E+01  0.5970E+01  0.6381E+02
   8.350  0.5979E+01  0.5979E+01  0.6393E+02
   8.360  0.5985E+01  0.5985E+01  0.6405E+02
   8.370  0.5989E+01  0.5989E+01  0.6417E+02
   8.380  0.5990E+01  0.5990E+01  0.6429E+02
   8.390  0.5988E+01  0.5988E+01  0.6441E+02
   8.400  0.5983E+01  0.5983E+01  0.6453E+02
   8.410  0.5976E+01  0.5976E+01  0.6465E+02
   8.420  0.5966E+01  0.5966E+01  0.6477E+02
   8.430  0.5953E+01  0.5953E+01  0.6488E+02
   8.440  0.5938E+01  0.5938E+01  0.6500E+02
   8.450  0.5920E+01  0.5920E+01  0.6512E+02
   8.460  0.5900E+01  0.5900E+01  0.6524E+02
   8.470  0.5877E+01  0.5877E+01  0.6536E+02
   8.480  0.5852E+01  0.5852E+01  0.6547E+02
   8.490  0.5825E+01  0.5825E+01  0.6559E+02
   8.500  0.5795E+01  0.5795E+01  0.6571E+02
   8.510  0.5764E+01  0.5763E+01  0.6582E+02
   8.520  0.5730E+01  0.5730E+01  0.6594E+02
   8.530  0.5694E+01  0.5694E+01  0.6605E+02
   8.540  0.5656E+01  0.5656E+01  0.6616E+02
   8.550  0.5616E+01  0.5616E+01  0.6628E+02
   8.560  0.5575E+01  0.5575E+01  0.6639E+02
   8.570  0.5531E+01  0.5531E+01  0.6650E+02
   8.580  0.5486E+01  0.5486E+01  0.6661E+02
   8.590  0.5439E+01  0.5439E+01  0.6672E+02
   8.600  0.5391E+01  0.5390E+01  0.6682E+02
   8.610  0.5340E+01  0.5340E+01  0.6693E+02
   8.620  0.5288E+01  0.5288E+01  0.6704E+02
   8.630  0.5235E+01  0.5235E+01  0.6714E+02
   8.640  0.5180E+01  0.5180E+01  0.6725E+02
   8.650  0.5123E+01  0.5123E+01  0.6735E+02
   8.660  0.5064E+01  0.5064E+01  0.6745E+02
   8.670  0.5004E+01  0.5004E+01  0.6755E+02
   8.680  0.4942E+01  0.4942E+01  0.6765E+02
   8.690  0.4878E+01  0.4878E+01  0.6775E+02
   8.700  0.4813E+01  0.4813E+01  0.6784E+02
   8.710  0.4745E+01  0.4745E+01  0.6794E+02
   8.720  0.4676E+01  0.4676E+01  0.6803E+02
   8.730  0.4604E+01  0.4604E+01  0.6812E+02
   8.740  0.4531E+01  0.4531E+01  0.6821E+02
   8.750  0.4455E+01  0.4455E+01  0.6830E+02
   8.760  0.4377E+01  0.4377E+01  0.6839E+02
   8.770  0.4296E+01  0.4296E+01  0.6848E+02
   8.780  0.4214E+01  0.4214E+01  0.6856E+02
   8.790  0.4128E+01  0.4128E+01  0.6864E+02
   8.800  0.4041E+01  0.4040E+01  0.6872E+02
   8.810  0.3950E+01  0.3950E+01  0.6880E+02
   8.820  0.3857E+01  0.3857E+01  0.6888E+02
   8.830  0.3762E+01  0.3761E+01  0.6895E+02
   8.840  0.3664E+01  0.3663E+01  0.6903E+02
   8.850  0.3563E+01  0.3563E+01  0.6910E+02
   8.860  0.3459E+01  0.3459E+01  0.6917E+02
   8.870  0.3354E+01  0.3354E+01  0.6924E+02
   8.880  0.3246E+01  0.3245E+01  0.6930E+02
   8.890  0.3135E+01  0.3135E+01  0.6936E+02
   8.900  0.3023E+01  0.3022E+01  0.6942E+02
   8.910  0.2908E+01  0.2908E+01  0.6948E+02
   8.920  0.2792E+01  0.2792E+01  0.6954E+02
   8.930  0.2674E+01  0.2674E+01  0.6959E+02
   8.940  0.2555E+01  0.2555E+01  0.6964E+02
   8.950  0.2435E+01  0.2434E+01  0.6969E+02
   8.960  0.2314E+01  0.2313E+01  0.6974E+02
   8.970  0.2192E+01  0.2192E+01  0.6978E+02
   8.980  0.2070E+01  0.2070E+01  0.6982E+02
   8.990  0.1948E+01  0.1948E+01  0.6986E+02
   9.000  0.1827E+01  0.1827E+01  0.6990E+02
   9.010  0.1707E+01  0.1706E+01  0.6993E+02
   9.020  0.1587E+01  0.1587E+01  0.6996E+02
   9.030  0.1469E+01  0.1469E+01  0.6999E+02
   9.040  0.1353E+01  0.1353E+01  0.7002E+02
   9.050  0.1239E+01  0.1238E+01  0.7004E+02
   9.060  0.1127E+01  0.1127E+01  0.7007E+02
   9.070  0.1018E+01  0.1018E+01  0.7009E+02
   9.080  0.9122E+00  0.9120E+00  0.7011E+02
   9.090  0.8097E+00  0.8095E+00  0.7012E+02
   9.100  0.7109E+00  0.7107E+00  0.7014E+02
   9.110  0.6159E+00  0.6157E+00  0.7015E+02
   9.120  0.5250E+00  0.5248E+00  0.7016E+02
   9.130  0.4384E+00  0.4382E+00  0.7017E+02
   9.140  0.3562E+00  0.3561E+00  0.7017E+02
   9.150  0.2787E+00  0.2785E+00  0.7018E+02
   9.160  0.2059E+00  0.2057E+00  0.7018E+02
   9.170  0.1378E+00  0.1377E+00  0.7019E+02
   9.180  0.7464E-01  0.7450E-01  0.7019E+02
   9.190  0.1632E-01  0.1619E-01  0.7019E+02
   9.200 -0.3714E-01 -0.3726E-01  0.7019E+02
   9.210 -0.8577E-01 -0.8588E-01  0.7019E+02
   9.220 -0.1296E+00 -0.1297E+00  0.7018E+02
   9.230 -0.1689E+00 -0.1689E+00  0.7018E+02
   9.240 -0.2035E+00 -0.2036E+00  0.7018E+02
   9.250 -0.2338E+00 -0.2338E+00  0.7017E+02
   9.260 -0.2598E+00 -0.2598E+00  0.7017E+02
   9.270 -0.2817E+00 -0.2817E+00  0.7016E+02
   9.280 -0.2997E+00 -0.2998E+00  0.7016E+02
   9.290 -0.3141E+00 -0.3141E+00  0.7015E+02
   9.300 -0.3250E+00 -0.3250E+00  0.7014E+02
   9.310 -0.3327E+00 -0.3327E+00  0.7014E+02
   9.320 -0.3375E+00 -0.3375E+00  0.7013E+02
   9.330 -0.3394E+00 -0.3394E+00  0.7012E+02
   9.340 -0.3389E+00 -0.3389E+00  0.7012E+02
   9.350 -0.3362E+00 -0.3362E+00  0.7011E+02
   9.360 -0.3314E+00 -0.3314E+00  0.7010E+02
   9.370 -0.3248E+00 -0.3248E+00  0.7010E+02
   9.380 -0.3167E+00 -0.3167E+00  0.7009E+02
   9.390 -0.3073E+00 -0.3073E+00  0.7008E+02
   9.400 -0.2967E+00 -0.2967E+00  0.7008E+02
   9.410 -0.2853E+00 -0.2853E+00  0.7007E+02
   9.420 -0.2731E+00 -0.2731E+00  0.7007E+02
   9.430 -0.2603E+00 -0.2603E+00  0.7006E+02
   9.440 -0.2472E+00 -0.2472E+00  0.7006E+02
   9.450 -0.2339E+00 -0.2338E+00  0.7005E+02
   9.460 -0.2204E+00 -0.2204E+00  0.7005E+02
   9.470 -0.2070E+00 -0.2069E+00  0.7004E+02
   9.480 -0.1937E+00 -0.1936E+00  0.7004E+02
   9.490 -0.1806E+00 -0.1806E+00  0.7004E+02
   9.500 -0.1679E+00 -0.1678E+00  0.7003E+02
   9.510 -0.1555E+00 -0.1555E+00  0.7003E+02
   9.520 -0.1436E+00 -0.1435E+00  0.7003E+02
   9.530 -0.1321E+00 -0.1321E+00  0.7002E+02
   9.540 -0.1212E+00 -0.1212E+00  0.7002E+02
   9.550 -0.1109E+00 -0.1109E+00  0.7002E+02
   9.560 -0.1011E+00 -0.1011E+00  0.7002E+02
   9.570 -0.9189E-01 -0.9187E-01  0.7001E+02
   9.580 -0.8328E-01 -0.8326E-01  0.7001E+02
   9.590 -0.7524E-01 -0.7523E-01  0.7001E+02
   9.600 -0.6778E-01 -0.6777E-01  0.7001E+02
   9.610 -0.6088E-01 -0.6087E-01  0.7001E+02
   9.620 -0.5453E-01 -0.5451E-01  0.7001E+02
   9.630 -0.4869E-01 -0.4868E-01  0.7001E+02
   9.640 -0.4335E-01 -0.4334E-01  0.7001E+02
   9.650 -0.3849E-01 -0.3848E-01  0.7001E+02
   9.660 -0.3408E-01 -0.3407E-01  0.7000E+02
   9.670 -0.3008E-01 -0.3007E-01  0.7000E+02
   9.680 -0.2648E-01 -0.2647E-01  0.7000E+02
   9.690 -0.2324E-01 -0.2324E-01  0.7000E+02
   9.700 -0.2035E-01 -0.2034E-01  0.7000E+02
   9.710 -0.1776E-01 -0.1775E-01  0.7000E+02
   9.720 -0.1546E-01 -0.1545E-01  0.7000E+02
   9.730 -0.1342E-01 -0.1341E-01  0.7000E+02
   9.740 -0.1161E-01 -0.1161E-01  0.7000E+02
   9.750 -0.1003E-01 -0.1002E-01  0.7000E+02
   9.760 -0.8630E-02 -0.8627E-02  0.7000E+02
   9.770 -0.7408E-02 -0.7406E-02  0.7000E+02
   9.780 -0.6342E-02 -0.6340E-02  0.7000E+02
   9.790 -0.5414E-02 -0.5412E-02  0.7000E+02
   9.800 -0.4609E-02 -0.4608E-02  0.7000E+02
   9.810 -0.3913E-02 -0.3912E-02  0.7000E+02
   9.820 -0.3314E-02 -0.3312E-02  0.7000E+02
   9.830 -0.2798E-02 -0.2797E-02  0.7000E+02
   9.840 -0.2356E-02 -0.2355E-02  0.7000E+02
   9.850 -0.1979E-02 -0.1978E-02  0.7000E+02
   9.860 -0.1657E-02 -0.1656E-02  0.7000E+02
   9.870 -0.1384E-02 -0.1383E-02  0.7000E+02
   9.880 -0.1153E-02 -0.1152E-02  0.7000E+02
   9.890 -0.9576E-03 -0.9571E-03  0.7000E+02
   9.900 -0.7933E-03 -0.7929E-03  0.7000E+02
   9.910 -0.6554E-03 -0.6551E-03  0.7000E+02
   9.920 -0.5400E-03 -0.5397E-03  0.7000E+02
   9.930 -0.4437E-03 -0.4435E-03  0.7000E+02
   9.940 -0.3636E-03 -0.3634E-03  0.7000E+02
   9.950 -0.2972E-03 -0.2970E-03  0.7000E+02
   9.960 -0.2422E-03 -0.2421E-03  0.7000E+02
   9.970 -0.1969E-03 -0.1968E-03  0.7000E+02
   9.980 -0.1596E-03 -0.1595E-03  0.7000E+02
   9.990 -0.1290E-03 -0.1290E-03  0.7000E+02
  10.000 -0.1040E-03 -0.1040E-03  0.7000E+02
  10.010 -0.8364E-04 -0.8360E-04  0.7000E+02
  10.020 -0.6708E-04 -0.6704E-04  0.7000E+02
  10.030 -0.5364E-04 -0.5362E-04  0.7000E+02
  10.040 -0.4279E-04 -0.4276E-04  0.7000E+02
  10.050 -0.3404E-04 -0.3402E-04  0.7000E+02
  10.060 -0.2700E-04 -0.2699E-04  0.7000E+02
  10.070 -0.2136E-04 -0.2135E-04  0.7000E+02
  10.080 -0.1686E-04 -0.1685E-04  0.7000E+02
  10.090 -0.1326E-04 -0.1326E-04  0.7000E+02
  10.100 -0.1041E-04 -0.1040E-04  0.7000E+02
  10.110 -0.8148E-05 -0.8143E-05  0.7000E+02
  10.120 -0.6360E-05 -0.6356E-05  0.7000E+02
  10.130 -0.4951E-05 -0.4948E-05  0.7000E+02
  10.140 -0.3844E-05 -0.3842E-05  0.7000E+02
  10.150 -0.2976E-05 -0.2975E-05  0.7000E+02
  10.160 -0.2298E-05 -0.2297E-05  0.7000E+02
  10.170 -0.1770E-05 -0.1769E-05  0.7000E+02
  10.180 -0.1360E-05 -0.1359E-05  0.7000E+02
  10.190 -0.1041E-05 -0.1041E-05  0.7000E+02
  10.200 -0.7957E-06 -0.7951E-06  0.7000E+02
  10.210 -0.6062E-06 -0.6058E-06  0.7000E+02
  10.220 -0.4606E-06 -0.4603E-06  0.7000E+02
  10.230 -0.3491E-06 -0.3488E-06  0.7000E+02
  10.240 -0.2638E-06 -0.2636E-06  0.7000E+02
  10.250 -0.1989E-06 -0.1987E-06  0.7000E+02
  10.260 -0.1495E-06 -0.1494E-06  0.7000E+02
  10.270 -0.1121E-06 -0.1120E-06  0.7000E+02
  10.280 -0.8380E-07 -0.8374E-07  0.7000E+02
  10.290 -0.6249E-07 -0.6244E-07  0.7000E+02
  10.300 -0.4647E-07 -0.4644E-07  0.7000E+02
  10.310 -0.3447E-07 -0.3444E-07  0.7000E+02
  10.320 -0.2550E-07 -0.2548E-07  0.7000E+02
  10.330 -0.1881E-07 -0.1879E-07  0.7000E+02
  10.340 -0.1384E-07 -0.1383E-07  0.7000E+02
  10.350 -0.1015E-07 -0.1015E-07  0.7000E+02
  10.360 -0.7431E-08 -0.7425E-08  0.7000E+02
  10.370 -0.5423E-08 -0.5419E-08  0.7000E+02
  10.380 -0.3947E-08 -0.3944E-08  0.7000E+02
  10.390 -0.2866E-08 -0.2863E-08  0.7000E+02
  10.400 -0.2075E-08 -0.2073E-08  0.7000E+02
  10.410 -0.1498E-08 -0.1497E-08  0.7000E+02
  10.420 -0.1079E-08 -0.1078E-08  0.7000E+02
  10.430 -0.7747E-09 -0.7741E-09  0.7000E+02
  10.440 -0.5549E-09 -0.5544E-09  0.7000E+02
  10.450 -0.3963E-09 -0.3960E-09  0.7000E+02
  10.460 -0.2824E-09 -0.2821E-09  0.7000E+02
  10.470 -0.2006E-09 -0.2005E-09  0.7000E+02
  10.480 -0.1422E-09 -0.1420E-09  0.7000E+02
  10.490 -0.1005E-09 -0.1004E-09  0.7000E+02
  10.500 -0.7081E-10 -0.7075E-10  0.7000E+02
  10.510 -0.4977E-10 -0.4973E-10  0.7000E+02
  10.520 -0.3489E-10 -0.3486E-10  0.7000E+02
  10.530 -0.2439E-10 -0.2437E-10  0.7000E+02
  10.540 -0.1701E-10 -0.1699E-10  0.7000E+02
  10.550 -0.1183E-10 -0.1182E-10  0.7000E+02
  10.560 -0.8204E-11 -0.8196E-11  0.7000E+02
  10.570 -0.5674E-11 -0.5669E-11  0.7000E+02
  10.580 -0.3914E-11 -0.3911E-11  0.7000E+02
  10.590 -0.2693E-11 -0.2691E-11  0.7000E+02
  10.600 -0.1848E-11 -0.1846E-11  0.7000E+02
  10.610 -0.1264E-11 -0.1263E-11  0.7000E+02
  10.620 -0.8629E-12 -0.8622E-12  0.7000E+02
  10.630 -0.5874E-12 -0.5868E-12  0.7000E+02
  10.640 -0.3987E-12 -0.3983E-12  0.7000E+02
  10.650 -0.2699E-12 -0.2697E-12  0.7000E+02
  10.660 -0.1822E-12 -0.1821E-12  0.7000E+02
  10.670 -0.1227E-12 -0.1226E-12  0.7000E+02
  10.680 -0.8242E-13 -0.8234E-13  0.7000E+02
  10.690 -0.5520E-13 -0.5515E-13  0.7000E+02
  10.700 -0.3687E-13 -0.3684E-13  0.7000E+02
  10.710 -0.2456E-13 -0.2454E-13  0.7000E+02
  10.720 -0.1632E-13 -0.1630E-13  0.7000E+02
  10.730 -0.1081E-13 -0.1080E-13  0.7000E+02
  10.740 -0.7147E-14 -0.7140E-14  0.7000E+02
  10.750 -0.4710E-14 -0.4706E-14  0.7000E+02
  10.760 -0.3096E-14 -0.3093E-14  0.7000E+02
  10.770 -0.2030E-14 -0.2028E-14  0.7000E+02
  10.780 -0.1327E-14 -0.1326E-14  0.7000E+02
  10.790 -0.8653E-15 -0.8644E-15  0.7000E+02
  10.800 -0.5627E-15 -0.5621E-15  0.7000E+02
  10.810 -0.3649E-15 -0.3646E-15  0.7000E+02
  10.820 -0.2360E-15 -0.2358E-15  0.7000E+02
  10.830 -0.1523E-15 -0.1521E-15  0.7000E+02
  10.840 -0.9796E-16 -0.9786E-16  0.7000E+02
  10.850 -0.6286E-16 -0.6279E-16  0.7000E+02
  10.860 -0.4022E-16 -0.4018E-16  0.7000E+02
  10.870 -0.2567E-16 -0.2564E-16  0.7000E+02
  10.880 -0.1634E-16 -0.1632E-16  0.7000E+02
  10.890 -0.1037E-16 -0.1036E-16  0.7000E+02
  10.900 -0.6566E-17 -0.6559E-17  0.7000E+02
  10.910 -0.4146E-17 -0.4141E-17  0.7000E+02
  10.920 -0.2611E-17 -0.2608E-17  0.7000E+02
  10.930 -0.1639E-17 -0.1638E-17  0.7000E+02
  10.940 -0.1027E-17 -0.1026E-17  0.7000E+02
  10.950 -0.6414E-18 -0.6407E-18  0.7000E+02
  10.960 -0.3996E-18 -0.3991E-18  0.7000E+02
  10.970 -0.2483E-18 -0.2480E-18  0.7000E+02
  10.980 -0.1538E-18 -0.1537E-18  0.7000E+02
  10.990 -0.9507E-19 -0.9496E-19  0.7000E+02
  11.000 -0.5859E-19 -0.5853E-19  0.7000E+02
  11.010 -0.3602E-19 -0.3597E-19  0.7000E+02
  11.020 -0.2208E-19 -0.2205E-19  0.7000E+02
  11.030 -0.1350E-19 -0.1348E-19  0.7000E+02
  11.040 -0.8231E-20 -0.8221E-20  0.7000E+02
  11.050 -0.5005E-20 -0.4999E-20  0.7000E+02
  11.060 -0.3036E-20 -0.3032E-20  0.7000E+02
  11.070 -0.1836E-20 -0.1834E-20  0.7000E+02
  11.080 -0.1108E-20 -0.1106E-20  0.7000E+02
  11.090 -0.6664E-21 -0.6656E-21  0.7000E+02
  11.100 -0.3998E-21 -0.3994E-21  0.7000E+02
  11.110 -0.2393E-21 -0.2390E-21  0.7000E+02
  11.120 -0.1428E-21 -0.1426E-21  0.7000E+02
  11.130 -0.8499E-22 -0.8489E-22  0.7000E+02
  11.140 -0.5045E-22 -0.5039E-22  0.7000E+02
  11.150 -0.2987E-22 -0.2983E-22  0.7000E+02
  11.160 -0.1763E-22 -0.1761E-22  0.7000E+02
  11.170 -0.1038E-22 -0.1036E-22  0.7000E+02
  11.180 -0.6084E-23 -0.6076E-23  0.7000E+02
  11.190 -0.3547E-23 -0.3542E-23  0.7000E+02
  11.200 -0.2042E-23 -0.2040E-23  0.7000E+02
  11.210 -0.1138E-23 -0.1137E-23  0.7000E+02
  11.220 -0.5713E-24 -0.5705E-24  0.7000E+02
  11.230 -0.1744E-24 -0.1741E-24  0.7000E+02
  11.240  0.1713E-24  0.1712E-24  0.7000E+02
  11.250  0.5700E-24  0.5694E-24  0.7000E+02
  11.260  0.1142E-23  0.1140E-23  0.7000E+02
  11.270  0.2057E-23  0.2055E-23  0.7000E+02
  11.280  0.3585E-23  0.3581E-23  0.7000E+02
  11.290  0.6173E-23  0.6166E-23  0.7000E+02
  11.300  0.1057E-22  0.1055E-22  0.7000E+02
  11.310  0.1802E-22  0.1800E-22  0.7000E+02
  11.320  0.3063E-22  0.3060E-22  0.7000E+02
  11.330  0.5193E-22  0.5188E-22  0.7000E+02
  11.340  0.8781E-22  0.8772E-22  0.7000E+02
  11.350  0.1481E-21  0.1479E-21  0.7000E+02
  11.360  0.2490E-21  0.2488E-21  0.7000E+02
  11.370  0.4177E-21  0.4172E-21  0.7000E+02
  11.380  0.6987E-21  0.6980E-21  0.7000E+02
  11.390  0.1166E-20  0.1164E-20  0.7000E+02
  11.400  0.1939E-20  0.1937E-20  0.7000E+02
  11.410  0.3218E-20  0.3215E-20  0.7000E+02
  11.420  0.5326E-20  0.5321E-20  0.7000E+02
  11.430  0.8791E-20  0.8783E-20  0.7000E+02
  11.440  0.1447E-19  0.1446E-19  0.7000E+02
  11.450  0.2376E-19  0.2374E-19  0.7000E+02
  11.460  0.3890E-19  0.3887E-19  0.7000E+02
  11.470  0.6353E-19  0.6347E-19  0.7000E+02
  11.480  0.1035E-18  0.1034E-18  0.7000E+02
  11.490  0.1681E-18  0.1679E-18  0.7000E+02
  11.500  0.2723E-18  0.2720E-18  0.7000E+02
  11.510  0.4399E-18  0.4395E-18  0.7000E+02
  11.520  0.7089E-18  0.7083E-18  0.7000E+02
  11.530  0.1139E-17  0.1138E-17  0.7000E+02
  11.540  0.1826E-17  0.1824E-17  0.7000E+02
  11.550  0.2919E-17  0.2916E-17  0.7000E+02
  11.560  0.4654E-17  0.4650E-17  0.7000E+02
  11.570  0.7400E-17  0.7393E-17  0.7000E+02
  11.580  0.1173E-16  0.1172E-16  0.7000E+02
  11.590  0.1856E-16  0.1854E-16  0.7000E+02
  11.600  0.2928E-16  0.2925E-16  0.7000E+02
  11.610  0.4606E-16  0.4601E-16  0.7000E+02
  11.620  0.7226E-16  0.7220E-16  0.7000E+02
  11.630  0.1131E-15  0.1130E-15  0.7000E+02
  11.640  0.1765E-15  0.1763E-15  0.7000E+02
  11.650  0.2747E-15  0.2744E-15  0.7000E+02
  11.660  0.4264E-15  0.4260E-15  0.7000E+02
  11.670  0.6602E-15  0.6596E-15  0.7000E+02
  11.680  0.1019E-14  0.1019E-14  0.7000E+02
  11.690  0.1570E-14  0.1569E-14  0.7000E+02
  11.700  0.2411E-14  0.2409E-14  0.7000E+02
  11.710  0.3694E-14  0.3691E-14  0.7000E+02
  11.720  0.5643E-14  0.5639E-14  0.7000E+02
  11.730  0.8599E-14  0.8592E-14  0.7000E+02
  11.740  0.1307E-13  0.1306E-13  0.7000E+02
  11.750  0.1981E-13  0.1979E-13  0.7000E+02
  11.760  0.2994E-13  0.2992E-13  0.7000E+02
  11.770  0.4514E-13  0.4510E-13  0.7000E+02
  11.780  0.6787E-13  0.6782E-13  0.7000E+02
  11.790  0.1018E-12  0.1017E-12  0.7000E+02
  11.800  0.1522E-12  0.1521E-12  0.7000E+02
  11.810  0.2271E-12  0.2269E-12  0.7000E+02
  11.820  0.3378E-12  0.3376E-12  0.7000E+02
  11.830  0.5013E-12  0.5009E-12  0.7000E+02
  11.840  0.7419E-12  0.7413E-12  0.7000E+02
  11.850  0.1095E-11  0.1094E-11  0.7000E+02
  11.860  0.1612E-11  0.1611E-11  0.7000E+02
  11.870  0.2366E-11  0.2365E-11  0.7000E+02
  11.880  0.3465E-11  0.3463E-11  0.7000E+02
  11.890  0.5060E-11  0.5057E-11  0.7000E+02
  11.900  0.7371E-11  0.7365E-11  0.7000E+02
  11.910  0.1071E-10  0.1070E-10  0.7000E+02
  11.920  0.1551E-10  0.1550E-10  0.7000E+02
  11.930  0.2242E-10  0.2240E-10  0.7000E+02
  11.940  0.3231E-10  0.3228E-10  0.7000E+02
  11.950  0.4644E-10  0.4641E-10  0.7000E+02
  11.960  0.6657E-10  0.6653E-10  0.7000E+02
  11.970  0.9519E-10  0.9512E-10  0.7000E+02
  11.980  0.1357E-09  0.1357E-09  0.7000E+02
  11.990  0.1931E-09  0.1929E-09  0.7000E+02
  12.000  0.2739E-09  0.2737E-09  0.7000E+02
  12.010  0.3875E-09  0.3872E-09  0.7000E+02
  12.020  0.5468E-09  0.5464E-09  0.7000E+02
  12.030  0.7695E-09  0.7690E-09  0.7000E+02
  12.040  0.1080E-08  0.1079E-08  0.7000E+02
  12.050  0.1512E-08  0.1511E-08  0.7000E+02
  12.060  0.2111E-08  0.2110E-08  0.7000E+02
  12.070  0.2940E-08  0.2938E-08  0.7000E+02
  12.080  0.4084E-08  0.4081E-08  0.7000E+02
  12.090  0.5657E-08  0.5653E-08  0.7000E+02
  12.100  0.7816E-08  0.7811E-08  0.7000E+02
  12.110  0.1077E-07  0.1076E-07  0.7000E+02
  12.120  0.1480E-07  0.1479E-07  0.7000E+02
  12.130  0.2029E-07  0.2028E-07  0.7000E+02
  12.140  0.2774E-07  0.2773E-07  0.7000E+02
  12.150  0.3783E-07  0.3781E-07  0.7000E+02
  12.160  0.5145E-07  0.5142E-07  0.7000E+02
  12.170  0.6979E-07  0.6975E-07  0.7000E+02
  12.180  0.9443E-07  0.9437E-07  0.7000E+02
  12.190  0.1274E-06  0.1273E-06  0.7000E+02
  12.200  0.1715E-06  0.1714E-06  0.7000E+02
  12.210  0.2302E-06  0.2301E-06  0.7000E+02
  12.220  0.3082E-06  0.3080E-06  0.7000E+02
  12.230  0.4115E-06  0.4113E-06  0.7000E+02
  12.240  0.5481E-06  0.5478E-06  0.7000E+02
  12.250  0.7281E-06  0.7277E-06  0.7000E+02
  12.260  0.9646E-06  0.9641E-06  0.7000E+02
  12.270  0.1275E-05  0.1274E-05  0.7000E+02
  12.280  0.1680E-05  0.1679E-05  0.7000E+02
  12.290  0.2208E-05  0.2207E-05  0.7000E+02
  12.300  0.2896E-05  0.2894E-05  0.7000E+02
  12.310  0.3787E-05  0.3785E-05  0.7000E+02
  12.320  0.4939E-05  0.4937E-05  0.7000E+02
  12.330  0.6426E-05  0.6422E-05  0.7000E+02
  12.340  0.8337E-05  0.8333E-05  0.7000E+02
  12.350  0.1079E-04  0.1078E-04  0.7000E+02
  12.360  0.1393E-04  0.1392E-04  0.7000E+02
  12.370  0.1793E-04  0.1792E-04  0.7000E+02
  12.380  0.2303E-04  0.2302E-04  0.7000E+02
  12.390  0.2949E-04  0.2948E-04  0.7000E+02
  12.400  0.3768E-04  0.3766E-04  0.7000E+02
  12.410  0.4801E-04  0.4799E-04  0.7000E+02
  12.420  0.6102E-04  0.6099E-04  0.7000E+02
  12.430  0.7735E-04  0.7731E-04  0.7000E+02
  12.440  0.9779E-04  0.9775E-04  0.7000E+02
  12.450  0.1233E-03  0.1233E-03  0.7000E+02
  12.460  0.1551E-03  0.1551E-03  0.7000E+02
  12.470  0.1946E-03  0.1945E-03  0.7000E+02
  12.480  0.2435E-03  0.2434E-03  0.7000E+02
  12.490  0.3040E-03  0.3038E-03  0.7000E+02
  12.500  0.3784E-03  0.3783E-03  0.7000E+02
  12.510  0.4699E-03  0.4697E-03  0.7000E+02
  12.520  0.5820E-03  0.5817E-03  0.7000E+02
  12.530  0.7190E-03  0.7187E-03  0.7000E+02
  12.540  0.8859E-03  0.8855E-03  0.7000E+02
  12.550  0.1089E-02  0.1088E-02  0.7000E+02
  12.560  0.1335E-02  0.1334E-02  0.7000E+02
  12.570  0.1632E-02  0.1631E-02  0.7000E+02
  12.580  0.1991E-02  0.1990E-02  0.7000E+02
  12.590  0.2422E-02  0.2421E-02  0.7000E+02
  12.600  0.2938E-02  0.2937E-02  0.7000E+02
  12.610  0.3556E-02  0.3555E-02  0.7000E+02
  12.620  0.4293E-02  0.4292E-02  0.7000E+02
  12.630  0.5170E-02  0.5168E-02  0.7000E+02
  12.640  0.6209E-02  0.6207E-02  0.7000E+02
  12.650  0.7439E-02  0.7436E-02  0.7000E+02
  12.660  0.8890E-02  0.8887E-02  0.7000E+02
  12.670  0.1060E-01  0.1059E-01  0.7000E+02
  12.680  0.1260E-01  0.1259E-01  0.7000E+02
  12.690  0.1494E-01  0.1494E-01  0.7000E+02
  12.700  0.1767E-01  0.1767E-01  0.7000E+02
  12.710  0.2085E-01  0.2085E-01  0.7000E+02
  12.720  0.2454E-01  0.2454E-01  0.7000E+02
  12.730  0.2881E-01  0.2881E-01  0.7000E+02
  12.740  0.3374E-01  0.3373E-01  0.7000E+02
  12.750  0.3941E-01  0.3940E-01  0.7001E+02
  12.760  0.4592E-01  0.4591E-01  0.7001E+02
  12.770  0.5337E-01  0.5336E-01  0.7001E+02
  12.780  0.6187E-01  0.6186E-01  0.7001E+02
  12.790  0.7155E-01  0.7153E-01  0.7001E+02
  12.800  0.8253E-01  0.8251E-01  0.7001E+02
  12.810  0.9496E-01  0.9494E-01  0.7001E+02
  12.820  0.1090E+00  0.1090E+00  0.7002E+02
  12.830  0.1248E+00  0.1247E+00  0.7002E+02
  12.840  0.1425E+00  0.1425E+00  0.7002E+02
  12.850  0.1623E+00  0.1623E+00  0.7002E+02
  12.860  0.1844E+00  0.1844E+00  0.7003E+02
  12.870  0.2091E+00  0.2090E+00  0.7003E+02
  12.880  0.2364E+00  0.2363E+00  0.7004E+02
  12.890  0.2666E+00  0.2665E+00  0.7004E+02
  12.900  0.2999E+00  0.2999E+00  0.7005E+02
  12.910  0.3366E+00  0.3365E+00  0.7005E+02
  12.920  0.3768E+00  0.3768E+00  0.7006E+02
  12.930  0.4208E+00  0.4207E+00  0.7007E+02
  12.940  0.4688E+00  0.4687E+00  0.7008E+02
  12.950  0.5209E+00  0.5208E+00  0.7009E+02
  12.960  0.5774E+00  0.5773E+00  0.7010E+02
  12.970  0.6385E+00  0.6384E+00  0.7011E+02
  12.980  0.7043E+00  0.7042E+00  0.7013E+02
  12.990  0.7750E+00  0.7748E+00  0.7014E+02
  13.000  0.8506E+00  0.8505E+00  0.7016E+02
  13.010  0.9314E+00  0.9312E+00  0.7018E+02
  13.020  0.1017E+01  0.1017E+01  0.7020E+02
  13.030  0.1109E+01  0.1108E+01  0.7022E+02
  13.040  0.1205E+01  0.1205E+01  0.7025E+02
  13.050  0.1306E+01  0.1306E+01  0.7027E+02
  13.060  0.1413E+01  0.1413E+01  0.7030E+02
  13.070  0.1525E+01  0.1525E+01  0.7033E+02
  13.080  0.1641E+01  0.1641E+01  0.7036E+02
  13.090  0.1763E+01  0.1762E+01  0.7040E+02
  13.100  0.1888E+01  0.1888E+01  0.7044E+02
  13.110  0.2018E+01  0.2018E+01  0.7048E+02
  13.120  0.2151E+01  0.2151E+01  0.7052E+02
  13.130  0.2288E+01  0.2288E+01  0.7057E+02
  13.140  0.2428E+01  0.2427E+01  0.7062E+02
  13.150  0.2569E+01  0.2569E+01  0.7067E+02
  13.160  0.2713E+01  0.2713E+01  0.7072E+02
  13.170  0.2858E+01  0.2858E+01  0.7078E+02
  13.180  0.3004E+01  0.3003E+01  0.7084E+02
  13.190  0.3149E+01  0.3149E+01  0.7090E+02
  13.200  0.3294E+01  0.3294E+01  0.7097E+02
  13.210  0.3437E+01  0.3437E+01  0.7104E+02
  13.220  0.3579E+01  0.3578E+01  0.7111E+02
  13.230  0.3717E+01  0.3717E+01  0.7118E+02
  13.240  0.3852E+01  0.3851E+01  0.7126E+02
  13.250  0.3982E+01  0.3982E+01  0.7134E+02
  13.260  0.4107E+01  0.4107E+01  0.7142E+02
  13.270  0.4227E+01  0.4226E+01  0.7150E+02
  13.280  0.4340E+01  0.4340E+01  0.7159E+02
  13.290  0.4446E+01  0.4446E+01  0.7168E+02
  13.300  0.4544E+01  0.4544E+01  0.7177E+02
  13.310  0.4634E+01  0.4634E+01  0.7186E+02
  13.320  0.4716E+01  0.4715E+01  0.7196E+02
  13.330  0.4788E+01  0.4788E+01  0.7205E+02
  13.340  0.4851E+01  0.4851E+01  0.7215E+02
  13.350  0.4904E+01  0.4904E+01  0.7225E+02
  13.360  0.4947E+01  0.4946E+01  0.7235E+02
  13.370  0.4979E+01  0.4979E+01  0.7245E+02
  13.380  0.5002E+01  0.5002E+01  0.7255E+02
  13.390  0.5014E+01  0.5014E+01  0.7265E+02
  13.400  0.5016E+01  0.5016E+01  0.7275E+02
  13.410  0.5008E+01  0.5008E+01  0.7285E+02
  13.420  0.4991E+01  0.4991E+01  0.7295E+02
  13.430  0.4964E+01  0.4964E+01  0.7305E+02
  13.440  0.4927E+01  0.4927E+01  0.7315E+02
  13.450  0.4882E+01  0.4882E+01  0.7324E+02
  13.460  0.4829E+01  0.4829E+01  0.7334E+02
  13.470  0.4768E+01  0.4768E+01  0.7344E+02
  13.480  0.4700E+01  0.4700E+01  0.7353E+02
  13.490  0.4625E+01  0.4626E+01  0.7362E+02
  13.500  0.4545E+01  0.4545E+01  0.7371E+02
  13.510  0.4459E+01  0.4460E+01  0.7380E+02
  13.520  0.4369E+01  0.4369E+01  0.7389E+02
  13.530  0.4275E+01  0.4275E+01  0.7398E+02
  13.540  0.4177E+01  0.4178E+01  0.7406E+02
  13.550  0.4077E+01  0.4078E+01  0.7414E+02
  13.560  0.3975E+01  0.3976E+01  0.7422E+02
  13.570  0.3872E+01  0.3872E+01  0.7430E+02
  13.580  0.3768E+01  0.3768E+01  0.7437E+02
  13.590  0.3664E+01  0.3664E+01  0.7445E+02
  13.600  0.3560E+01  0.3560E+01  0.7452E+02
  13.610  0.3457E+01  0.3457E+01  0.7459E+02
  13.620  0.3355E+01  0.3355E+01  0.7465E+02
  13.630  0.3254E+01  0.3254E+01  0.7472E+02
  13.640  0.3156E+01  0.3156E+01  0.7478E+02
  13.650  0.3060E+01  0.3060E+01  0.7484E+02
  13.660  0.2966E+01  0.2966E+01  0.7490E+02
  13.670  0.2875E+01  0.2875E+01  0.7496E+02
  13.680  0.2786E+01  0.2786E+01  0.7502E+02
  13.690  0.2701E+01  0.2701E+01  0.7507E+02
  13.700  0.2618E+01  0.2618E+01  0.7512E+02
  13.710  0.2538E+01  0.2538E+01  0.7517E+02
  13.720  0.2461E+01  0.2462E+01  0.7522E+02
  13.730  0.2387E+01  0.2387E+01  0.7527E+02
  13.740  0.2316E+01  0.2316E+01  0.7532E+02
  13.750  0.2247E+01  0.2247E+01  0.7536E+02
  13.760  0.2181E+01  0.2181E+01  0.7540E+02
  13.770  0.2117E+01  0.2117E+01  0.7545E+02
  13.780  0.2055E+01  0.2055E+01  0.7549E+02
  13.790  0.1995E+01  0.1995E+01  0.7553E+02
  13.800  0.1936E+01  0.1936E+01  0.7557E+02
  13.810  0.1880E+01  0.1880E+01  0.7560E+02
  13.820  0.1824E+01  0.1824E+01  0.7564E+02
  13.830  0.1770E+01  0.1770E+01  0.7568E+02
  13.840  0.1717E+01  0.1717E+01  0.7571E+02
  13.850  0.1665E+01  0.1665E+01  0.7574E+02
  13.860  0.1613E+01  0.1613E+01  0.7578E+02
  13.870  0.1562E+01  0.1562E+01  0.7581E+02
  13.880  0.1512E+01  0.1512E+01  0.7584E+02
  13.890  0.1462E+01  0.1462E+01  0.7587E+02
  13.900  0.1412E+01  0.1412E+01  0.7589E+02
  13.910  0.1363E+01  0.1363E+01  0.7592E+02
  13.920  0.1314E+01  0.1314E+01  0.7595E+02
  13.930  0.1265E+01  0.1265E+01  0.7597E+02
  13.940  0.1217E+01  0.1217E+01  0.7600E+02
  13.950  0.1169E+01  0.1169E+01  0.7602E+02
  13.960  0.1121E+01  0.1121E+01  0.7604E+02
  13.970  0.1074E+01  0.1074E+01  0.7607E+02
  13.980  0.1028E+01  0.1028E+01  0.7609E+02
  13.990  0.9820E+00  0.9821E+00  0.7611E+02
  14.000  0.9371E+00  0.9371E+00  0.7612E+02
  14.010  0.8931E+00  0.8932E+00  0.7614E+02
  14.020  0.8503E+00  0.8504E+00  0.7616E+02
  14.030  0.8087E+00  0.8088E+00  0.7618E+02
  14.040  0.7685E+00  0.7686E+00  0.7619E+02
  14.050  0.7299E+00  0.7300E+00  0.7621E+02
  14.060  0.6930E+00  0.6931E+00  0.7622E+02
  14.070  0.6580E+00  0.6581E+00  0.7623E+02
  14.080  0.6250E+00  0.6251E+00  0.7624E+02
  14.090  0.5941E+00  0.5942E+00  0.7626E+02
  14.100  0.5655E+00  0.5656E+00  0.7627E+02
  14.110  0.5394E+00  0.5394E+00  0.7628E+02
  14.120  0.5157E+00  0.5157E+00  0.7629E+02
  14.130  0.4946E+00  0.4946E+00  0.7630E+02
  14.140  0.4762E+00  0.4762E+00  0.7631E+02
  14.150  0.4605E+00  0.4605E+00  0.7632E+02
  14.160  0.4476E+00  0.4477E+00  0.7633E+02
  14.170  0.4376E+00  0.4376E+00  0.7634E+02
  14.180  0.4304E+00  0.4304E+00  0.7634E+02
  14.190  0.4260E+00  0.4260E+00  0.7635E+02
  14.200  0.4244E+00  0.4244E+00  0.7636E+02
  14.210  0.4256E+00  0.4256E+00  0.7637E+02
  14.220  0.4295E+00  0.4295E+00  0.7638E+02
  14.230  0.4360E+00  0.4360E+00  0.7639E+02
  14.240  0.4451E+00  0.4451E+00  0.7640E+02
  14.250  0.4567E+00  0.4567E+00  0.7640E+02
  14.260  0.4706E+00  0.4706E+00  0.7641E+02
  14.270  0.4867E+00  0.4867E+00  0.7642E+02
  14.280  0.5049E+00  0.5049E+00  0.7643E+02
  14.290  0.5251E+00  0.5251E+00  0.7644E+02
  14.300  0.5470E+00  0.5470E+00  0.7646E+02
  14.310  0.5706E+00  0.5706E+00  0.7647E+02
  14.320  0.5956E+00  0.5956E+00  0.7648E+02
  14.330  0.6220E+00  0.6220E+00  0.7649E+02
  14.340  0.6495E+00  0.6494E+00  0.7650E+02
  14.350  0.6779E+00  0.6779E+00  0.7652E+02
  14.360  0.7072E+00  0.7072E+00  0.7653E+02
  14.370  0.7371E+00  0.7371E+00  0.7655E+02
  14.380  0.7675E+00  0.7675E+00  0.7656E+02
  14.390  0.7983E+00  0.7983E+00  0.7658E+02
  14.400  0.8293E+00  0.8293E+00  0.7659E+02
  14.410  0.8603E+00  0.8603E+00  0.7661E+02
  14.420  0.8913E+00  0.8912E+00  0.7663E+02
  14.430  0.9220E+00  0.9220E+00  0.7665E+02
  14.440  0.9525E+00  0.9525E+00  0.7667E+02
  14.450  0.9825E+00  0.9825E+00  0.7669E+02
  14.460  0.1012E+01  0.1012E+01  0.7671E+02
  14.470  0.1041E+01  0.1041E+01  0.7673E+02
  14.480  0.1069E+01  0.1069E+01  0.7675E+02
  14.490  0.1097E+01  0.1097E+01  0.7677E+02
  14.500  0.1124E+01  0.1124E+01  0.7679E+02
  14.510  0.1150E+01  0.1150E+01  0.7682E+02
  14.520  0.1175E+01  0.1175E+01  0.7684E+02
  14.530  0.1199E+01  0.1199E+01  0.7686E+02
  14.540  0.1222E+01  0.1222E+01  0.7689E+02
  14.550  0.1245E+01  0.1245E+01  0.7691E+02
  14.560  0.1266E+01  0.1266E+01  0.7694E+02
  14.570  0.1287E+01  0.1287E+01  0.7696E+02
  14.580  0.1307E+01  0.1307E+01  0.7699E+02
  14.590  0.1325E+01  0.1325E+01  0.7702E+02
  14.600  0.1343E+01  0.1343E+01  0.7704E+02
  14.610  0.1360E+01  0.1360E+01  0.7707E+02
  14.620  0.1376E+01  0.1376E+01  0.7710E+02
  14.630  0.1391E+01  0.1391E+01  0.7713E+02
  14.640  0.1405E+01  0.1405E+01  0.7715E+02
  14.650  0.1419E+01  0.1419E+01  0.7718E+02
  14.660  0.1432E+01  0.1432E+01  0.7721E+02
  14.670  0.1444E+01  0.1444E+01  0.7724E+02
  14.680  0.1455E+01  0.1455E+01  0.7727E+02
  14.690  0.1465E+01  0.1465E+01  0.7730E+02
  14.700  0.1475E+01  0.1475E+01  0.7733E+02
  14.710  0.1484E+01  0.1484E+01  0.7736E+02
  14.720  0.1493E+01  0.1493E+01  0.7739E+02
  14.730  0.1501E+01  0.1501E+01  0.7742E+02
  14.740  0.1508E+01  0.1508E+01  0.7745E+02
  14.750  0.1514E+01  0.1514E+01  0.7748E+02
  14.760  0.1520E+01  0.1520E+01  0.7751E+02
  14.770  0.1526E+01  0.1526E+01  0.7754E+02
  14.780  0.1531E+01  0.1531E+01  0.7757E+02
  14.790  0.1535E+01  0.1535E+01  0.7760E+02
  14.800  0.1539E+01  0.1539E+01  0.7763E+02
  14.810  0.1543E+01  0.1543E+01  0.7766E+02
  14.820  0.1546E+01  0.1546E+01  0.7769E+02
  14.830  0.1548E+01  0.1548E+01  0.7772E+02
  14.840  0.1550E+01  0.1550E+01  0.7776E+02
  14.850  0.1552E+01  0.1552E+01  0.7779E+02
  14.860  0.1553E+01  0.1553E+01  0.7782E+02
  14.870  0.1554E+01  0.1554E+01  0.7785E+02
  14.880  0.1554E+01  0.1554E+01  0.7788E+02
  14.890  0.1554E+01  0.1554E+01  0.7791E+02
  14.900  0.1554E+01  0.1554E+01  0.7794E+02
  14.910  0.1553E+01  0.1553E+01  0.7797E+02
  14.920  0.1552E+01  0.1552E+01  0.7800E+02
  14.930  0.1551E+01  0.1551E+01  0.7803E+02
  14.940  0.1550E+01  0.1550E+01  0.7807E+02
  14.950  0.1548E+01  0.1548E+01  0.7810E+02
  14.960  0.1546E+01  0.1546E+01  0.7813E+02
  14.970  0.1545E+01  0.1545E+01  0.7816E+02
  14.980  0.1542E+01  0.1542E+01  0.7819E+02
  14.990  0.1540E+01  0.1540E+01  0.7822E+02
  15.000  0.1538E+01  0.1538E+01  0.7825E+02
  15.010  0.1536E+01  0.1536E+01  0.7828E+02
  15.020  0.1533E+01  0.1533E+01  0.7831E+02
  15.030  0.1531E+01  0.1531E+01  0.7834E+02
  15.040  0.1529E+01  0.1529E+01  0.7837E+02
  15.050  0.1527E+01  0.1527E+01  0.7840E+02
  15.060  0.1525E+01  0.1525E+01  0.7843E+02
  15.070  0.1523E+01  0.1523E+01  0.7846E+02
  15.080  0.1521E+01  0.1521E+01  0.7850E+02
  15.090  0.1520E+01  0.1520E+01  0.7853E+02
  15.100  0.1519E+01  0.1519E+01  0.7856E+02
  15.110  0.1518E+01  0.1518E+01  0.7859E+02
  15.120  0.1518E+01  0.1518E+01  0.7862E+02
  15.130  0.1518E+01  0.1518E+01  0.7865E+02
  15.140  0.1519E+01  0.1518E+01  0.7868E+02
  15.150  0.1520E+01  0.1520E+01  0.7871E+02
  15.160  0.1521E+01  0.1521E+01  0.7874E+02
  15.170  0.1523E+01  0.1523E+01  0.7877E+02
  15.180  0.1526E+01  0.1526E+01  0.7880E+02
  15.190  0.1530E+01  0.1529E+01  0.7883E+02
  15.200  0.1534E+01  0.1534E+01  0.7886E+02
  15.210  0.1538E+01  0.1538E+01  0.7889E+02
  15.220  0.1544E+01  0.1544E+01  0.7892E+02
  15.230  0.1550E+01  0.1550E+01  0.7895E+02
  15.240  0.1557E+01  0.1557E+01  0.7898E+02
  15.250  0.1565E+01  0.1565E+01  0.7902E+02
  15.260  0.1574E+01  0.1574E+01  0.7905E+02
  15.270  0.1584E+01  0.1584E+01  0.7908E+02
  15.280  0.1594E+01  0.1594E+01  0.7911E+02
  15.290  0.1606E+01  0.1606E+01  0.7914E+02
  15.300  0.1618E+01  0.1618E+01  0.7918E+02
  15.310  0.1632E+01  0.1632E+01  0.7921E+02
  15.320  0.1646E+01  0.1646E+01  0.7924E+02
  15.330  0.1661E+01  0.1661E+01  0.7927E+02
  15.340  0.1678E+01  0.1678E+01  0.7931E+02
  15.350  0.1695E+01  0.1695E+01  0.7934E+02
  15.360  0.1714E+01  0.1714E+01  0.7938E+02
  15.370  0.1734E+01  0.1734E+01  0.7941E+02
  15.380  0.1754E+01  0.1754E+01  0.7945E+02
  15.390  0.1776E+01  0.1776E+01  0.7948E+02
  15.400  0.1799E+01  0.1799E+01  0.7952E+02
  15.410  0.1823E+01  0.1823E+01  0.7955E+02
  15.420  0.1849E+01  0.1849E+01  0.7959E+02
  15.430  0.1875E+01  0.1875E+01  0.7963E+02
  15.440  0.1903E+01  0.1903E+01  0.7967E+02
  15.450  0.1932E+01  0.1932E+01  0.7970E+02
  15.460  0.1962E+01  0.1962E+01  0.7974E+02
  15.470  0.1993E+01  0.1993E+01  0.7978E+02
  15.480  0.2025E+01  0.2025E+01  0.7982E+02
  15.490  0.2058E+01  0.2058E+01  0.7987E+02
  15.500  0.2093E+01  0.2093E+01  0.7991E+02
  15.510  0.2129E+01  0.2129E+01  0.7995E+02
  15.520  0.2165E+01  0.2165E+01  0.7999E+02
  15.530  0.2203E+01  0.2203E+01  0.8004E+02
  15.540  0.2242E+01  0.2242E+01  0.8008E+02
  15.550  0.2282E+01  0.2282E+01  0.8013E+02
  15.560  0.2322E+01  0.2322E+01  0.8017E+02
  15.570  0.2364E+01  0.2364E+01  0.8022E+02
  15.580  0.2406E+01  0.2406E+01  0.8027E+02
  15.590  0.2449E+01  0.2449E+01  0.8032E+02
  15.600  0.2493E+01  0.2493E+01  0.8037E+02
  15.610  0.2537E+01  0.2537E+01  0.8042E+02
  15.620  0.2581E+01  0.2581E+01  0.8047E+02
  15.630  0.2626E+01  0.2626E+01  0.8052E+02
  15.640  0.2671E+01  0.2671E+01  0.8058E+02
  15.650  0.2716E+01  0.2716E+01  0.8063E+02
  15.660  0.2762E+01  0.2762E+01  0.8069E+02
  15.670  0.2807E+01  0.2807E+01  0.8074E+02
  15.680  0.2852E+01  0.2852E+01  0.8080E+02
  15.690  0.2897E+01  0.2896E+01  0.8086E+02
  15.700  0.2941E+01  0.2941E+01  0.8092E+02
  15.710  0.2985E+01  0.2985E+01  0.8098E+02
  15.720  0.3028E+01  0.3028E+01  0.8104E+02
  15.730  0.3070E+01  0.3070E+01  0.8110E+02
  15.740  0.3112E+01  0.3112E+01  0.8116E+02
  15.750  0.3152E+01  0.3152E+01  0.8122E+02
  15.760  0.3192E+01  0.3192E+01  0.8129E+02
  15.770  0.3230E+01  0.3230E+01  0.8135E+02
  15.780  0.3267E+01  0.3267E+01  0.8142E+02
  15.790  0.3303E+01  0.3303E+01  0.8148E+02
  15.800  0.3338E+01  0.3338E+01  0.8155E+02
  15.810  0.3371E+01  0.3371E+01  0.8162E+02
  15.820  0.3403E+01  0.3403E+01  0.8169E+02
  15.830  0.3433E+01  0.3433E+01  0.8175E+02
  15.840  0.3462E+01  0.3461E+01  0.8182E+02
  15.850  0.3489E+01  0.3489E+01  0.8189E+02
  15.860  0.3514E+01  0.3514E+01  0.8196E+02
  15.870  0.3538E+01  0.3538E+01  0.8203E+02
  15.880  0.3560E+01  0.3560E+01  0.8211E+02
  15.890  0.3581E+01  0.3581E+01  0.8218E+02
  15.900  0.3599E+01  0.3599E+01  0.8225E+02
  15.910  0.3617E+01  0.3617E+01  0.8232E+02
  15.920  0.3632E+01  0.3632E+01  0.8239E+02
  15.930  0.3646E+01  0.3646E+01  0.8247E+02
  15.940  0.3658E+01  0.3658E+01  0.8254E+02
  15.950  0.3669E+01  0.3669E+01  0.8261E+02
  15.960  0.3678E+01  0.3678E+01  0.8269E+02
  15.970  0.3685E+01  0.3685E+01  0.8276E+02
  15.980  0.3691E+01  0.3691E+01  0.8283E+02
  15.990  0.3694E+01  0.3694E+01  0.8291E+02
  16.000  0.3697E+01  0.3697E+01  0.8298E+02
