#  E (eV)   dosup(E)     dosdw(E)   Int dos(E) EFermi =   10.903 eV
  -9.000  0.7809E-05  0.7812E-05  0.1562E-06
  -8.990  0.1013E-04  0.1014E-04  0.3589E-06
  -8.980  0.1311E-04  0.1312E-04  0.6212E-06
  -8.970  0.1692E-04  0.1693E-04  0.9597E-06
  -8.960  0.2179E-04  0.2180E-04  0.1396E-05
  -8.950  0.2798E-04  0.2799E-04  0.1955E-05
  -8.940  0.3584E-04  0.3586E-04  0.2672E-05
  -8.930  0.4579E-04  0.4581E-04  0.3588E-05
  -8.920  0.5836E-04  0.5838E-04  0.4756E-05
  -8.910  0.7418E-04  0.7421E-04  0.6240E-05
  -8.900  0.9405E-04  0.9409E-04  0.8121E-05
  -8.890  0.1189E-03  0.1190E-03  0.1050E-04
  -8.880  0.1500E-03  0.1501E-03  0.1350E-04
  -8.870  0.1888E-03  0.1889E-03  0.1728E-04
  -8.860  0.2369E-03  0.2370E-03  0.2202E-04
  -8.850  0.2966E-03  0.2967E-03  0.2795E-04
  -8.840  0.3704E-03  0.3705E-03  0.3536E-04
  -8.830  0.4613E-03  0.4615E-03  0.4459E-04
  -8.820  0.5731E-03  0.5733E-03  0.5605E-04
  -8.810  0.7103E-03  0.7105E-03  0.7026E-04
  -8.800  0.8779E-03  0.8782E-03  0.8782E-04
  -8.790  0.1082E-02  0.1083E-02  0.1095E-03
  -8.780  0.1331E-02  0.1332E-02  0.1361E-03
  -8.770  0.1633E-02  0.1634E-02  0.1688E-03
  -8.760  0.1998E-02  0.1999E-02  0.2087E-03
  -8.750  0.2439E-02  0.2440E-02  0.2575E-03
  -8.740  0.2969E-02  0.2970E-02  0.3169E-03
  -8.730  0.3606E-02  0.3607E-02  0.3891E-03
  -8.720  0.4368E-02  0.4369E-02  0.4764E-03
  -8.710  0.5278E-02  0.5279E-02  0.5820E-03
  -8.700  0.6361E-02  0.6363E-02  0.7092E-03
  -8.690  0.7647E-02  0.7649E-02  0.8622E-03
  -8.680  0.9171E-02  0.9173E-02  0.1046E-02
  -8.670  0.1097E-01  0.1097E-01  0.1265E-02
  -8.660  0.1309E-01  0.1309E-01  0.1527E-02
  -8.650  0.1558E-01  0.1558E-01  0.1838E-02
  -8.640  0.1849E-01  0.1850E-01  0.2208E-02
  -8.630  0.2190E-01  0.2190E-01  0.2646E-02
  -8.620  0.2587E-01  0.2587E-01  0.3164E-02
  -8.610  0.3048E-01  0.3049E-01  0.3774E-02
  -8.600  0.3582E-01  0.3583E-01  0.4490E-02
  -8.590  0.4200E-01  0.4201E-01  0.5330E-02
  -8.580  0.4911E-01  0.4912E-01  0.6312E-02
  -8.570  0.5729E-01  0.5730E-01  0.7458E-02
  -8.560  0.6666E-01  0.6667E-01  0.8791E-02
  -8.550  0.7736E-01  0.7738E-01  0.1034E-01
  -8.540  0.8956E-01  0.8958E-01  0.1213E-01
  -8.530  0.1034E+00  0.1034E+00  0.1420E-01
  -8.520  0.1191E+00  0.1192E+00  0.1658E-01
  -8.510  0.1369E+00  0.1369E+00  0.1932E-01
  -8.500  0.1569E+00  0.1569E+00  0.2246E-01
  -8.490  0.1794E+00  0.1794E+00  0.2605E-01
  -8.480  0.2046E+00  0.2046E+00  0.3014E-01
  -8.470  0.2327E+00  0.2327E+00  0.3479E-01
  -8.460  0.2640E+00  0.2641E+00  0.4007E-01
  -8.450  0.2988E+00  0.2989E+00  0.4605E-01
  -8.440  0.3374E+00  0.3374E+00  0.5280E-01
  -8.430  0.3799E+00  0.3800E+00  0.6040E-01
  -8.420  0.4267E+00  0.4268E+00  0.6893E-01
  -8.410  0.4782E+00  0.4782E+00  0.7850E-01
  -8.400  0.5344E+00  0.5345E+00  0.8918E-01
  -8.390  0.5958E+00  0.5959E+00  0.1011E+00
  -8.380  0.6625E+00  0.6626E+00  0.1144E+00
  -8.370  0.7348E+00  0.7349E+00  0.1290E+00
  -8.360  0.8130E+00  0.8131E+00  0.1453E+00
  -8.350  0.8973E+00  0.8974E+00  0.1633E+00
  -8.340  0.9877E+00  0.9878E+00  0.1830E+00
  -8.330  0.1085E+01  0.1085E+01  0.2047E+00
  -8.320  0.1188E+01  0.1188E+01  0.2285E+00
  -8.310  0.1298E+01  0.1298E+01  0.2544E+00
  -8.300  0.1414E+01  0.1414E+01  0.2827E+00
  -8.290  0.1537E+01  0.1537E+01  0.3134E+00
  -8.280  0.1666E+01  0.1667E+01  0.3468E+00
  -8.270  0.1802E+01  0.1802E+01  0.3828E+00
  -8.260  0.1944E+01  0.1944E+01  0.4217E+00
  -8.250  0.2091E+01  0.2092E+01  0.4635E+00
  -8.240  0.2244E+01  0.2245E+01  0.5084E+00
  -8.230  0.2403E+01  0.2403E+01  0.5565E+00
  -8.220  0.2565E+01  0.2566E+01  0.6078E+00
  -8.210  0.2732E+01  0.2732E+01  0.6624E+00
  -8.200  0.2902E+01  0.2903E+01  0.7205E+00
  -8.190  0.3075E+01  0.3075E+01  0.7820E+00
  -8.180  0.3250E+01  0.3250E+01  0.8470E+00
  -8.170  0.3426E+01  0.3427E+01  0.9155E+00
  -8.160  0.3603E+01  0.3603E+01  0.9876E+00
  -8.150  0.3779E+01  0.3779E+01  0.1063E+01
  -8.140  0.3953E+01  0.3954E+01  0.1142E+01
  -8.130  0.4125E+01  0.4126E+01  0.1225E+01
  -8.120  0.4294E+01  0.4294E+01  0.1311E+01
  -8.110  0.4459E+01  0.4459E+01  0.1400E+01
  -8.100  0.4618E+01  0.4618E+01  0.1492E+01
  -8.090  0.4770E+01  0.4771E+01  0.1588E+01
  -8.080  0.4916E+01  0.4916E+01  0.1686E+01
  -8.070  0.5053E+01  0.5053E+01  0.1787E+01
  -8.060  0.5182E+01  0.5182E+01  0.1891E+01
  -8.050  0.5300E+01  0.5300E+01  0.1997E+01
  -8.040  0.5408E+01  0.5409E+01  0.2105E+01
  -8.030  0.5506E+01  0.5506E+01  0.2215E+01
  -8.020  0.5591E+01  0.5591E+01  0.2327E+01
  -8.010  0.5665E+01  0.5665E+01  0.2440E+01
  -8.000  0.5726E+01  0.5726E+01  0.2554E+01
  -7.990  0.5775E+01  0.5775E+01  0.2670E+01
  -7.980  0.5811E+01  0.5811E+01  0.2786E+01
  -7.970  0.5835E+01  0.5835E+01  0.2903E+01
  -7.960  0.5847E+01  0.5847E+01  0.3020E+01
  -7.950  0.5846E+01  0.5846E+01  0.3137E+01
  -7.940  0.5834E+01  0.5834E+01  0.3253E+01
  -7.930  0.5811E+01  0.5811E+01  0.3370E+01
  -7.920  0.5778E+01  0.5778E+01  0.3485E+01
  -7.910  0.5735E+01  0.5735E+01  0.3600E+01
  -7.900  0.5683E+01  0.5683E+01  0.3714E+01
  -7.890  0.5624E+01  0.5623E+01  0.3826E+01
  -7.880  0.5557E+01  0.5557E+01  0.3937E+01
  -7.870  0.5485E+01  0.5485E+01  0.4047E+01
  -7.860  0.5408E+01  0.5408E+01  0.4155E+01
  -7.850  0.5328E+01  0.5327E+01  0.4262E+01
  -7.840  0.5245E+01  0.5245E+01  0.4367E+01
  -7.830  0.5161E+01  0.5161E+01  0.4470E+01
  -7.820  0.5077E+01  0.5077E+01  0.4571E+01
  -7.810  0.4994E+01  0.4994E+01  0.4671E+01
  -7.800  0.4913E+01  0.4913E+01  0.4769E+01
  -7.790  0.4835E+01  0.4835E+01  0.4866E+01
  -7.780  0.4762E+01  0.4762E+01  0.4961E+01
  -7.770  0.4694E+01  0.4694E+01  0.5055E+01
  -7.760  0.4632E+01  0.4632E+01  0.5148E+01
  -7.750  0.4577E+01  0.4577E+01  0.5239E+01
  -7.740  0.4530E+01  0.4530E+01  0.5330E+01
  -7.730  0.4491E+01  0.4491E+01  0.5420E+01
  -7.720  0.4461E+01  0.4461E+01  0.5509E+01
  -7.710  0.4441E+01  0.4441E+01  0.5598E+01
  -7.700  0.4430E+01  0.4430E+01  0.5686E+01
  -7.690  0.4430E+01  0.4430E+01  0.5775E+01
  -7.680  0.4440E+01  0.4440E+01  0.5864E+01
  -7.670  0.4461E+01  0.4461E+01  0.5953E+01
  -7.660  0.4492E+01  0.4492E+01  0.6043E+01
  -7.650  0.4535E+01  0.4535E+01  0.6134E+01
  -7.640  0.4589E+01  0.4589E+01  0.6225E+01
  -7.630  0.4654E+01  0.4654E+01  0.6318E+01
  -7.620  0.4730E+01  0.4730E+01  0.6413E+01
  -7.610  0.4817E+01  0.4817E+01  0.6509E+01
  -7.600  0.4914E+01  0.4915E+01  0.6608E+01
  -7.590  0.5023E+01  0.5023E+01  0.6708E+01
  -7.580  0.5142E+01  0.5142E+01  0.6811E+01
  -7.570  0.5271E+01  0.5271E+01  0.6916E+01
  -7.560  0.5410E+01  0.5411E+01  0.7025E+01
  -7.550  0.5560E+01  0.5560E+01  0.7136E+01
  -7.540  0.5719E+01  0.5719E+01  0.7250E+01
  -7.530  0.5887E+01  0.5887E+01  0.7368E+01
  -7.520  0.6064E+01  0.6065E+01  0.7489E+01
  -7.510  0.6251E+01  0.6251E+01  0.7614E+01
  -7.500  0.6445E+01  0.6445E+01  0.7743E+01
  -7.490  0.6648E+01  0.6648E+01  0.7876E+01
  -7.480  0.6858E+01  0.6858E+01  0.8013E+01
  -7.470  0.7075E+01  0.7075E+01  0.8155E+01
  -7.460  0.7299E+01  0.7299E+01  0.8301E+01
  -7.450  0.7529E+01  0.7529E+01  0.8451E+01
  -7.440  0.7765E+01  0.7765E+01  0.8607E+01
  -7.430  0.8005E+01  0.8006E+01  0.8767E+01
  -7.420  0.8250E+01  0.8251E+01  0.8932E+01
  -7.410  0.8499E+01  0.8500E+01  0.9102E+01
  -7.400  0.8751E+01  0.8752E+01  0.9277E+01
  -7.390  0.9006E+01  0.9006E+01  0.9457E+01
  -7.380  0.9262E+01  0.9262E+01  0.9642E+01
  -7.370  0.9519E+01  0.9519E+01  0.9832E+01
  -7.360  0.9775E+01  0.9776E+01  0.1003E+02
  -7.350  0.1003E+02  0.1003E+02  0.1023E+02
  -7.340  0.1029E+02  0.1029E+02  0.1043E+02
  -7.330  0.1054E+02  0.1054E+02  0.1065E+02
  -7.320  0.1079E+02  0.1079E+02  0.1086E+02
  -7.310  0.1103E+02  0.1103E+02  0.1108E+02
  -7.300  0.1127E+02  0.1127E+02  0.1131E+02
  -7.290  0.1151E+02  0.1151E+02  0.1154E+02
  -7.280  0.1174E+02  0.1174E+02  0.1177E+02
  -7.270  0.1196E+02  0.1196E+02  0.1201E+02
  -7.260  0.1217E+02  0.1217E+02  0.1225E+02
  -7.250  0.1238E+02  0.1238E+02  0.1250E+02
  -7.240  0.1257E+02  0.1257E+02  0.1275E+02
  -7.230  0.1276E+02  0.1276E+02  0.1301E+02
  -7.220  0.1294E+02  0.1294E+02  0.1327E+02
  -7.210  0.1310E+02  0.1310E+02  0.1353E+02
  -7.200  0.1326E+02  0.1326E+02  0.1379E+02
  -7.190  0.1340E+02  0.1340E+02  0.1406E+02
  -7.180  0.1353E+02  0.1353E+02  0.1433E+02
  -7.170  0.1365E+02  0.1365E+02  0.1461E+02
  -7.160  0.1376E+02  0.1376E+02  0.1488E+02
  -7.150  0.1385E+02  0.1385E+02  0.1516E+02
  -7.140  0.1393E+02  0.1393E+02  0.1544E+02
  -7.130  0.1399E+02  0.1399E+02  0.1572E+02
  -7.120  0.1404E+02  0.1404E+02  0.1600E+02
  -7.110  0.1408E+02  0.1408E+02  0.1628E+02
  -7.100  0.1410E+02  0.1410E+02  0.1656E+02
  -7.090  0.1410E+02  0.1410E+02  0.1684E+02
  -7.080  0.1409E+02  0.1409E+02  0.1713E+02
  -7.070  0.1406E+02  0.1406E+02  0.1741E+02
  -7.060  0.1402E+02  0.1402E+02  0.1769E+02
  -7.050  0.1396E+02  0.1396E+02  0.1797E+02
  -7.040  0.1388E+02  0.1388E+02  0.1824E+02
  -7.030  0.1378E+02  0.1378E+02  0.1852E+02
  -7.020  0.1367E+02  0.1367E+02  0.1879E+02
  -7.010  0.1353E+02  0.1353E+02  0.1906E+02
  -7.000  0.1338E+02  0.1338E+02  0.1933E+02
  -6.990  0.1321E+02  0.1321E+02  0.1960E+02
  -6.980  0.1302E+02  0.1302E+02  0.1986E+02
  -6.970  0.1282E+02  0.1282E+02  0.2011E+02
  -6.960  0.1259E+02  0.1259E+02  0.2036E+02
  -6.950  0.1235E+02  0.1235E+02  0.2061E+02
  -6.940  0.1208E+02  0.1208E+02  0.2085E+02
  -6.930  0.1180E+02  0.1180E+02  0.2109E+02
  -6.920  0.1150E+02  0.1150E+02  0.2132E+02
  -6.910  0.1119E+02  0.1119E+02  0.2154E+02
  -6.900  0.1086E+02  0.1086E+02  0.2176E+02
  -6.890  0.1051E+02  0.1051E+02  0.2197E+02
  -6.880  0.1015E+02  0.1015E+02  0.2217E+02
  -6.870  0.9773E+01  0.9772E+01  0.2237E+02
  -6.860  0.9385E+01  0.9385E+01  0.2256E+02
  -6.850  0.8987E+01  0.8986E+01  0.2274E+02
  -6.840  0.8578E+01  0.8577E+01  0.2291E+02
  -6.830  0.8161E+01  0.8161E+01  0.2307E+02
  -6.820  0.7738E+01  0.7737E+01  0.2322E+02
  -6.810  0.7309E+01  0.7308E+01  0.2337E+02
  -6.800  0.6877E+01  0.6876E+01  0.2351E+02
  -6.790  0.6443E+01  0.6442E+01  0.2364E+02
  -6.780  0.6009E+01  0.6008E+01  0.2376E+02
  -6.770  0.5576E+01  0.5576E+01  0.2387E+02
  -6.760  0.5148E+01  0.5147E+01  0.2397E+02
  -6.750  0.4724E+01  0.4723E+01  0.2407E+02
  -6.740  0.4307E+01  0.4306E+01  0.2415E+02
  -6.730  0.3899E+01  0.3898E+01  0.2423E+02
  -6.720  0.3500E+01  0.3500E+01  0.2430E+02
  -6.710  0.3114E+01  0.3113E+01  0.2436E+02
  -6.700  0.2740E+01  0.2739E+01  0.2442E+02
  -6.690  0.2380E+01  0.2379E+01  0.2447E+02
  -6.680  0.2035E+01  0.2035E+01  0.2451E+02
  -6.670  0.1707E+01  0.1706E+01  0.2454E+02
  -6.660  0.1396E+01  0.1395E+01  0.2457E+02
  -6.650  0.1102E+01  0.1102E+01  0.2459E+02
  -6.640  0.8268E+00  0.8264E+00  0.2461E+02
  -6.630  0.5703E+00  0.5699E+00  0.2462E+02
  -6.620  0.3328E+00  0.3324E+00  0.2462E+02
  -6.610  0.1144E+00  0.1140E+00  0.2463E+02
  -6.600 -0.8497E-01 -0.8531E-01  0.2463E+02
  -6.590 -0.2654E+00 -0.2657E+00  0.2462E+02
  -6.580 -0.4273E+00 -0.4275E+00  0.2461E+02
  -6.570 -0.5709E+00 -0.5711E+00  0.2460E+02
  -6.560 -0.6969E+00 -0.6971E+00  0.2459E+02
  -6.550 -0.8058E+00 -0.8060E+00  0.2457E+02
  -6.540 -0.8983E+00 -0.8985E+00  0.2455E+02
  -6.530 -0.9754E+00 -0.9755E+00  0.2453E+02
  -6.520 -0.1038E+01 -0.1038E+01  0.2451E+02
  -6.510 -0.1086E+01 -0.1086E+01  0.2449E+02
  -6.500 -0.1122E+01 -0.1122E+01  0.2447E+02
  -6.490 -0.1146E+01 -0.1146E+01  0.2444E+02
  -6.480 -0.1158E+01 -0.1158E+01  0.2442E+02
  -6.470 -0.1161E+01 -0.1161E+01  0.2440E+02
  -6.460 -0.1155E+01 -0.1155E+01  0.2438E+02
  -6.450 -0.1141E+01 -0.1141E+01  0.2435E+02
  -6.440 -0.1120E+01 -0.1120E+01  0.2433E+02
  -6.430 -0.1092E+01 -0.1092E+01  0.2431E+02
  -6.420 -0.1060E+01 -0.1060E+01  0.2429E+02
  -6.410 -0.1022E+01 -0.1022E+01  0.2427E+02
  -6.400 -0.9814E+00 -0.9814E+00  0.2425E+02
  -6.390 -0.9374E+00 -0.9373E+00  0.2423E+02
  -6.380 -0.8909E+00 -0.8909E+00  0.2421E+02
  -6.370 -0.8426E+00 -0.8425E+00  0.2419E+02
  -6.360 -0.7929E+00 -0.7929E+00  0.2418E+02
  -6.350 -0.7424E+00 -0.7423E+00  0.2416E+02
  -6.340 -0.6913E+00 -0.6912E+00  0.2415E+02
  -6.330 -0.6399E+00 -0.6398E+00  0.2414E+02
  -6.320 -0.5885E+00 -0.5885E+00  0.2412E+02
  -6.310 -0.5373E+00 -0.5373E+00  0.2411E+02
  -6.300 -0.4864E+00 -0.4863E+00  0.2410E+02
  -6.290 -0.4357E+00 -0.4356E+00  0.2410E+02
  -6.280 -0.3852E+00 -0.3852E+00  0.2409E+02
  -6.270 -0.3349E+00 -0.3349E+00  0.2408E+02
  -6.260 -0.2846E+00 -0.2845E+00  0.2408E+02
  -6.250 -0.2340E+00 -0.2340E+00  0.2407E+02
  -6.240 -0.1829E+00 -0.1829E+00  0.2407E+02
  -6.230 -0.1309E+00 -0.1309E+00  0.2406E+02
  -6.220 -0.7764E-01 -0.7760E-01  0.2406E+02
  -6.210 -0.2261E-01 -0.2257E-01  0.2406E+02
  -6.200  0.3469E-01  0.3472E-01  0.2406E+02
  -6.190  0.9483E-01  0.9486E-01  0.2406E+02
  -6.180  0.1584E+00  0.1585E+00  0.2407E+02
  -6.170  0.2262E+00  0.2262E+00  0.2407E+02
  -6.160  0.2988E+00  0.2988E+00  0.2408E+02
  -6.150  0.3771E+00  0.3771E+00  0.2409E+02
  -6.140  0.4619E+00  0.4619E+00  0.2410E+02
  -6.130  0.5541E+00  0.5541E+00  0.2411E+02
  -6.120  0.6546E+00  0.6546E+00  0.2412E+02
  -6.110  0.7643E+00  0.7643E+00  0.2413E+02
  -6.100  0.8843E+00  0.8843E+00  0.2415E+02
  -6.090  0.1016E+01  0.1016E+01  0.2417E+02
  -6.080  0.1159E+01  0.1159E+01  0.2420E+02
  -6.070  0.1316E+01  0.1316E+01  0.2422E+02
  -6.060  0.1488E+01  0.1488E+01  0.2425E+02
  -6.050  0.1675E+01  0.1675E+01  0.2429E+02
  -6.040  0.1879E+01  0.1879E+01  0.2432E+02
  -6.030  0.2101E+01  0.2101E+01  0.2436E+02
  -6.020  0.2341E+01  0.2341E+01  0.2441E+02
  -6.010  0.2602E+01  0.2602E+01  0.2446E+02
  -6.000  0.2883E+01  0.2883E+01  0.2452E+02
  -5.990  0.3186E+01  0.3186E+01  0.2459E+02
  -5.980  0.3511E+01  0.3511E+01  0.2466E+02
  -5.970  0.3860E+01  0.3860E+01  0.2473E+02
  -5.960  0.4232E+01  0.4232E+01  0.2482E+02
  -5.950  0.4629E+01  0.4629E+01  0.2491E+02
  -5.940  0.5051E+01  0.5051E+01  0.2501E+02
  -5.930  0.5497E+01  0.5497E+01  0.2512E+02
  -5.920  0.5968E+01  0.5968E+01  0.2524E+02
  -5.910  0.6464E+01  0.6464E+01  0.2537E+02
  -5.900  0.6985E+01  0.6985E+01  0.2551E+02
  -5.890  0.7529E+01  0.7529E+01  0.2566E+02
  -5.880  0.8096E+01  0.8096E+01  0.2582E+02
  -5.870  0.8685E+01  0.8685E+01  0.2600E+02
  -5.860  0.9295E+01  0.9295E+01  0.2618E+02
  -5.850  0.9924E+01  0.9924E+01  0.2638E+02
  -5.840  0.1057E+02  0.1057E+02  0.2659E+02
  -5.830  0.1123E+02  0.1123E+02  0.2682E+02
  -5.820  0.1191E+02  0.1191E+02  0.2705E+02
  -5.810  0.1260E+02  0.1259E+02  0.2731E+02
  -5.800  0.1329E+02  0.1329E+02  0.2757E+02
  -5.790  0.1399E+02  0.1399E+02  0.2785E+02
  -5.780  0.1470E+02  0.1470E+02  0.2815E+02
  -5.770  0.1540E+02  0.1540E+02  0.2845E+02
  -5.760  0.1610E+02  0.1610E+02  0.2878E+02
  -5.750  0.1679E+02  0.1679E+02  0.2911E+02
  -5.740  0.1748E+02  0.1748E+02  0.2946E+02
  -5.730  0.1814E+02  0.1814E+02  0.2982E+02
  -5.720  0.1880E+02  0.1880E+02  0.3020E+02
  -5.710  0.1943E+02  0.1943E+02  0.3059E+02
  -5.700  0.2004E+02  0.2004E+02  0.3099E+02
  -5.690  0.2062E+02  0.2062E+02  0.3140E+02
  -5.680  0.2117E+02  0.2117E+02  0.3182E+02
  -5.670  0.2168E+02  0.2168E+02  0.3226E+02
  -5.660  0.2216E+02  0.2216E+02  0.3270E+02
  -5.650  0.2260E+02  0.2260E+02  0.3315E+02
  -5.640  0.2300E+02  0.2300E+02  0.3361E+02
  -5.630  0.2336E+02  0.2336E+02  0.3408E+02
  -5.620  0.2367E+02  0.2367E+02  0.3455E+02
  -5.610  0.2393E+02  0.2393E+02  0.3503E+02
  -5.600  0.2414E+02  0.2414E+02  0.3552E+02
  -5.590  0.2430E+02  0.2430E+02  0.3600E+02
  -5.580  0.2441E+02  0.2441E+02  0.3649E+02
  -5.570  0.2447E+02  0.2447E+02  0.3698E+02
  -5.560  0.2448E+02  0.2448E+02  0.3747E+02
  -5.550  0.2443E+02  0.2443E+02  0.3796E+02
  -5.540  0.2433E+02  0.2433E+02  0.3844E+02
  -5.530  0.2419E+02  0.2419E+02  0.3893E+02
  -5.520  0.2399E+02  0.2399E+02  0.3941E+02
  -5.510  0.2374E+02  0.2374E+02  0.3988E+02
  -5.500  0.2344E+02  0.2344E+02  0.4035E+02
  -5.490  0.2310E+02  0.2310E+02  0.4081E+02
  -5.480  0.2271E+02  0.2271E+02  0.4127E+02
  -5.470  0.2228E+02  0.2228E+02  0.4171E+02
  -5.460  0.2181E+02  0.2181E+02  0.4215E+02
  -5.450  0.2130E+02  0.2130E+02  0.4257E+02
  -5.440  0.2075E+02  0.2075E+02  0.4299E+02
  -5.430  0.2017E+02  0.2017E+02  0.4339E+02
  -5.420  0.1956E+02  0.1956E+02  0.4378E+02
  -5.410  0.1892E+02  0.1892E+02  0.4416E+02
  -5.400  0.1826E+02  0.1826E+02  0.4453E+02
  -5.390  0.1757E+02  0.1757E+02  0.4488E+02
  -5.380  0.1686E+02  0.1686E+02  0.4522E+02
  -5.370  0.1614E+02  0.1614E+02  0.4554E+02
  -5.360  0.1540E+02  0.1540E+02  0.4585E+02
  -5.350  0.1465E+02  0.1465E+02  0.4614E+02
  -5.340  0.1390E+02  0.1390E+02  0.4642E+02
  -5.330  0.1314E+02  0.1314E+02  0.4668E+02
  -5.320  0.1237E+02  0.1237E+02  0.4693E+02
  -5.310  0.1161E+02  0.1161E+02  0.4716E+02
  -5.300  0.1085E+02  0.1085E+02  0.4738E+02
  -5.290  0.1009E+02  0.1009E+02  0.4758E+02
  -5.280  0.9346E+01  0.9346E+01  0.4777E+02
  -5.270  0.8611E+01  0.8611E+01  0.4794E+02
  -5.260  0.7889E+01  0.7889E+01  0.4810E+02
  -5.250  0.7183E+01  0.7183E+01  0.4824E+02
  -5.240  0.6496E+01  0.6495E+01  0.4837E+02
  -5.230  0.5828E+01  0.5828E+01  0.4849E+02
  -5.220  0.5182E+01  0.5182E+01  0.4859E+02
  -5.210  0.4560E+01  0.4560E+01  0.4868E+02
  -5.200  0.3963E+01  0.3963E+01  0.4876E+02
  -5.190  0.3393E+01  0.3393E+01  0.4883E+02
  -5.180  0.2851E+01  0.2850E+01  0.4889E+02
  -5.170  0.2337E+01  0.2337E+01  0.4893E+02
  -5.160  0.1854E+01  0.1854E+01  0.4897E+02
  -5.150  0.1401E+01  0.1401E+01  0.4900E+02
  -5.140  0.9786E+00  0.9785E+00  0.4902E+02
  -5.130  0.5875E+00  0.5874E+00  0.4903E+02
  -5.120  0.2276E+00  0.2275E+00  0.4903E+02
  -5.110 -0.1013E+00 -0.1014E+00  0.4903E+02
  -5.100 -0.3996E+00 -0.3997E+00  0.4902E+02
  -5.090 -0.6677E+00 -0.6678E+00  0.4901E+02
  -5.080 -0.9064E+00 -0.9065E+00  0.4899E+02
  -5.070 -0.1116E+01 -0.1116E+01  0.4897E+02
  -5.060 -0.1299E+01 -0.1299E+01  0.4894E+02
  -5.050 -0.1455E+01 -0.1455E+01  0.4891E+02
  -5.040 -0.1585E+01 -0.1585E+01  0.4888E+02
  -5.030 -0.1692E+01 -0.1692E+01  0.4885E+02
  -5.020 -0.1776E+01 -0.1776E+01  0.4881E+02
  -5.010 -0.1839E+01 -0.1839E+01  0.4878E+02
  -5.000 -0.1882E+01 -0.1882E+01  0.4874E+02
  -4.990 -0.1907E+01 -0.1907E+01  0.4870E+02
  -4.980 -0.1916E+01 -0.1916E+01  0.4866E+02
  -4.970 -0.1910E+01 -0.1910E+01  0.4862E+02
  -4.960 -0.1891E+01 -0.1891E+01  0.4859E+02
  -4.950 -0.1860E+01 -0.1860E+01  0.4855E+02
  -4.940 -0.1818E+01 -0.1818E+01  0.4851E+02
  -4.930 -0.1768E+01 -0.1768E+01  0.4848E+02
  -4.920 -0.1711E+01 -0.1711E+01  0.4844E+02
  -4.910 -0.1647E+01 -0.1647E+01  0.4841E+02
  -4.900 -0.1578E+01 -0.1578E+01  0.4838E+02
  -4.890 -0.1505E+01 -0.1505E+01  0.4835E+02
  -4.880 -0.1430E+01 -0.1430E+01  0.4832E+02
  -4.870 -0.1353E+01 -0.1353E+01  0.4829E+02
  -4.860 -0.1275E+01 -0.1275E+01  0.4827E+02
  -4.850 -0.1197E+01 -0.1197E+01  0.4824E+02
  -4.840 -0.1119E+01 -0.1119E+01  0.4822E+02
  -4.830 -0.1043E+01 -0.1043E+01  0.4820E+02
  -4.820 -0.9686E+00 -0.9686E+00  0.4818E+02
  -4.810 -0.8964E+00 -0.8964E+00  0.4816E+02
  -4.800 -0.8268E+00 -0.8268E+00  0.4815E+02
  -4.790 -0.7601E+00 -0.7601E+00  0.4813E+02
  -4.780 -0.6965E+00 -0.6964E+00  0.4812E+02
  -4.770 -0.6361E+00 -0.6361E+00  0.4810E+02
  -4.760 -0.5792E+00 -0.5792E+00  0.4809E+02
  -4.750 -0.5257E+00 -0.5257E+00  0.4808E+02
  -4.740 -0.4757E+00 -0.4756E+00  0.4807E+02
  -4.730 -0.4291E+00 -0.4291E+00  0.4806E+02
  -4.720 -0.3859E+00 -0.3859E+00  0.4806E+02
  -4.710 -0.3460E+00 -0.3460E+00  0.4805E+02
  -4.700 -0.3094E+00 -0.3094E+00  0.4804E+02
  -4.690 -0.2758E+00 -0.2758E+00  0.4804E+02
  -4.680 -0.2451E+00 -0.2451E+00  0.4803E+02
  -4.670 -0.2172E+00 -0.2172E+00  0.4803E+02
  -4.660 -0.1920E+00 -0.1920E+00  0.4803E+02
  -4.650 -0.1692E+00 -0.1692E+00  0.4802E+02
  -4.640 -0.1486E+00 -0.1486E+00  0.4802E+02
  -4.630 -0.1302E+00 -0.1302E+00  0.4802E+02
  -4.620 -0.1138E+00 -0.1138E+00  0.4801E+02
  -4.610 -0.9916E-01 -0.9916E-01  0.4801E+02
  -4.600 -0.8616E-01 -0.8616E-01  0.4801E+02
  -4.590 -0.7466E-01 -0.7466E-01  0.4801E+02
  -4.580 -0.6451E-01 -0.6451E-01  0.4801E+02
  -4.570 -0.5559E-01 -0.5559E-01  0.4801E+02
  -4.560 -0.4777E-01 -0.4777E-01  0.4801E+02
  -4.550 -0.4094E-01 -0.4094E-01  0.4800E+02
  -4.540 -0.3499E-01 -0.3499E-01  0.4800E+02
  -4.530 -0.2983E-01 -0.2983E-01  0.4800E+02
  -4.520 -0.2535E-01 -0.2535E-01  0.4800E+02
  -4.510 -0.2149E-01 -0.2149E-01  0.4800E+02
  -4.500 -0.1817E-01 -0.1817E-01  0.4800E+02
  -4.490 -0.1532E-01 -0.1532E-01  0.4800E+02
  -4.480 -0.1288E-01 -0.1288E-01  0.4800E+02
  -4.470 -0.1081E-01 -0.1081E-01  0.4800E+02
  -4.460 -0.9038E-02 -0.9038E-02  0.4800E+02
  -4.450 -0.7539E-02 -0.7539E-02  0.4800E+02
  -4.440 -0.6272E-02 -0.6272E-02  0.4800E+02
  -4.430 -0.5204E-02 -0.5204E-02  0.4800E+02
  -4.420 -0.4306E-02 -0.4306E-02  0.4800E+02
  -4.410 -0.3554E-02 -0.3554E-02  0.4800E+02
  -4.400 -0.2925E-02 -0.2925E-02  0.4800E+02
  -4.390 -0.2401E-02 -0.2401E-02  0.4800E+02
  -4.380 -0.1966E-02 -0.1966E-02  0.4800E+02
  -4.370 -0.1605E-02 -0.1605E-02  0.4800E+02
  -4.360 -0.1307E-02 -0.1307E-02  0.4800E+02
  -4.350 -0.1062E-02 -0.1062E-02  0.4800E+02
  -4.340 -0.8602E-03 -0.8602E-03  0.4800E+02
  -4.330 -0.6950E-03 -0.6950E-03  0.4800E+02
  -4.320 -0.5600E-03 -0.5600E-03  0.4800E+02
  -4.310 -0.4500E-03 -0.4500E-03  0.4800E+02
  -4.300 -0.3607E-03 -0.3607E-03  0.4800E+02
  -4.290 -0.2884E-03 -0.2883E-03  0.4800E+02
  -4.280 -0.2299E-03 -0.2299E-03  0.4800E+02
  -4.270 -0.1828E-03 -0.1828E-03  0.4800E+02
  -4.260 -0.1450E-03 -0.1450E-03  0.4800E+02
  -4.250 -0.1147E-03 -0.1147E-03  0.4800E+02
  -4.240 -0.9046E-04 -0.9045E-04  0.4800E+02
  -4.230 -0.7117E-04 -0.7116E-04  0.4800E+02
  -4.220 -0.5585E-04 -0.5584E-04  0.4800E+02
  -4.210 -0.4371E-04 -0.4370E-04  0.4800E+02
  -4.200 -0.3411E-04 -0.3411E-04  0.4800E+02
  -4.190 -0.2656E-04 -0.2656E-04  0.4800E+02
  -4.180 -0.2062E-04 -0.2062E-04  0.4800E+02
  -4.170 -0.1597E-04 -0.1597E-04  0.4800E+02
  -4.160 -0.1233E-04 -0.1233E-04  0.4800E+02
  -4.150 -0.9498E-05 -0.9497E-05  0.4800E+02
  -4.140 -0.7297E-05 -0.7296E-05  0.4800E+02
  -4.130 -0.5590E-05 -0.5590E-05  0.4800E+02
  -4.120 -0.4272E-05 -0.4272E-05  0.4800E+02
  -4.110 -0.3256E-05 -0.3256E-05  0.4800E+02
  -4.100 -0.2475E-05 -0.2475E-05  0.4800E+02
  -4.090 -0.1876E-05 -0.1876E-05  0.4800E+02
  -4.080 -0.1418E-05 -0.1418E-05  0.4800E+02
  -4.070 -0.1070E-05 -0.1070E-05  0.4800E+02
  -4.060 -0.8044E-06 -0.8044E-06  0.4800E+02
  -4.050 -0.6034E-06 -0.6033E-06  0.4800E+02
  -4.040 -0.4514E-06 -0.4513E-06  0.4800E+02
  -4.030 -0.3368E-06 -0.3367E-06  0.4800E+02
  -4.020 -0.2506E-06 -0.2506E-06  0.4800E+02
  -4.010 -0.1860E-06 -0.1859E-06  0.4800E+02
  -4.000 -0.1376E-06 -0.1376E-06  0.4800E+02
  -3.990 -0.1016E-06 -0.1016E-06  0.4800E+02
  -3.980 -0.7474E-07 -0.7474E-07  0.4800E+02
  -3.970 -0.5483E-07 -0.5482E-07  0.4800E+02
  -3.960 -0.4007E-07 -0.4007E-07  0.4800E+02
  -3.950 -0.2916E-07 -0.2915E-07  0.4800E+02
  -3.940 -0.2108E-07 -0.2107E-07  0.4800E+02
  -3.930 -0.1507E-07 -0.1507E-07  0.4800E+02
  -3.920 -0.1058E-07 -0.1058E-07  0.4800E+02
  -3.910 -0.7154E-08 -0.7153E-08  0.4800E+02
  -3.900 -0.4449E-08 -0.4448E-08  0.4800E+02
  -3.890 -0.2185E-08 -0.2185E-08  0.4800E+02
  -3.880 -0.1207E-09 -0.1207E-09  0.4800E+02
  -3.870  0.1973E-08  0.1973E-08  0.4800E+02
  -3.860  0.4333E-08  0.4332E-08  0.4800E+02
  -3.850  0.7225E-08  0.7225E-08  0.4800E+02
  -3.840  0.1098E-07  0.1098E-07  0.4800E+02
  -3.830  0.1601E-07  0.1601E-07  0.4800E+02
  -3.820  0.2289E-07  0.2289E-07  0.4800E+02
  -3.810  0.3234E-07  0.3234E-07  0.4800E+02
  -3.800  0.4538E-07  0.4538E-07  0.4800E+02
  -3.790  0.6338E-07  0.6337E-07  0.4800E+02
  -3.780  0.8817E-07  0.8817E-07  0.4800E+02
  -3.770  0.1223E-06  0.1223E-06  0.4800E+02
  -3.760  0.1690E-06  0.1690E-06  0.4800E+02
  -3.750  0.2330E-06  0.2330E-06  0.4800E+02
  -3.740  0.3203E-06  0.3203E-06  0.4800E+02
  -3.730  0.4391E-06  0.4391E-06  0.4800E+02
  -3.720  0.6003E-06  0.6003E-06  0.4800E+02
  -3.710  0.8184E-06  0.8183E-06  0.4800E+02
  -3.700  0.1113E-05  0.1113E-05  0.4800E+02
  -3.690  0.1509E-05  0.1508E-05  0.4800E+02
  -3.680  0.2040E-05  0.2040E-05  0.4800E+02
  -3.670  0.2750E-05  0.2750E-05  0.4800E+02
  -3.660  0.3698E-05  0.3698E-05  0.4800E+02
  -3.650  0.4959E-05  0.4959E-05  0.4800E+02
  -3.640  0.6632E-05  0.6631E-05  0.4800E+02
  -3.630  0.8844E-05  0.8843E-05  0.4800E+02
  -3.620  0.1176E-04  0.1176E-04  0.4800E+02
  -3.610  0.1560E-04  0.1560E-04  0.4800E+02
  -3.600  0.2063E-04  0.2063E-04  0.4800E+02
  -3.590  0.2721E-04  0.2721E-04  0.4800E+02
  -3.580  0.3579E-04  0.3579E-04  0.4800E+02
  -3.570  0.4695E-04  0.4695E-04  0.4800E+02
  -3.560  0.6141E-04  0.6141E-04  0.4800E+02
  -3.550  0.8011E-04  0.8011E-04  0.4800E+02
  -3.540  0.1042E-03  0.1042E-03  0.4800E+02
  -3.530  0.1352E-03  0.1352E-03  0.4800E+02
  -3.520  0.1749E-03  0.1749E-03  0.4800E+02
  -3.510  0.2256E-03  0.2256E-03  0.4800E+02
  -3.500  0.2903E-03  0.2903E-03  0.4800E+02
  -3.490  0.3724E-03  0.3724E-03  0.4800E+02
  -3.480  0.4765E-03  0.4765E-03  0.4800E+02
  -3.470  0.6080E-03  0.6080E-03  0.4800E+02
  -3.460  0.7736E-03  0.7736E-03  0.4800E+02
  -3.450  0.9816E-03  0.9815E-03  0.4800E+02
  -3.440  0.1242E-02  0.1242E-02  0.4800E+02
  -3.430  0.1567E-02  0.1567E-02  0.4800E+02
  -3.420  0.1972E-02  0.1972E-02  0.4800E+02
  -3.410  0.2474E-02  0.2474E-02  0.4800E+02
  -3.400  0.3096E-02  0.3096E-02  0.4800E+02
  -3.390  0.3864E-02  0.3864E-02  0.4800E+02
  -3.380  0.4808E-02  0.4808E-02  0.4800E+02
  -3.370  0.5966E-02  0.5966E-02  0.4800E+02
  -3.360  0.7383E-02  0.7383E-02  0.4800E+02
  -3.350  0.9111E-02  0.9111E-02  0.4800E+02
  -3.340  0.1121E-01  0.1121E-01  0.4800E+02
  -3.330  0.1376E-01  0.1376E-01  0.4800E+02
  -3.320  0.1684E-01  0.1684E-01  0.4800E+02
  -3.310  0.2055E-01  0.2054E-01  0.4800E+02
  -3.300  0.2500E-01  0.2500E-01  0.4800E+02
  -3.290  0.3034E-01  0.3034E-01  0.4800E+02
  -3.280  0.3671E-01  0.3671E-01  0.4800E+02
  -3.270  0.4430E-01  0.4430E-01  0.4800E+02
  -3.260  0.5331E-01  0.5331E-01  0.4801E+02
  -3.250  0.6397E-01  0.6397E-01  0.4801E+02
  -3.240  0.7655E-01  0.7654E-01  0.4801E+02
  -3.230  0.9134E-01  0.9133E-01  0.4801E+02
  -3.220  0.1087E+00  0.1087E+00  0.4801E+02
  -3.210  0.1290E+00  0.1289E+00  0.4802E+02
  -3.200  0.1526E+00  0.1526E+00  0.4802E+02
  -3.190  0.1800E+00  0.1800E+00  0.4802E+02
  -3.180  0.2118E+00  0.2118E+00  0.4803E+02
  -3.170  0.2485E+00  0.2485E+00  0.4803E+02
  -3.160  0.2907E+00  0.2907E+00  0.4804E+02
  -3.150  0.3391E+00  0.3391E+00  0.4804E+02
  -3.140  0.3945E+00  0.3945E+00  0.4805E+02
  -3.130  0.4576E+00  0.4576E+00  0.4806E+02
  -3.120  0.5293E+00  0.5293E+00  0.4807E+02
  -3.110  0.6105E+00  0.6105E+00  0.4808E+02
  -3.100  0.7022E+00  0.7021E+00  0.4810E+02
  -3.090  0.8053E+00  0.8053E+00  0.4811E+02
  -3.080  0.9209E+00  0.9209E+00  0.4813E+02
  -3.070  0.1050E+01  0.1050E+01  0.4815E+02
  -3.060  0.1194E+01  0.1194E+01  0.4818E+02
  -3.050  0.1354E+01  0.1354E+01  0.4820E+02
  -3.040  0.1531E+01  0.1531E+01  0.4823E+02
  -3.030  0.1726E+01  0.1726E+01  0.4827E+02
  -3.020  0.1940E+01  0.1940E+01  0.4831E+02
  -3.010  0.2175E+01  0.2175E+01  0.4835E+02
  -3.000  0.2431E+01  0.2430E+01  0.4840E+02
  -2.990  0.2709E+01  0.2709E+01  0.4845E+02
  -2.980  0.3010E+01  0.3010E+01  0.4851E+02
  -2.970  0.3336E+01  0.3335E+01  0.4858E+02
  -2.960  0.3685E+01  0.3685E+01  0.4865E+02
  -2.950  0.4060E+01  0.4060E+01  0.4874E+02
  -2.940  0.4460E+01  0.4460E+01  0.4883E+02
  -2.930  0.4885E+01  0.4885E+01  0.4892E+02
  -2.920  0.5335E+01  0.5335E+01  0.4903E+02
  -2.910  0.5810E+01  0.5810E+01  0.4915E+02
  -2.900  0.6308E+01  0.6308E+01  0.4927E+02
  -2.890  0.6830E+01  0.6830E+01  0.4941E+02
  -2.880  0.7373E+01  0.7372E+01  0.4956E+02
  -2.870  0.7935E+01  0.7935E+01  0.4971E+02
  -2.860  0.8516E+01  0.8516E+01  0.4989E+02
  -2.850  0.9113E+01  0.9113E+01  0.5007E+02
  -2.840  0.9723E+01  0.9723E+01  0.5026E+02
  -2.830  0.1034E+02  0.1034E+02  0.5047E+02
  -2.820  0.1097E+02  0.1097E+02  0.5069E+02
  -2.810  0.1160E+02  0.1160E+02  0.5092E+02
  -2.800  0.1224E+02  0.1224E+02  0.5117E+02
  -2.790  0.1287E+02  0.1287E+02  0.5142E+02
  -2.780  0.1349E+02  0.1349E+02  0.5169E+02
  -2.770  0.1410E+02  0.1410E+02  0.5197E+02
  -2.760  0.1469E+02  0.1469E+02  0.5227E+02
  -2.750  0.1527E+02  0.1527E+02  0.5257E+02
  -2.740  0.1582E+02  0.1582E+02  0.5289E+02
  -2.730  0.1635E+02  0.1635E+02  0.5322E+02
  -2.720  0.1684E+02  0.1684E+02  0.5355E+02
  -2.710  0.1730E+02  0.1730E+02  0.5390E+02
  -2.700  0.1772E+02  0.1772E+02  0.5425E+02
  -2.690  0.1809E+02  0.1809E+02  0.5462E+02
  -2.680  0.1842E+02  0.1842E+02  0.5498E+02
  -2.670  0.1871E+02  0.1871E+02  0.5536E+02
  -2.660  0.1894E+02  0.1894E+02  0.5574E+02
  -2.650  0.1913E+02  0.1913E+02  0.5612E+02
  -2.640  0.1926E+02  0.1926E+02  0.5651E+02
  -2.630  0.1934E+02  0.1934E+02  0.5689E+02
  -2.620  0.1937E+02  0.1937E+02  0.5728E+02
  -2.610  0.1935E+02  0.1935E+02  0.5767E+02
  -2.600  0.1927E+02  0.1927E+02  0.5805E+02
  -2.590  0.1915E+02  0.1915E+02  0.5843E+02
  -2.580  0.1898E+02  0.1898E+02  0.5881E+02
  -2.570  0.1876E+02  0.1876E+02  0.5919E+02
  -2.560  0.1850E+02  0.1850E+02  0.5956E+02
  -2.550  0.1821E+02  0.1821E+02  0.5992E+02
  -2.540  0.1787E+02  0.1787E+02  0.6028E+02
  -2.530  0.1751E+02  0.1751E+02  0.6063E+02
  -2.520  0.1712E+02  0.1712E+02  0.6097E+02
  -2.510  0.1671E+02  0.1671E+02  0.6131E+02
  -2.500  0.1627E+02  0.1627E+02  0.6163E+02
  -2.490  0.1582E+02  0.1582E+02  0.6195E+02
  -2.480  0.1536E+02  0.1536E+02  0.6226E+02
  -2.470  0.1489E+02  0.1489E+02  0.6255E+02
  -2.460  0.1442E+02  0.1442E+02  0.6284E+02
  -2.450  0.1394E+02  0.1394E+02  0.6312E+02
  -2.440  0.1347E+02  0.1347E+02  0.6339E+02
  -2.430  0.1301E+02  0.1301E+02  0.6365E+02
  -2.420  0.1255E+02  0.1255E+02  0.6390E+02
  -2.410  0.1210E+02  0.1210E+02  0.6414E+02
  -2.400  0.1166E+02  0.1166E+02  0.6438E+02
  -2.390  0.1124E+02  0.1124E+02  0.6460E+02
  -2.380  0.1082E+02  0.1082E+02  0.6482E+02
  -2.370  0.1043E+02  0.1043E+02  0.6503E+02
  -2.360  0.1004E+02  0.1004E+02  0.6523E+02
  -2.350  0.9676E+01  0.9676E+01  0.6542E+02
  -2.340  0.9322E+01  0.9322E+01  0.6561E+02
  -2.330  0.8981E+01  0.8981E+01  0.6579E+02
  -2.320  0.8652E+01  0.8652E+01  0.6596E+02
  -2.310  0.8335E+01  0.8335E+01  0.6613E+02
  -2.300  0.8028E+01  0.8028E+01  0.6629E+02
  -2.290  0.7730E+01  0.7730E+01  0.6644E+02
  -2.280  0.7439E+01  0.7439E+01  0.6659E+02
  -2.270  0.7154E+01  0.7154E+01  0.6673E+02
  -2.260  0.6874E+01  0.6874E+01  0.6687E+02
  -2.250  0.6597E+01  0.6597E+01  0.6700E+02
  -2.240  0.6323E+01  0.6323E+01  0.6713E+02
  -2.230  0.6050E+01  0.6050E+01  0.6725E+02
  -2.220  0.5777E+01  0.5777E+01  0.6737E+02
  -2.210  0.5505E+01  0.5504E+01  0.6748E+02
  -2.200  0.5231E+01  0.5231E+01  0.6758E+02
  -2.190  0.4956E+01  0.4956E+01  0.6768E+02
  -2.180  0.4680E+01  0.4680E+01  0.6777E+02
  -2.170  0.4402E+01  0.4402E+01  0.6786E+02
  -2.160  0.4124E+01  0.4123E+01  0.6794E+02
  -2.150  0.3844E+01  0.3844E+01  0.6802E+02
  -2.140  0.3565E+01  0.3565E+01  0.6809E+02
  -2.130  0.3286E+01  0.3286E+01  0.6816E+02
  -2.120  0.3008E+01  0.3008E+01  0.6822E+02
  -2.110  0.2733E+01  0.2733E+01  0.6827E+02
  -2.100  0.2461E+01  0.2461E+01  0.6832E+02
  -2.090  0.2194E+01  0.2194E+01  0.6837E+02
  -2.080  0.1932E+01  0.1932E+01  0.6841E+02
  -2.070  0.1677E+01  0.1676E+01  0.6844E+02
  -2.060  0.1429E+01  0.1429E+01  0.6847E+02
  -2.050  0.1190E+01  0.1189E+01  0.6849E+02
  -2.040  0.9600E+00  0.9599E+00  0.6851E+02
  -2.030  0.7410E+00  0.7410E+00  0.6853E+02
  -2.020  0.5334E+00  0.5334E+00  0.6854E+02
  -2.010  0.3379E+00  0.3379E+00  0.6854E+02
  -2.000  0.1551E+00  0.1550E+00  0.6855E+02
  -1.990 -0.1459E-01 -0.1464E-01  0.6855E+02
  -1.980 -0.1707E+00 -0.1708E+00  0.6854E+02
  -1.970 -0.3132E+00 -0.3132E+00  0.6854E+02
  -1.960 -0.4417E+00 -0.4417E+00  0.6853E+02
  -1.950 -0.5564E+00 -0.5565E+00  0.6852E+02
  -1.940 -0.6575E+00 -0.6575E+00  0.6850E+02
  -1.930 -0.7451E+00 -0.7452E+00  0.6849E+02
  -1.920 -0.8197E+00 -0.8197E+00  0.6847E+02
  -1.910 -0.8817E+00 -0.8817E+00  0.6845E+02
  -1.900 -0.9316E+00 -0.9316E+00  0.6844E+02
  -1.890 -0.9701E+00 -0.9701E+00  0.6842E+02
  -1.880 -0.9978E+00 -0.9978E+00  0.6840E+02
  -1.870 -0.1015E+01 -0.1015E+01  0.6838E+02
  -1.860 -0.1024E+01 -0.1024E+01  0.6835E+02
  -1.850 -0.1024E+01 -0.1024E+01  0.6833E+02
  -1.840 -0.1016E+01 -0.1016E+01  0.6831E+02
  -1.830 -0.1002E+01 -0.1002E+01  0.6829E+02
  -1.820 -0.9813E+00 -0.9813E+00  0.6827E+02
  -1.810 -0.9555E+00 -0.9555E+00  0.6826E+02
  -1.800 -0.9254E+00 -0.9254E+00  0.6824E+02
  -1.790 -0.8915E+00 -0.8915E+00  0.6822E+02
  -1.780 -0.8547E+00 -0.8547E+00  0.6820E+02
  -1.770 -0.8155E+00 -0.8155E+00  0.6819E+02
  -1.760 -0.7746E+00 -0.7746E+00  0.6817E+02
  -1.750 -0.7325E+00 -0.7325E+00  0.6816E+02
  -1.740 -0.6899E+00 -0.6899E+00  0.6814E+02
  -1.730 -0.6471E+00 -0.6471E+00  0.6813E+02
  -1.720 -0.6045E+00 -0.6045E+00  0.6812E+02
  -1.710 -0.5626E+00 -0.5626E+00  0.6811E+02
  -1.700 -0.5217E+00 -0.5217E+00  0.6809E+02
  -1.690 -0.4819E+00 -0.4819E+00  0.6809E+02
  -1.680 -0.4436E+00 -0.4436E+00  0.6808E+02
  -1.670 -0.4069E+00 -0.4069E+00  0.6807E+02
  -1.660 -0.3720E+00 -0.3720E+00  0.6806E+02
  -1.650 -0.3389E+00 -0.3389E+00  0.6805E+02
  -1.640 -0.3077E+00 -0.3077E+00  0.6805E+02
  -1.630 -0.2784E+00 -0.2784E+00  0.6804E+02
  -1.620 -0.2511E+00 -0.2511E+00  0.6804E+02
  -1.610 -0.2258E+00 -0.2258E+00  0.6803E+02
  -1.600 -0.2024E+00 -0.2024E+00  0.6803E+02
  -1.590 -0.1808E+00 -0.1808E+00  0.6803E+02
  -1.580 -0.1610E+00 -0.1610E+00  0.6802E+02
  -1.570 -0.1430E+00 -0.1430E+00  0.6802E+02
  -1.560 -0.1265E+00 -0.1265E+00  0.6802E+02
  -1.550 -0.1117E+00 -0.1117E+00  0.6801E+02
  -1.540 -0.9825E-01 -0.9824E-01  0.6801E+02
  -1.530 -0.8618E-01 -0.8617E-01  0.6801E+02
  -1.520 -0.7536E-01 -0.7536E-01  0.6801E+02
  -1.510 -0.6571E-01 -0.6571E-01  0.6801E+02
  -1.500 -0.5713E-01 -0.5712E-01  0.6801E+02
  -1.490 -0.4952E-01 -0.4952E-01  0.6801E+02
  -1.480 -0.4280E-01 -0.4280E-01  0.6800E+02
  -1.470 -0.3688E-01 -0.3688E-01  0.6800E+02
  -1.460 -0.3169E-01 -0.3169E-01  0.6800E+02
  -1.450 -0.2715E-01 -0.2715E-01  0.6800E+02
  -1.440 -0.2320E-01 -0.2320E-01  0.6800E+02
  -1.430 -0.1976E-01 -0.1976E-01  0.6800E+02
  -1.420 -0.1679E-01 -0.1679E-01  0.6800E+02
  -1.410 -0.1422E-01 -0.1422E-01  0.6800E+02
  -1.400 -0.1201E-01 -0.1201E-01  0.6800E+02
  -1.390 -0.1011E-01 -0.1011E-01  0.6800E+02
  -1.380 -0.8495E-02 -0.8495E-02  0.6800E+02
  -1.370 -0.7115E-02 -0.7114E-02  0.6800E+02
  -1.360 -0.5942E-02 -0.5942E-02  0.6800E+02
  -1.350 -0.4948E-02 -0.4948E-02  0.6800E+02
  -1.340 -0.4110E-02 -0.4110E-02  0.6800E+02
  -1.330 -0.3404E-02 -0.3403E-02  0.6800E+02
  -1.320 -0.2811E-02 -0.2811E-02  0.6800E+02
  -1.310 -0.2315E-02 -0.2315E-02  0.6800E+02
  -1.300 -0.1901E-02 -0.1901E-02  0.6800E+02
  -1.290 -0.1557E-02 -0.1557E-02  0.6800E+02
  -1.280 -0.1272E-02 -0.1272E-02  0.6800E+02
  -1.270 -0.1036E-02 -0.1036E-02  0.6800E+02
  -1.260 -0.8414E-03 -0.8414E-03  0.6800E+02
  -1.250 -0.6815E-03 -0.6815E-03  0.6800E+02
  -1.240 -0.5505E-03 -0.5505E-03  0.6800E+02
  -1.230 -0.4435E-03 -0.4435E-03  0.6800E+02
  -1.220 -0.3563E-03 -0.3563E-03  0.6800E+02
  -1.210 -0.2854E-03 -0.2854E-03  0.6800E+02
  -1.200 -0.2280E-03 -0.2280E-03  0.6800E+02
  -1.190 -0.1817E-03 -0.1817E-03  0.6800E+02
  -1.180 -0.1444E-03 -0.1444E-03  0.6800E+02
  -1.170 -0.1144E-03 -0.1144E-03  0.6800E+02
  -1.160 -0.9041E-04 -0.9040E-04  0.6800E+02
  -1.150 -0.7125E-04 -0.7125E-04  0.6800E+02
  -1.140 -0.5600E-04 -0.5600E-04  0.6800E+02
  -1.130 -0.4389E-04 -0.4389E-04  0.6800E+02
  -1.120 -0.3431E-04 -0.3431E-04  0.6800E+02
  -1.110 -0.2674E-04 -0.2674E-04  0.6800E+02
  -1.100 -0.2079E-04 -0.2079E-04  0.6800E+02
  -1.090 -0.1612E-04 -0.1612E-04  0.6800E+02
  -1.080 -0.1246E-04 -0.1246E-04  0.6800E+02
  -1.070 -0.9611E-05 -0.9611E-05  0.6800E+02
  -1.060 -0.7391E-05 -0.7391E-05  0.6800E+02
  -1.050 -0.5669E-05 -0.5668E-05  0.6800E+02
  -1.040 -0.4336E-05 -0.4335E-05  0.6800E+02
  -1.030 -0.3307E-05 -0.3307E-05  0.6800E+02
  -1.020 -0.2516E-05 -0.2516E-05  0.6800E+02
  -1.010 -0.1909E-05 -0.1908E-05  0.6800E+02
  -1.000 -0.1444E-05 -0.1444E-05  0.6800E+02
  -0.990 -0.1090E-05 -0.1090E-05  0.6800E+02
  -0.980 -0.8199E-06 -0.8199E-06  0.6800E+02
  -0.970 -0.6153E-06 -0.6153E-06  0.6800E+02
  -0.960 -0.4605E-06 -0.4605E-06  0.6800E+02
  -0.950 -0.3438E-06 -0.3437E-06  0.6800E+02
  -0.940 -0.2559E-06 -0.2559E-06  0.6800E+02
  -0.930 -0.1900E-06 -0.1900E-06  0.6800E+02
  -0.920 -0.1407E-06 -0.1406E-06  0.6800E+02
  -0.910 -0.1039E-06 -0.1039E-06  0.6800E+02
  -0.900 -0.7648E-07 -0.7648E-07  0.6800E+02
  -0.890 -0.5617E-07 -0.5617E-07  0.6800E+02
  -0.880 -0.4114E-07 -0.4114E-07  0.6800E+02
  -0.870 -0.3005E-07 -0.3005E-07  0.6800E+02
  -0.860 -0.2189E-07 -0.2189E-07  0.6800E+02
  -0.850 -0.1590E-07 -0.1590E-07  0.6800E+02
  -0.840 -0.1152E-07 -0.1152E-07  0.6800E+02
  -0.830 -0.8327E-08 -0.8327E-08  0.6800E+02
  -0.820 -0.6001E-08 -0.6001E-08  0.6800E+02
  -0.810 -0.4313E-08 -0.4313E-08  0.6800E+02
  -0.800 -0.3092E-08 -0.3091E-08  0.6800E+02
  -0.790 -0.2210E-08 -0.2210E-08  0.6800E+02
  -0.780 -0.1576E-08 -0.1576E-08  0.6800E+02
  -0.770 -0.1120E-08 -0.1120E-08  0.6800E+02
  -0.760 -0.7944E-09 -0.7943E-09  0.6800E+02
  -0.750 -0.5618E-09 -0.5617E-09  0.6800E+02
  -0.740 -0.3962E-09 -0.3962E-09  0.6800E+02
  -0.730 -0.2787E-09 -0.2787E-09  0.6800E+02
  -0.720 -0.1955E-09 -0.1955E-09  0.6800E+02
  -0.710 -0.1368E-09 -0.1368E-09  0.6800E+02
  -0.700 -0.9542E-10 -0.9542E-10  0.6800E+02
  -0.690 -0.6640E-10 -0.6640E-10  0.6800E+02
  -0.680 -0.4608E-10 -0.4608E-10  0.6800E+02
  -0.670 -0.3189E-10 -0.3189E-10  0.6800E+02
  -0.660 -0.2201E-10 -0.2201E-10  0.6800E+02
  -0.650 -0.1515E-10 -0.1515E-10  0.6800E+02
  -0.640 -0.1040E-10 -0.1040E-10  0.6800E+02
  -0.630 -0.7123E-11 -0.7122E-11  0.6800E+02
  -0.620 -0.4864E-11 -0.4863E-11  0.6800E+02
  -0.610 -0.3312E-11 -0.3312E-11  0.6800E+02
  -0.600 -0.2250E-11 -0.2249E-11  0.6800E+02
  -0.590 -0.1524E-11 -0.1524E-11  0.6800E+02
  -0.580 -0.1029E-11 -0.1029E-11  0.6800E+02
  -0.570 -0.6935E-12 -0.6934E-12  0.6800E+02
  -0.560 -0.4659E-12 -0.4659E-12  0.6800E+02
  -0.550 -0.3122E-12 -0.3122E-12  0.6800E+02
  -0.540 -0.2086E-12 -0.2086E-12  0.6800E+02
  -0.530 -0.1391E-12 -0.1390E-12  0.6800E+02
  -0.520 -0.9243E-13 -0.9243E-13  0.6800E+02
  -0.510 -0.6127E-13 -0.6127E-13  0.6800E+02
  -0.500 -0.4051E-13 -0.4051E-13  0.6800E+02
  -0.490 -0.2671E-13 -0.2671E-13  0.6800E+02
  -0.480 -0.1756E-13 -0.1756E-13  0.6800E+02
  -0.470 -0.1152E-13 -0.1152E-13  0.6800E+02
  -0.460 -0.7534E-14 -0.7533E-14  0.6800E+02
  -0.450 -0.4914E-14 -0.4914E-14  0.6800E+02
  -0.440 -0.3197E-14 -0.3197E-14  0.6800E+02
  -0.430 -0.2074E-14 -0.2074E-14  0.6800E+02
  -0.420 -0.1342E-14 -0.1342E-14  0.6800E+02
  -0.410 -0.8660E-15 -0.8659E-15  0.6800E+02
  -0.400 -0.5573E-15 -0.5573E-15  0.6800E+02
  -0.390 -0.3577E-15 -0.3577E-15  0.6800E+02
  -0.380 -0.2290E-15 -0.2289E-15  0.6800E+02
  -0.370 -0.1462E-15 -0.1462E-15  0.6800E+02
  -0.360 -0.9306E-16 -0.9305E-16  0.6800E+02
  -0.350 -0.5909E-16 -0.5909E-16  0.6800E+02
  -0.340 -0.3742E-16 -0.3742E-16  0.6800E+02
  -0.330 -0.2363E-16 -0.2363E-16  0.6800E+02
  -0.320 -0.1488E-16 -0.1488E-16  0.6800E+02
  -0.310 -0.9350E-17 -0.9349E-17  0.6800E+02
  -0.300 -0.5857E-17 -0.5857E-17  0.6800E+02
  -0.290 -0.3660E-17 -0.3659E-17  0.6800E+02
  -0.280 -0.2280E-17 -0.2280E-17  0.6800E+02
  -0.270 -0.1417E-17 -0.1417E-17  0.6800E+02
  -0.260 -0.8782E-18 -0.8782E-18  0.6800E+02
  -0.250 -0.5428E-18 -0.5428E-18  0.6800E+02
  -0.240 -0.3346E-18 -0.3346E-18  0.6800E+02
  -0.230 -0.2057E-18 -0.2057E-18  0.6800E+02
  -0.220 -0.1261E-18 -0.1261E-18  0.6800E+02
  -0.210 -0.7712E-19 -0.7712E-19  0.6800E+02
  -0.200 -0.4703E-19 -0.4703E-19  0.6800E+02
  -0.190 -0.2860E-19 -0.2860E-19  0.6800E+02
  -0.180 -0.1735E-19 -0.1735E-19  0.6800E+02
  -0.170 -0.1050E-19 -0.1049E-19  0.6800E+02
  -0.160 -0.6332E-20 -0.6331E-20  0.6800E+02
  -0.150 -0.3810E-20 -0.3809E-20  0.6800E+02
  -0.140 -0.2286E-20 -0.2286E-20  0.6800E+02
  -0.130 -0.1368E-20 -0.1368E-20  0.6800E+02
  -0.120 -0.8165E-21 -0.8164E-21  0.6800E+02
  -0.110 -0.4860E-21 -0.4859E-21  0.6800E+02
  -0.100 -0.2885E-21 -0.2885E-21  0.6800E+02
  -0.090 -0.1708E-21 -0.1708E-21  0.6800E+02
  -0.080 -0.1008E-21 -0.1008E-21  0.6800E+02
  -0.070 -0.5938E-22 -0.5938E-22  0.6800E+02
  -0.060 -0.3487E-22 -0.3487E-22  0.6800E+02
  -0.050 -0.2042E-22 -0.2042E-22  0.6800E+02
  -0.040 -0.1193E-22 -0.1193E-22  0.6800E+02
  -0.030 -0.6950E-23 -0.6949E-23  0.6800E+02
  -0.020 -0.4038E-23 -0.4037E-23  0.6800E+02
  -0.010 -0.2339E-23 -0.2339E-23  0.6800E+02
  -0.000 -0.1352E-23 -0.1352E-23  0.6800E+02
   0.010 -0.7791E-24 -0.7790E-24  0.6800E+02
   0.020 -0.4478E-24 -0.4477E-24  0.6800E+02
   0.030 -0.2567E-24 -0.2566E-24  0.6800E+02
   0.040 -0.1467E-24 -0.1467E-24  0.6800E+02
   0.050 -0.8365E-25 -0.8364E-25  0.6800E+02
   0.060 -0.4756E-25 -0.4756E-25  0.6800E+02
   0.070 -0.2697E-25 -0.2697E-25  0.6800E+02
   0.080 -0.1525E-25 -0.1525E-25  0.6800E+02
   0.090 -0.8602E-26 -0.8601E-26  0.6800E+02
   0.100 -0.4839E-26 -0.4838E-26  0.6800E+02
   0.110 -0.2714E-26 -0.2714E-26  0.6800E+02
   0.120 -0.1519E-26 -0.1518E-26  0.6800E+02
   0.130 -0.8474E-27 -0.8473E-27  0.6800E+02
   0.140 -0.4715E-27 -0.4715E-27  0.6800E+02
   0.150 -0.2617E-27 -0.2616E-27  0.6800E+02
   0.160 -0.1448E-27 -0.1448E-27  0.6800E+02
   0.170 -0.7994E-28 -0.7994E-28  0.6800E+02
   0.180 -0.4401E-28 -0.4400E-28  0.6800E+02
   0.190 -0.2416E-28 -0.2416E-28  0.6800E+02
   0.200 -0.1323E-28 -0.1323E-28  0.6800E+02
   0.210 -0.7224E-29 -0.7223E-29  0.6800E+02
   0.220 -0.3934E-29 -0.3934E-29  0.6800E+02
   0.230 -0.2137E-29 -0.2137E-29  0.6800E+02
   0.240 -0.1157E-29 -0.1157E-29  0.6800E+02
   0.250 -0.6253E-30 -0.6252E-30  0.6800E+02
   0.260 -0.3369E-30 -0.3368E-30  0.6800E+02
   0.270 -0.1810E-30 -0.1810E-30  0.6800E+02
   0.280 -0.9699E-31 -0.9698E-31  0.6800E+02
   0.290 -0.5184E-31 -0.5183E-31  0.6800E+02
   0.300 -0.2763E-31 -0.2762E-31  0.6800E+02
   0.310 -0.1469E-31 -0.1468E-31  0.6800E+02
   0.320 -0.7785E-32 -0.7784E-32  0.6800E+02
   0.330 -0.4116E-32 -0.4115E-32  0.6800E+02
   0.340 -0.2170E-32 -0.2170E-32  0.6800E+02
   0.350 -0.1141E-32 -0.1141E-32  0.6800E+02
   0.360 -0.5985E-33 -0.5984E-33  0.6800E+02
   0.370 -0.3130E-33 -0.3130E-33  0.6800E+02
   0.380 -0.1633E-33 -0.1632E-33  0.6800E+02
   0.390 -0.8493E-34 -0.8492E-34  0.6800E+02
   0.400 -0.4406E-34 -0.4406E-34  0.6800E+02
   0.410 -0.2280E-34 -0.2280E-34  0.6800E+02
   0.420 -0.1177E-34 -0.1176E-34  0.6800E+02
   0.430 -0.6055E-35 -0.6054E-35  0.6800E+02
   0.440 -0.3108E-35 -0.3107E-35  0.6800E+02
   0.450 -0.1591E-35 -0.1590E-35  0.6800E+02
   0.460 -0.8120E-36 -0.8119E-36  0.6800E+02
   0.470 -0.4134E-36 -0.4133E-36  0.6800E+02
   0.480 -0.2099E-36 -0.2099E-36  0.6800E+02
   0.490 -0.1063E-36 -0.1063E-36  0.6800E+02
   0.500 -0.5368E-37 -0.5367E-37  0.6800E+02
   0.510 -0.2703E-37 -0.2703E-37  0.6800E+02
   0.520 -0.1358E-37 -0.1358E-37  0.6800E+02
   0.530 -0.6799E-38 -0.6798E-38  0.6800E+02
   0.540 -0.3391E-38 -0.3391E-38  0.6800E+02
   0.550 -0.1679E-38 -0.1679E-38  0.6800E+02
   0.560 -0.8134E-39 -0.8133E-39  0.6800E+02
   0.570 -0.3608E-39 -0.3607E-39  0.6800E+02
   0.580 -0.9351E-40 -0.9346E-40  0.6800E+02
   0.590  0.1233E-39  0.1233E-39  0.6800E+02
   0.600  0.3980E-39  0.3981E-39  0.6800E+02
   0.610  0.8656E-39  0.8658E-39  0.6800E+02
   0.620  0.1752E-38  0.1752E-38  0.6800E+02
   0.630  0.3480E-38  0.3480E-38  0.6800E+02
   0.640  0.6867E-38  0.6868E-38  0.6800E+02
   0.650  0.1350E-37  0.1350E-37  0.6800E+02
   0.660  0.2647E-37  0.2648E-37  0.6800E+02
   0.670  0.5176E-37  0.5177E-37  0.6800E+02
   0.680  0.1009E-36  0.1009E-36  0.6800E+02
   0.690  0.1963E-36  0.1963E-36  0.6800E+02
   0.700  0.3807E-36  0.3808E-36  0.6800E+02
   0.710  0.7364E-36  0.7365E-36  0.6800E+02
   0.720  0.1421E-35  0.1421E-35  0.6800E+02
   0.730  0.2733E-35  0.2734E-35  0.6800E+02
   0.740  0.5245E-35  0.5246E-35  0.6800E+02
   0.750  0.1004E-34  0.1004E-34  0.6800E+02
   0.760  0.1916E-34  0.1916E-34  0.6800E+02
   0.770  0.3647E-34  0.3647E-34  0.6800E+02
   0.780  0.6923E-34  0.6924E-34  0.6800E+02
   0.790  0.1311E-33  0.1311E-33  0.6800E+02
   0.800  0.2475E-33  0.2476E-33  0.6800E+02
   0.810  0.4661E-33  0.4662E-33  0.6800E+02
   0.820  0.8755E-33  0.8757E-33  0.6800E+02
   0.830  0.1640E-32  0.1640E-32  0.6800E+02
   0.840  0.3064E-32  0.3064E-32  0.6800E+02
   0.850  0.5709E-32  0.5710E-32  0.6800E+02
   0.860  0.1061E-31  0.1061E-31  0.6800E+02
   0.870  0.1966E-31  0.1966E-31  0.6800E+02
   0.880  0.3634E-31  0.3634E-31  0.6800E+02
   0.890  0.6698E-31  0.6700E-31  0.6800E+02
   0.900  0.1231E-30  0.1232E-30  0.6800E+02
   0.910  0.2258E-30  0.2258E-30  0.6800E+02
   0.920  0.4129E-30  0.4130E-30  0.6800E+02
   0.930  0.7531E-30  0.7532E-30  0.6800E+02
   0.940  0.1370E-29  0.1370E-29  0.6800E+02
   0.950  0.2485E-29  0.2485E-29  0.6800E+02
   0.960  0.4496E-29  0.4497E-29  0.6800E+02
   0.970  0.8112E-29  0.8113E-29  0.6800E+02
   0.980  0.1460E-28  0.1460E-28  0.6800E+02
   0.990  0.2620E-28  0.2621E-28  0.6800E+02
   1.000  0.4690E-28  0.4691E-28  0.6800E+02
   1.010  0.8373E-28  0.8374E-28  0.6800E+02
   1.020  0.1491E-27  0.1491E-27  0.6800E+02
   1.030  0.2647E-27  0.2648E-27  0.6800E+02
   1.040  0.4688E-27  0.4689E-27  0.6800E+02
   1.050  0.8280E-27  0.8282E-27  0.6800E+02
   1.060  0.1459E-26  0.1459E-26  0.6800E+02
   1.070  0.2563E-26  0.2563E-26  0.6800E+02
   1.080  0.4490E-26  0.4491E-26  0.6800E+02
   1.090  0.7847E-26  0.7848E-26  0.6800E+02
   1.100  0.1368E-25  0.1368E-25  0.6800E+02
   1.110  0.2377E-25  0.2377E-25  0.6800E+02
   1.120  0.4121E-25  0.4122E-25  0.6800E+02
   1.130  0.7125E-25  0.7126E-25  0.6800E+02
   1.140  0.1229E-24  0.1229E-24  0.6800E+02
   1.150  0.2113E-24  0.2113E-24  0.6800E+02
   1.160  0.3624E-24  0.3625E-24  0.6800E+02
   1.170  0.6199E-24  0.6200E-24  0.6800E+02
   1.180  0.1058E-23  0.1058E-23  0.6800E+02
   1.190  0.1800E-23  0.1800E-23  0.6800E+02
   1.200  0.3054E-23  0.3055E-23  0.6800E+02
   1.210  0.5169E-23  0.5170E-23  0.6800E+02
   1.220  0.8725E-23  0.8727E-23  0.6800E+02
   1.230  0.1469E-22  0.1469E-22  0.6800E+02
   1.240  0.2466E-22  0.2467E-22  0.6800E+02
   1.250  0.4130E-22  0.4131E-22  0.6800E+02
   1.260  0.6898E-22  0.6899E-22  0.6800E+02
   1.270  0.1149E-21  0.1149E-21  0.6800E+02
   1.280  0.1909E-21  0.1909E-21  0.6800E+02
   1.290  0.3162E-21  0.3163E-21  0.6800E+02
   1.300  0.5226E-21  0.5227E-21  0.6800E+02
   1.310  0.8612E-21  0.8614E-21  0.6800E+02
   1.320  0.1416E-20  0.1416E-20  0.6800E+02
   1.330  0.2321E-20  0.2321E-20  0.6800E+02
   1.340  0.3794E-20  0.3795E-20  0.6800E+02
   1.350  0.6187E-20  0.6188E-20  0.6800E+02
   1.360  0.1006E-19  0.1006E-19  0.6800E+02
   1.370  0.1632E-19  0.1632E-19  0.6800E+02
   1.380  0.2640E-19  0.2640E-19  0.6800E+02
   1.390  0.4259E-19  0.4260E-19  0.6800E+02
   1.400  0.6854E-19  0.6855E-19  0.6800E+02
   1.410  0.1100E-18  0.1100E-18  0.6800E+02
   1.420  0.1761E-18  0.1761E-18  0.6800E+02
   1.430  0.2811E-18  0.2811E-18  0.6800E+02
   1.440  0.4475E-18  0.4476E-18  0.6800E+02
   1.450  0.7106E-18  0.7107E-18  0.6800E+02
   1.460  0.1125E-17  0.1126E-17  0.6800E+02
   1.470  0.1778E-17  0.1778E-17  0.6800E+02
   1.480  0.2800E-17  0.2801E-17  0.6800E+02
   1.490  0.4400E-17  0.4400E-17  0.6800E+02
   1.500  0.6895E-17  0.6896E-17  0.6800E+02
   1.510  0.1078E-16  0.1078E-16  0.6800E+02
   1.520  0.1680E-16  0.1680E-16  0.6800E+02
   1.530  0.2611E-16  0.2612E-16  0.6800E+02
   1.540  0.4049E-16  0.4049E-16  0.6800E+02
   1.550  0.6261E-16  0.6262E-16  0.6800E+02
   1.560  0.9657E-16  0.9658E-16  0.6800E+02
   1.570  0.1486E-15  0.1486E-15  0.6800E+02
   1.580  0.2279E-15  0.2279E-15  0.6800E+02
   1.590  0.3488E-15  0.3488E-15  0.6800E+02
   1.600  0.5323E-15  0.5323E-15  0.6800E+02
   1.610  0.8102E-15  0.8103E-15  0.6800E+02
   1.620  0.1230E-14  0.1230E-14  0.6800E+02
   1.630  0.1862E-14  0.1863E-14  0.6800E+02
   1.640  0.2812E-14  0.2813E-14  0.6800E+02
   1.650  0.4236E-14  0.4236E-14  0.6800E+02
   1.660  0.6363E-14  0.6364E-14  0.6800E+02
   1.670  0.9534E-14  0.9535E-14  0.6800E+02
   1.680  0.1425E-13  0.1425E-13  0.6800E+02
   1.690  0.2123E-13  0.2124E-13  0.6800E+02
   1.700  0.3156E-13  0.3157E-13  0.6800E+02
   1.710  0.4679E-13  0.4680E-13  0.6800E+02
   1.720  0.6919E-13  0.6920E-13  0.6800E+02
   1.730  0.1020E-12  0.1021E-12  0.6800E+02
   1.740  0.1501E-12  0.1501E-12  0.6800E+02
   1.750  0.2202E-12  0.2202E-12  0.6800E+02
   1.760  0.3222E-12  0.3223E-12  0.6800E+02
   1.770  0.4703E-12  0.4703E-12  0.6800E+02
   1.780  0.6846E-12  0.6846E-12  0.6800E+02
   1.790  0.9938E-12  0.9940E-12  0.6800E+02
   1.800  0.1439E-11  0.1439E-11  0.6800E+02
   1.810  0.2078E-11  0.2079E-11  0.6800E+02
   1.820  0.2994E-11  0.2994E-11  0.6800E+02
   1.830  0.4301E-11  0.4302E-11  0.6800E+02
   1.840  0.6164E-11  0.6164E-11  0.6800E+02
   1.850  0.8809E-11  0.8810E-11  0.6800E+02
   1.860  0.1256E-10  0.1256E-10  0.6800E+02
   1.870  0.1785E-10  0.1786E-10  0.6800E+02
   1.880  0.2532E-10  0.2532E-10  0.6800E+02
   1.890  0.3581E-10  0.3581E-10  0.6800E+02
   1.900  0.5052E-10  0.5053E-10  0.6800E+02
   1.910  0.7108E-10  0.7109E-10  0.6800E+02
   1.920  0.9976E-10  0.9977E-10  0.6800E+02
   1.930  0.1396E-09  0.1397E-09  0.6800E+02
   1.940  0.1950E-09  0.1950E-09  0.6800E+02
   1.950  0.2715E-09  0.2715E-09  0.6800E+02
   1.960  0.3771E-09  0.3771E-09  0.6800E+02
   1.970  0.5224E-09  0.5225E-09  0.6800E+02
   1.980  0.7219E-09  0.7220E-09  0.6800E+02
   1.990  0.9949E-09  0.9950E-09  0.6800E+02
   2.000  0.1368E-08  0.1368E-08  0.6800E+02
   2.010  0.1875E-08  0.1875E-08  0.6800E+02
   2.020  0.2565E-08  0.2565E-08  0.6800E+02
   2.030  0.3498E-08  0.3499E-08  0.6800E+02
   2.040  0.4760E-08  0.4760E-08  0.6800E+02
   2.050  0.6460E-08  0.6460E-08  0.6800E+02
   2.060  0.8744E-08  0.8745E-08  0.6800E+02
   2.070  0.1181E-07  0.1181E-07  0.6800E+02
   2.080  0.1590E-07  0.1590E-07  0.6800E+02
   2.090  0.2136E-07  0.2136E-07  0.6800E+02
   2.100  0.2861E-07  0.2862E-07  0.6800E+02
   2.110  0.3824E-07  0.3824E-07  0.6800E+02
   2.120  0.5097E-07  0.5098E-07  0.6800E+02
   2.130  0.6777E-07  0.6778E-07  0.6800E+02
   2.140  0.8988E-07  0.8989E-07  0.6800E+02
   2.150  0.1189E-06  0.1189E-06  0.6800E+02
   2.160  0.1569E-06  0.1569E-06  0.6800E+02
   2.170  0.2065E-06  0.2065E-06  0.6800E+02
   2.180  0.2711E-06  0.2711E-06  0.6800E+02
   2.190  0.3550E-06  0.3551E-06  0.6800E+02
   2.200  0.4637E-06  0.4638E-06  0.6800E+02
   2.210  0.6042E-06  0.6043E-06  0.6800E+02
   2.220  0.7853E-06  0.7854E-06  0.6800E+02
   2.230  0.1018E-05  0.1018E-05  0.6800E+02
   2.240  0.1316E-05  0.1317E-05  0.6800E+02
   2.250  0.1698E-05  0.1698E-05  0.6800E+02
   2.260  0.2185E-05  0.2185E-05  0.6800E+02
   2.270  0.2804E-05  0.2805E-05  0.6800E+02
   2.280  0.3590E-05  0.3591E-05  0.6800E+02
   2.290  0.4585E-05  0.4585E-05  0.6800E+02
   2.300  0.5841E-05  0.5841E-05  0.6800E+02
   2.310  0.7422E-05  0.7423E-05  0.6800E+02
   2.320  0.9408E-05  0.9409E-05  0.6800E+02
   2.330  0.1190E-04  0.1190E-04  0.6800E+02
   2.340  0.1500E-04  0.1501E-04  0.6800E+02
   2.350  0.1888E-04  0.1888E-04  0.6800E+02
   2.360  0.2370E-04  0.2370E-04  0.6800E+02
   2.370  0.2967E-04  0.2967E-04  0.6800E+02
   2.380  0.3705E-04  0.3706E-04  0.6800E+02
   2.390  0.4617E-04  0.4617E-04  0.6800E+02
   2.400  0.5738E-04  0.5738E-04  0.6800E+02
   2.410  0.7114E-04  0.7114E-04  0.6800E+02
   2.420  0.8799E-04  0.8799E-04  0.6800E+02
   2.430  0.1086E-03  0.1086E-03  0.6800E+02
   2.440  0.1336E-03  0.1336E-03  0.6800E+02
   2.450  0.1641E-03  0.1641E-03  0.6800E+02
   2.460  0.2009E-03  0.2010E-03  0.6800E+02
   2.470  0.2455E-03  0.2456E-03  0.6800E+02
   2.480  0.2993E-03  0.2993E-03  0.6800E+02
   2.490  0.3640E-03  0.3640E-03  0.6800E+02
   2.500  0.4416E-03  0.4416E-03  0.6800E+02
   2.510  0.5344E-03  0.5345E-03  0.6800E+02
   2.520  0.6453E-03  0.6453E-03  0.6800E+02
   2.530  0.7772E-03  0.7773E-03  0.6800E+02
   2.540  0.9340E-03  0.9340E-03  0.6800E+02
   2.550  0.1120E-02  0.1120E-02  0.6800E+02
   2.560  0.1339E-02  0.1339E-02  0.6800E+02
   2.570  0.1598E-02  0.1598E-02  0.6800E+02
   2.580  0.1902E-02  0.1902E-02  0.6800E+02
   2.590  0.2259E-02  0.2259E-02  0.6800E+02
   2.600  0.2676E-02  0.2676E-02  0.6800E+02
   2.610  0.3164E-02  0.3164E-02  0.6800E+02
   2.620  0.3731E-02  0.3731E-02  0.6800E+02
   2.630  0.4390E-02  0.4390E-02  0.6800E+02
   2.640  0.5153E-02  0.5154E-02  0.6800E+02
   2.650  0.6036E-02  0.6036E-02  0.6800E+02
   2.660  0.7053E-02  0.7053E-02  0.6800E+02
   2.670  0.8222E-02  0.8223E-02  0.6800E+02
   2.680  0.9564E-02  0.9565E-02  0.6800E+02
   2.690  0.1110E-01  0.1110E-01  0.6800E+02
   2.700  0.1285E-01  0.1285E-01  0.6800E+02
   2.710  0.1485E-01  0.1485E-01  0.6800E+02
   2.720  0.1712E-01  0.1712E-01  0.6800E+02
   2.730  0.1969E-01  0.1969E-01  0.6800E+02
   2.740  0.2259E-01  0.2260E-01  0.6800E+02
   2.750  0.2587E-01  0.2587E-01  0.6800E+02
   2.760  0.2956E-01  0.2956E-01  0.6800E+02
   2.770  0.3370E-01  0.3370E-01  0.6801E+02
   2.780  0.3834E-01  0.3834E-01  0.6801E+02
   2.790  0.4351E-01  0.4351E-01  0.6801E+02
   2.800  0.4928E-01  0.4928E-01  0.6801E+02
   2.810  0.5570E-01  0.5570E-01  0.6801E+02
   2.820  0.6281E-01  0.6281E-01  0.6801E+02
   2.830  0.7068E-01  0.7068E-01  0.6801E+02
   2.840  0.7937E-01  0.7937E-01  0.6801E+02
   2.850  0.8894E-01  0.8894E-01  0.6801E+02
   2.860  0.9945E-01  0.9945E-01  0.6802E+02
   2.870  0.1110E+00  0.1110E+00  0.6802E+02
   2.880  0.1236E+00  0.1236E+00  0.6802E+02
   2.890  0.1373E+00  0.1373E+00  0.6802E+02
   2.900  0.1523E+00  0.1523E+00  0.6803E+02
   2.910  0.1685E+00  0.1685E+00  0.6803E+02
   2.920  0.1861E+00  0.1861E+00  0.6803E+02
   2.930  0.2051E+00  0.2051E+00  0.6804E+02
   2.940  0.2256E+00  0.2256E+00  0.6804E+02
   2.950  0.2477E+00  0.2477E+00  0.6805E+02
   2.960  0.2714E+00  0.2714E+00  0.6805E+02
   2.970  0.2968E+00  0.2968E+00  0.6806E+02
   2.980  0.3239E+00  0.3239E+00  0.6807E+02
   2.990  0.3528E+00  0.3528E+00  0.6807E+02
   3.000  0.3835E+00  0.3835E+00  0.6808E+02
   3.010  0.4161E+00  0.4162E+00  0.6809E+02
   3.020  0.4507E+00  0.4507E+00  0.6810E+02
   3.030  0.4872E+00  0.4872E+00  0.6811E+02
   3.040  0.5257E+00  0.5257E+00  0.6812E+02
   3.050  0.5662E+00  0.5662E+00  0.6813E+02
   3.060  0.6087E+00  0.6087E+00  0.6814E+02
   3.070  0.6532E+00  0.6532E+00  0.6815E+02
   3.080  0.6996E+00  0.6997E+00  0.6817E+02
   3.090  0.7481E+00  0.7481E+00  0.6818E+02
   3.100  0.7985E+00  0.7985E+00  0.6820E+02
   3.110  0.8508E+00  0.8508E+00  0.6822E+02
   3.120  0.9050E+00  0.9050E+00  0.6823E+02
   3.130  0.9610E+00  0.9610E+00  0.6825E+02
   3.140  0.1019E+01  0.1019E+01  0.6827E+02
   3.150  0.1078E+01  0.1078E+01  0.6830E+02
   3.160  0.1139E+01  0.1139E+01  0.6832E+02
   3.170  0.1201E+01  0.1201E+01  0.6834E+02
   3.180  0.1265E+01  0.1265E+01  0.6837E+02
   3.190  0.1330E+01  0.1330E+01  0.6839E+02
   3.200  0.1396E+01  0.1396E+01  0.6842E+02
   3.210  0.1463E+01  0.1463E+01  0.6845E+02
   3.220  0.1530E+01  0.1530E+01  0.6848E+02
   3.230  0.1599E+01  0.1599E+01  0.6851E+02
   3.240  0.1667E+01  0.1667E+01  0.6855E+02
   3.250  0.1736E+01  0.1736E+01  0.6858E+02
   3.260  0.1806E+01  0.1806E+01  0.6862E+02
   3.270  0.1875E+01  0.1875E+01  0.6866E+02
   3.280  0.1943E+01  0.1943E+01  0.6869E+02
   3.290  0.2012E+01  0.2012E+01  0.6874E+02
   3.300  0.2079E+01  0.2079E+01  0.6878E+02
   3.310  0.2146E+01  0.2146E+01  0.6882E+02
   3.320  0.2211E+01  0.2211E+01  0.6886E+02
   3.330  0.2275E+01  0.2275E+01  0.6891E+02
   3.340  0.2338E+01  0.2338E+01  0.6896E+02
   3.350  0.2399E+01  0.2399E+01  0.6900E+02
   3.360  0.2458E+01  0.2458E+01  0.6905E+02
   3.370  0.2515E+01  0.2515E+01  0.6910E+02
   3.380  0.2569E+01  0.2569E+01  0.6915E+02
   3.390  0.2621E+01  0.2621E+01  0.6921E+02
   3.400  0.2671E+01  0.2671E+01  0.6926E+02
   3.410  0.2717E+01  0.2717E+01  0.6932E+02
   3.420  0.2760E+01  0.2761E+01  0.6937E+02
   3.430  0.2801E+01  0.2801E+01  0.6943E+02
   3.440  0.2838E+01  0.2838E+01  0.6948E+02
   3.450  0.2871E+01  0.2871E+01  0.6954E+02
   3.460  0.2901E+01  0.2901E+01  0.6960E+02
   3.470  0.2927E+01  0.2927E+01  0.6966E+02
   3.480  0.2950E+01  0.2950E+01  0.6972E+02
   3.490  0.2968E+01  0.2968E+01  0.6978E+02
   3.500  0.2983E+01  0.2983E+01  0.6984E+02
   3.510  0.2994E+01  0.2994E+01  0.6989E+02
   3.520  0.3001E+01  0.3001E+01  0.6995E+02
   3.530  0.3004E+01  0.3004E+01  0.7002E+02
   3.540  0.3003E+01  0.3003E+01  0.7008E+02
   3.550  0.2998E+01  0.2998E+01  0.7014E+02
   3.560  0.2989E+01  0.2989E+01  0.7019E+02
   3.570  0.2976E+01  0.2976E+01  0.7025E+02
   3.580  0.2960E+01  0.2960E+01  0.7031E+02
   3.590  0.2940E+01  0.2940E+01  0.7037E+02
   3.600  0.2916E+01  0.2916E+01  0.7043E+02
   3.610  0.2889E+01  0.2889E+01  0.7049E+02
   3.620  0.2858E+01  0.2858E+01  0.7055E+02
   3.630  0.2824E+01  0.2824E+01  0.7060E+02
   3.640  0.2787E+01  0.2787E+01  0.7066E+02
   3.650  0.2747E+01  0.2747E+01  0.7071E+02
   3.660  0.2705E+01  0.2705E+01  0.7077E+02
   3.670  0.2659E+01  0.2659E+01  0.7082E+02
   3.680  0.2611E+01  0.2611E+01  0.7087E+02
   3.690  0.2561E+01  0.2561E+01  0.7092E+02
   3.700  0.2508E+01  0.2508E+01  0.7097E+02
   3.710  0.2454E+01  0.2454E+01  0.7102E+02
   3.720  0.2398E+01  0.2398E+01  0.7107E+02
   3.730  0.2340E+01  0.2340E+01  0.7112E+02
   3.740  0.2280E+01  0.2280E+01  0.7116E+02
   3.750  0.2220E+01  0.2220E+01  0.7121E+02
   3.760  0.2158E+01  0.2158E+01  0.7125E+02
   3.770  0.2095E+01  0.2095E+01  0.7129E+02
   3.780  0.2031E+01  0.2031E+01  0.7133E+02
   3.790  0.1967E+01  0.1967E+01  0.7137E+02
   3.800  0.1902E+01  0.1902E+01  0.7141E+02
   3.810  0.1837E+01  0.1837E+01  0.7145E+02
   3.820  0.1772E+01  0.1772E+01  0.7148E+02
   3.830  0.1707E+01  0.1707E+01  0.7152E+02
   3.840  0.1641E+01  0.1641E+01  0.7155E+02
   3.850  0.1576E+01  0.1576E+01  0.7158E+02
   3.860  0.1512E+01  0.1512E+01  0.7161E+02
   3.870  0.1448E+01  0.1448E+01  0.7164E+02
   3.880  0.1384E+01  0.1384E+01  0.7167E+02
   3.890  0.1322E+01  0.1321E+01  0.7169E+02
   3.900  0.1260E+01  0.1260E+01  0.7172E+02
   3.910  0.1199E+01  0.1199E+01  0.7174E+02
   3.920  0.1139E+01  0.1139E+01  0.7177E+02
   3.930  0.1080E+01  0.1080E+01  0.7179E+02
   3.940  0.1022E+01  0.1022E+01  0.7181E+02
   3.950  0.9659E+00  0.9658E+00  0.7183E+02
   3.960  0.9109E+00  0.9109E+00  0.7185E+02
   3.970  0.8574E+00  0.8573E+00  0.7186E+02
   3.980  0.8053E+00  0.8053E+00  0.7188E+02
   3.990  0.7549E+00  0.7548E+00  0.7189E+02
   4.000  0.7060E+00  0.7060E+00  0.7191E+02
   4.010  0.6588E+00  0.6588E+00  0.7192E+02
   4.020  0.6133E+00  0.6132E+00  0.7193E+02
   4.030  0.5695E+00  0.5695E+00  0.7195E+02
   4.040  0.5275E+00  0.5274E+00  0.7196E+02
   4.050  0.4872E+00  0.4872E+00  0.7197E+02
   4.060  0.4488E+00  0.4488E+00  0.7197E+02
   4.070  0.4122E+00  0.4122E+00  0.7198E+02
   4.080  0.3774E+00  0.3774E+00  0.7199E+02
   4.090  0.3445E+00  0.3445E+00  0.7200E+02
   4.100  0.3134E+00  0.3134E+00  0.7200E+02
   4.110  0.2842E+00  0.2841E+00  0.7201E+02
   4.120  0.2567E+00  0.2567E+00  0.7201E+02
   4.130  0.2312E+00  0.2312E+00  0.7202E+02
   4.140  0.2074E+00  0.2074E+00  0.7202E+02
   4.150  0.1855E+00  0.1855E+00  0.7203E+02
   4.160  0.1654E+00  0.1653E+00  0.7203E+02
   4.170  0.1470E+00  0.1470E+00  0.7203E+02
   4.180  0.1305E+00  0.1305E+00  0.7204E+02
   4.190  0.1158E+00  0.1158E+00  0.7204E+02
   4.200  0.1028E+00  0.1028E+00  0.7204E+02
   4.210  0.9165E-01  0.9164E-01  0.7204E+02
   4.220  0.8227E-01  0.8226E-01  0.7204E+02
   4.230  0.7469E-01  0.7468E-01  0.7205E+02
   4.240  0.6891E-01  0.6891E-01  0.7205E+02
   4.250  0.6497E-01  0.6497E-01  0.7205E+02
   4.260  0.6288E-01  0.6288E-01  0.7205E+02
   4.270  0.6267E-01  0.6268E-01  0.7205E+02
   4.280  0.6438E-01  0.6439E-01  0.7205E+02
   4.290  0.6806E-01  0.6806E-01  0.7205E+02
   4.300  0.7374E-01  0.7374E-01  0.7205E+02
   4.310  0.8149E-01  0.8149E-01  0.7206E+02
   4.320  0.9136E-01  0.9137E-01  0.7206E+02
   4.330  0.1034E+00  0.1034E+00  0.7206E+02
   4.340  0.1178E+00  0.1178E+00  0.7206E+02
   4.350  0.1345E+00  0.1345E+00  0.7206E+02
   4.360  0.1536E+00  0.1536E+00  0.7207E+02
   4.370  0.1752E+00  0.1752E+00  0.7207E+02
   4.380  0.1994E+00  0.1995E+00  0.7208E+02
   4.390  0.2264E+00  0.2264E+00  0.7208E+02
   4.400  0.2560E+00  0.2561E+00  0.7209E+02
   4.410  0.2886E+00  0.2886E+00  0.7209E+02
   4.420  0.3241E+00  0.3241E+00  0.7210E+02
   4.430  0.3626E+00  0.3627E+00  0.7210E+02
   4.440  0.4042E+00  0.4043E+00  0.7211E+02
   4.450  0.4490E+00  0.4491E+00  0.7212E+02
   4.460  0.4971E+00  0.4971E+00  0.7213E+02
   4.470  0.5483E+00  0.5484E+00  0.7214E+02
   4.480  0.6029E+00  0.6030E+00  0.7215E+02
   4.490  0.6609E+00  0.6609E+00  0.7217E+02
   4.500  0.7222E+00  0.7222E+00  0.7218E+02
   4.510  0.7868E+00  0.7869E+00  0.7220E+02
   4.520  0.8548E+00  0.8548E+00  0.7222E+02
   4.530  0.9260E+00  0.9261E+00  0.7223E+02
   4.540  0.1001E+01  0.1001E+01  0.7225E+02
   4.550  0.1078E+01  0.1078E+01  0.7228E+02
   4.560  0.1159E+01  0.1159E+01  0.7230E+02
   4.570  0.1243E+01  0.1243E+01  0.7232E+02
   4.580  0.1329E+01  0.1329E+01  0.7235E+02
   4.590  0.1419E+01  0.1419E+01  0.7238E+02
   4.600  0.1511E+01  0.1511E+01  0.7241E+02
   4.610  0.1605E+01  0.1605E+01  0.7244E+02
   4.620  0.1702E+01  0.1702E+01  0.7247E+02
   4.630  0.1800E+01  0.1801E+01  0.7251E+02
   4.640  0.1901E+01  0.1901E+01  0.7255E+02
   4.650  0.2003E+01  0.2003E+01  0.7259E+02
   4.660  0.2107E+01  0.2107E+01  0.7263E+02
   4.670  0.2212E+01  0.2212E+01  0.7268E+02
   4.680  0.2318E+01  0.2318E+01  0.7272E+02
   4.690  0.2424E+01  0.2424E+01  0.7277E+02
   4.700  0.2531E+01  0.2531E+01  0.7282E+02
   4.710  0.2639E+01  0.2639E+01  0.7287E+02
   4.720  0.2746E+01  0.2746E+01  0.7293E+02
   4.730  0.2853E+01  0.2853E+01  0.7299E+02
   4.740  0.2960E+01  0.2960E+01  0.7304E+02
   4.750  0.3066E+01  0.3066E+01  0.7311E+02
   4.760  0.3171E+01  0.3171E+01  0.7317E+02
   4.770  0.3275E+01  0.3275E+01  0.7323E+02
   4.780  0.3377E+01  0.3377E+01  0.7330E+02
   4.790  0.3478E+01  0.3478E+01  0.7337E+02
   4.800  0.3578E+01  0.3578E+01  0.7344E+02
   4.810  0.3675E+01  0.3675E+01  0.7352E+02
   4.820  0.3770E+01  0.3770E+01  0.7359E+02
   4.830  0.3863E+01  0.3863E+01  0.7367E+02
   4.840  0.3954E+01  0.3954E+01  0.7375E+02
   4.850  0.4042E+01  0.4042E+01  0.7383E+02
   4.860  0.4127E+01  0.4127E+01  0.7391E+02
   4.870  0.4209E+01  0.4209E+01  0.7400E+02
   4.880  0.4288E+01  0.4288E+01  0.7408E+02
   4.890  0.4365E+01  0.4365E+01  0.7417E+02
   4.900  0.4438E+01  0.4438E+01  0.7426E+02
   4.910  0.4507E+01  0.4508E+01  0.7435E+02
   4.920  0.4574E+01  0.4574E+01  0.7444E+02
   4.930  0.4637E+01  0.4637E+01  0.7453E+02
   4.940  0.4697E+01  0.4697E+01  0.7463E+02
   4.950  0.4753E+01  0.4753E+01  0.7472E+02
   4.960  0.4806E+01  0.4807E+01  0.7482E+02
   4.970  0.4856E+01  0.4856E+01  0.7491E+02
   4.980  0.4903E+01  0.4903E+01  0.7501E+02
   4.990  0.4946E+01  0.4946E+01  0.7511E+02
   5.000  0.4986E+01  0.4986E+01  0.7521E+02
   5.010  0.5023E+01  0.5023E+01  0.7531E+02
   5.020  0.5057E+01  0.5057E+01  0.7541E+02
   5.030  0.5089E+01  0.5089E+01  0.7551E+02
   5.040  0.5117E+01  0.5117E+01  0.7562E+02
   5.050  0.5144E+01  0.5144E+01  0.7572E+02
   5.060  0.5168E+01  0.5168E+01  0.7582E+02
   5.070  0.5190E+01  0.5190E+01  0.7593E+02
   5.080  0.5211E+01  0.5211E+01  0.7603E+02
   5.090  0.5230E+01  0.5230E+01  0.7614E+02
   5.100  0.5248E+01  0.5248E+01  0.7624E+02
   5.110  0.5264E+01  0.5264E+01  0.7635E+02
   5.120  0.5280E+01  0.5280E+01  0.7645E+02
   5.130  0.5296E+01  0.5296E+01  0.7656E+02
   5.140  0.5311E+01  0.5311E+01  0.7666E+02
   5.150  0.5327E+01  0.5327E+01  0.7677E+02
   5.160  0.5342E+01  0.5342E+01  0.7688E+02
   5.170  0.5358E+01  0.5358E+01  0.7698E+02
   5.180  0.5375E+01  0.5375E+01  0.7709E+02
   5.190  0.5393E+01  0.5393E+01  0.7720E+02
   5.200  0.5412E+01  0.5412E+01  0.7731E+02
   5.210  0.5432E+01  0.5432E+01  0.7742E+02
   5.220  0.5453E+01  0.5453E+01  0.7753E+02
   5.230  0.5476E+01  0.5476E+01  0.7764E+02
   5.240  0.5501E+01  0.5501E+01  0.7775E+02
   5.250  0.5527E+01  0.5527E+01  0.7786E+02
   5.260  0.5555E+01  0.5555E+01  0.7797E+02
   5.270  0.5584E+01  0.5584E+01  0.7808E+02
   5.280  0.5616E+01  0.5616E+01  0.7819E+02
   5.290  0.5649E+01  0.5649E+01  0.7830E+02
   5.300  0.5683E+01  0.5683E+01  0.7842E+02
   5.310  0.5719E+01  0.5719E+01  0.7853E+02
   5.320  0.5756E+01  0.5756E+01  0.7865E+02
   5.330  0.5795E+01  0.5795E+01  0.7876E+02
   5.340  0.5835E+01  0.5835E+01  0.7888E+02
   5.350  0.5875E+01  0.5875E+01  0.7900E+02
   5.360  0.5916E+01  0.5916E+01  0.7912E+02
   5.370  0.5958E+01  0.5958E+01  0.7923E+02
   5.380  0.6000E+01  0.6000E+01  0.7935E+02
   5.390  0.6042E+01  0.6042E+01  0.7948E+02
   5.400  0.6085E+01  0.6085E+01  0.7960E+02
   5.410  0.6127E+01  0.6127E+01  0.7972E+02
   5.420  0.6168E+01  0.6168E+01  0.7984E+02
   5.430  0.6209E+01  0.6209E+01  0.7997E+02
   5.440  0.6249E+01  0.6249E+01  0.8009E+02
   5.450  0.6288E+01  0.6288E+01  0.8022E+02
   5.460  0.6327E+01  0.6327E+01  0.8034E+02
   5.470  0.6364E+01  0.6364E+01  0.8047E+02
   5.480  0.6400E+01  0.6400E+01  0.8060E+02
   5.490  0.6435E+01  0.6435E+01  0.8073E+02
   5.500  0.6468E+01  0.6468E+01  0.8086E+02
   5.510  0.6501E+01  0.6501E+01  0.8099E+02
   5.520  0.6532E+01  0.6532E+01  0.8112E+02
   5.530  0.6563E+01  0.6563E+01  0.8125E+02
   5.540  0.6592E+01  0.6592E+01  0.8138E+02
   5.550  0.6621E+01  0.6621E+01  0.8151E+02
   5.560  0.6650E+01  0.6650E+01  0.8165E+02
   5.570  0.6678E+01  0.6678E+01  0.8178E+02
   5.580  0.6706E+01  0.6706E+01  0.8191E+02
   5.590  0.6735E+01  0.6735E+01  0.8205E+02
   5.600  0.6765E+01  0.6765E+01  0.8218E+02
   5.610  0.6795E+01  0.6795E+01  0.8232E+02
   5.620  0.6828E+01  0.6828E+01  0.8246E+02
   5.630  0.6862E+01  0.6862E+01  0.8259E+02
   5.640  0.6898E+01  0.6898E+01  0.8273E+02
   5.650  0.6937E+01  0.6937E+01  0.8287E+02
   5.660  0.6979E+01  0.6979E+01  0.8301E+02
   5.670  0.7025E+01  0.7025E+01  0.8315E+02
   5.680  0.7075E+01  0.7075E+01  0.8329E+02
   5.690  0.7129E+01  0.7129E+01  0.8344E+02
   5.700  0.7187E+01  0.7187E+01  0.8358E+02
   5.710  0.7250E+01  0.7250E+01  0.8372E+02
   5.720  0.7318E+01  0.7318E+01  0.8387E+02
   5.730  0.7392E+01  0.7392E+01  0.8402E+02
   5.740  0.7470E+01  0.7470E+01  0.8417E+02
   5.750  0.7554E+01  0.7554E+01  0.8432E+02
   5.760  0.7643E+01  0.7643E+01  0.8447E+02
   5.770  0.7737E+01  0.7737E+01  0.8463E+02
   5.780  0.7837E+01  0.7837E+01  0.8478E+02
   5.790  0.7940E+01  0.7940E+01  0.8494E+02
   5.800  0.8048E+01  0.8048E+01  0.8510E+02
   5.810  0.8160E+01  0.8160E+01  0.8527E+02
   5.820  0.8275E+01  0.8275E+01  0.8543E+02
   5.830  0.8393E+01  0.8393E+01  0.8560E+02
   5.840  0.8513E+01  0.8513E+01  0.8577E+02
   5.850  0.8634E+01  0.8634E+01  0.8594E+02
   5.860  0.8755E+01  0.8756E+01  0.8612E+02
   5.870  0.8877E+01  0.8877E+01  0.8629E+02
   5.880  0.8997E+01  0.8997E+01  0.8647E+02
   5.890  0.9114E+01  0.9114E+01  0.8666E+02
   5.900  0.9229E+01  0.9229E+01  0.8684E+02
   5.910  0.9340E+01  0.9340E+01  0.8703E+02
   5.920  0.9445E+01  0.9445E+01  0.8722E+02
   5.930  0.9545E+01  0.9545E+01  0.8741E+02
   5.940  0.9637E+01  0.9637E+01  0.8760E+02
   5.950  0.9722E+01  0.9722E+01  0.8780E+02
   5.960  0.9798E+01  0.9798E+01  0.8799E+02
   5.970  0.9865E+01  0.9865E+01  0.8819E+02
   5.980  0.9922E+01  0.9922E+01  0.8839E+02
   5.990  0.9968E+01  0.9968E+01  0.8859E+02
   6.000  0.1000E+02  0.1000E+02  0.8879E+02
   6.010  0.1002E+02  0.1002E+02  0.8899E+02
   6.020  0.1004E+02  0.1004E+02  0.8919E+02
   6.030  0.1003E+02  0.1003E+02  0.8939E+02
   6.040  0.1002E+02  0.1002E+02  0.8959E+02
   6.050  0.9990E+01  0.9990E+01  0.8979E+02
   6.060  0.9950E+01  0.9950E+01  0.8999E+02
   6.070  0.9896E+01  0.9896E+01  0.9019E+02
   6.080  0.9830E+01  0.9830E+01  0.9038E+02
   6.090  0.9751E+01  0.9751E+01  0.9058E+02
   6.100  0.9660E+01  0.9660E+01  0.9077E+02
   6.110  0.9558E+01  0.9558E+01  0.9096E+02
   6.120  0.9444E+01  0.9444E+01  0.9115E+02
   6.130  0.9320E+01  0.9320E+01  0.9134E+02
   6.140  0.9186E+01  0.9186E+01  0.9152E+02
   6.150  0.9042E+01  0.9042E+01  0.9170E+02
   6.160  0.8889E+01  0.8889E+01  0.9188E+02
   6.170  0.8729E+01  0.8729E+01  0.9205E+02
   6.180  0.8561E+01  0.8561E+01  0.9223E+02
   6.190  0.8386E+01  0.8386E+01  0.9239E+02
   6.200  0.8206E+01  0.8206E+01  0.9256E+02
   6.210  0.8020E+01  0.8020E+01  0.9272E+02
   6.220  0.7830E+01  0.7830E+01  0.9287E+02
   6.230  0.7636E+01  0.7636E+01  0.9303E+02
   6.240  0.7440E+01  0.7439E+01  0.9318E+02
   6.250  0.7241E+01  0.7240E+01  0.9332E+02
   6.260  0.7040E+01  0.7040E+01  0.9346E+02
   6.270  0.6838E+01  0.6838E+01  0.9360E+02
   6.280  0.6636E+01  0.6636E+01  0.9373E+02
   6.290  0.6433E+01  0.6433E+01  0.9386E+02
   6.300  0.6232E+01  0.6232E+01  0.9398E+02
   6.310  0.6031E+01  0.6031E+01  0.9410E+02
   6.320  0.5833E+01  0.5832E+01  0.9422E+02
   6.330  0.5636E+01  0.5635E+01  0.9433E+02
   6.340  0.5441E+01  0.5441E+01  0.9444E+02
   6.350  0.5249E+01  0.5249E+01  0.9455E+02
   6.360  0.5061E+01  0.5060E+01  0.9465E+02
   6.370  0.4875E+01  0.4875E+01  0.9475E+02
   6.380  0.4694E+01  0.4694E+01  0.9484E+02
   6.390  0.4516E+01  0.4516E+01  0.9493E+02
   6.400  0.4343E+01  0.4343E+01  0.9502E+02
   6.410  0.4174E+01  0.4174E+01  0.9510E+02
   6.420  0.4009E+01  0.4009E+01  0.9518E+02
   6.430  0.3850E+01  0.3850E+01  0.9526E+02
   6.440  0.3696E+01  0.3696E+01  0.9533E+02
   6.450  0.3546E+01  0.3546E+01  0.9540E+02
   6.460  0.3403E+01  0.3402E+01  0.9547E+02
   6.470  0.3264E+01  0.3264E+01  0.9554E+02
   6.480  0.3132E+01  0.3132E+01  0.9560E+02
   6.490  0.3005E+01  0.3005E+01  0.9566E+02
   6.500  0.2884E+01  0.2884E+01  0.9572E+02
   6.510  0.2769E+01  0.2769E+01  0.9577E+02
   6.520  0.2661E+01  0.2661E+01  0.9583E+02
   6.530  0.2559E+01  0.2559E+01  0.9588E+02
   6.540  0.2463E+01  0.2463E+01  0.9593E+02
   6.550  0.2374E+01  0.2374E+01  0.9597E+02
   6.560  0.2292E+01  0.2292E+01  0.9602E+02
   6.570  0.2217E+01  0.2217E+01  0.9606E+02
   6.580  0.2149E+01  0.2149E+01  0.9611E+02
   6.590  0.2088E+01  0.2088E+01  0.9615E+02
   6.600  0.2034E+01  0.2034E+01  0.9619E+02
   6.610  0.1987E+01  0.1987E+01  0.9623E+02
   6.620  0.1949E+01  0.1949E+01  0.9627E+02
   6.630  0.1918E+01  0.1918E+01  0.9631E+02
   6.640  0.1894E+01  0.1894E+01  0.9634E+02
   6.650  0.1879E+01  0.1879E+01  0.9638E+02
   6.660  0.1872E+01  0.1872E+01  0.9642E+02
   6.670  0.1873E+01  0.1873E+01  0.9646E+02
   6.680  0.1882E+01  0.1882E+01  0.9649E+02
   6.690  0.1900E+01  0.1900E+01  0.9653E+02
   6.700  0.1926E+01  0.1926E+01  0.9657E+02
   6.710  0.1961E+01  0.1961E+01  0.9661E+02
   6.720  0.2004E+01  0.2004E+01  0.9665E+02
   6.730  0.2057E+01  0.2057E+01  0.9669E+02
   6.740  0.2117E+01  0.2118E+01  0.9673E+02
   6.750  0.2187E+01  0.2187E+01  0.9678E+02
   6.760  0.2265E+01  0.2266E+01  0.9682E+02
   6.770  0.2352E+01  0.2353E+01  0.9687E+02
   6.780  0.2448E+01  0.2448E+01  0.9692E+02
   6.790  0.2552E+01  0.2552E+01  0.9697E+02
   6.800  0.2664E+01  0.2665E+01  0.9702E+02
   6.810  0.2785E+01  0.2785E+01  0.9708E+02
   6.820  0.2913E+01  0.2913E+01  0.9714E+02
   6.830  0.3049E+01  0.3049E+01  0.9720E+02
   6.840  0.3193E+01  0.3193E+01  0.9726E+02
   6.850  0.3343E+01  0.3343E+01  0.9733E+02
   6.860  0.3500E+01  0.3500E+01  0.9740E+02
   6.870  0.3663E+01  0.3663E+01  0.9747E+02
   6.880  0.3832E+01  0.3832E+01  0.9755E+02
   6.890  0.4005E+01  0.4006E+01  0.9763E+02
   6.900  0.4184E+01  0.4184E+01  0.9771E+02
   6.910  0.4366E+01  0.4366E+01  0.9780E+02
   6.920  0.4552E+01  0.4552E+01  0.9789E+02
   6.930  0.4740E+01  0.4741E+01  0.9798E+02
   6.940  0.4931E+01  0.4931E+01  0.9808E+02
   6.950  0.5123E+01  0.5123E+01  0.9819E+02
   6.960  0.5315E+01  0.5315E+01  0.9829E+02
   6.970  0.5508E+01  0.5508E+01  0.9840E+02
   6.980  0.5699E+01  0.5700E+01  0.9852E+02
   6.990  0.5890E+01  0.5890E+01  0.9863E+02
   7.000  0.6078E+01  0.6078E+01  0.9876E+02
   7.010  0.6263E+01  0.6263E+01  0.9888E+02
   7.020  0.6444E+01  0.6445E+01  0.9901E+02
   7.030  0.6622E+01  0.6622E+01  0.9914E+02
   7.040  0.6795E+01  0.6795E+01  0.9928E+02
   7.050  0.6962E+01  0.6962E+01  0.9942E+02
   7.060  0.7124E+01  0.7124E+01  0.9956E+02
   7.070  0.7279E+01  0.7279E+01  0.9971E+02
   7.080  0.7428E+01  0.7428E+01  0.9985E+02
   7.090  0.7569E+01  0.7569E+01  0.1000E+03
   7.100  0.7703E+01  0.7703E+01  0.1002E+03
   7.110  0.7830E+01  0.7830E+01  0.1003E+03
   7.120  0.7949E+01  0.7949E+01  0.1005E+03
   7.130  0.8060E+01  0.8060E+01  0.1006E+03
   7.140  0.8163E+01  0.8163E+01  0.1008E+03
   7.150  0.8258E+01  0.8258E+01  0.1010E+03
   7.160  0.8345E+01  0.8346E+01  0.1011E+03
   7.170  0.8425E+01  0.8425E+01  0.1013E+03
   7.180  0.8497E+01  0.8497E+01  0.1015E+03
   7.190  0.8562E+01  0.8562E+01  0.1016E+03
   7.200  0.8620E+01  0.8620E+01  0.1018E+03
   7.210  0.8672E+01  0.8672E+01  0.1020E+03
   7.220  0.8717E+01  0.8717E+01  0.1022E+03
   7.230  0.8757E+01  0.8757E+01  0.1023E+03
   7.240  0.8791E+01  0.8791E+01  0.1025E+03
   7.250  0.8820E+01  0.8820E+01  0.1027E+03
   7.260  0.8845E+01  0.8845E+01  0.1029E+03
   7.270  0.8867E+01  0.8867E+01  0.1030E+03
   7.280  0.8885E+01  0.8885E+01  0.1032E+03
   7.290  0.8900E+01  0.8900E+01  0.1034E+03
   7.300  0.8914E+01  0.8914E+01  0.1036E+03
   7.310  0.8926E+01  0.8926E+01  0.1038E+03
   7.320  0.8937E+01  0.8937E+01  0.1039E+03
   7.330  0.8948E+01  0.8948E+01  0.1041E+03
   7.340  0.8959E+01  0.8959E+01  0.1043E+03
   7.350  0.8970E+01  0.8970E+01  0.1045E+03
   7.360  0.8983E+01  0.8983E+01  0.1047E+03
   7.370  0.8997E+01  0.8997E+01  0.1048E+03
   7.380  0.9014E+01  0.9014E+01  0.1050E+03
   7.390  0.9033E+01  0.9033E+01  0.1052E+03
   7.400  0.9054E+01  0.9055E+01  0.1054E+03
   7.410  0.9079E+01  0.9079E+01  0.1056E+03
   7.420  0.9107E+01  0.9107E+01  0.1057E+03
   7.430  0.9139E+01  0.9139E+01  0.1059E+03
   7.440  0.9175E+01  0.9175E+01  0.1061E+03
   7.450  0.9214E+01  0.9214E+01  0.1063E+03
   7.460  0.9257E+01  0.9257E+01  0.1065E+03
   7.470  0.9304E+01  0.9304E+01  0.1067E+03
   7.480  0.9355E+01  0.9355E+01  0.1068E+03
   7.490  0.9409E+01  0.9409E+01  0.1070E+03
   7.500  0.9467E+01  0.9467E+01  0.1072E+03
   7.510  0.9528E+01  0.9528E+01  0.1074E+03
   7.520  0.9592E+01  0.9592E+01  0.1076E+03
   7.530  0.9658E+01  0.9659E+01  0.1078E+03
   7.540  0.9727E+01  0.9727E+01  0.1080E+03
   7.550  0.9798E+01  0.9798E+01  0.1082E+03
   7.560  0.9869E+01  0.9870E+01  0.1084E+03
   7.570  0.9942E+01  0.9942E+01  0.1086E+03
   7.580  0.1001E+02  0.1002E+02  0.1088E+03
   7.590  0.1009E+02  0.1009E+02  0.1090E+03
   7.600  0.1016E+02  0.1016E+02  0.1092E+03
   7.610  0.1023E+02  0.1023E+02  0.1094E+03
   7.620  0.1030E+02  0.1030E+02  0.1096E+03
   7.630  0.1037E+02  0.1037E+02  0.1098E+03
   7.640  0.1043E+02  0.1043E+02  0.1100E+03
   7.650  0.1049E+02  0.1049E+02  0.1102E+03
   7.660  0.1055E+02  0.1055E+02  0.1104E+03
   7.670  0.1060E+02  0.1060E+02  0.1107E+03
   7.680  0.1065E+02  0.1065E+02  0.1109E+03
   7.690  0.1069E+02  0.1069E+02  0.1111E+03
   7.700  0.1073E+02  0.1073E+02  0.1113E+03
   7.710  0.1076E+02  0.1076E+02  0.1115E+03
   7.720  0.1079E+02  0.1079E+02  0.1117E+03
   7.730  0.1081E+02  0.1081E+02  0.1119E+03
   7.740  0.1082E+02  0.1082E+02  0.1122E+03
   7.750  0.1083E+02  0.1083E+02  0.1124E+03
   7.760  0.1084E+02  0.1084E+02  0.1126E+03
   7.770  0.1084E+02  0.1084E+02  0.1128E+03
   7.780  0.1083E+02  0.1083E+02  0.1130E+03
   7.790  0.1082E+02  0.1082E+02  0.1132E+03
   7.800  0.1080E+02  0.1080E+02  0.1135E+03
   7.810  0.1078E+02  0.1078E+02  0.1137E+03
   7.820  0.1075E+02  0.1075E+02  0.1139E+03
   7.830  0.1072E+02  0.1072E+02  0.1141E+03
   7.840  0.1068E+02  0.1068E+02  0.1143E+03
   7.850  0.1065E+02  0.1065E+02  0.1145E+03
   7.860  0.1061E+02  0.1061E+02  0.1147E+03
   7.870  0.1056E+02  0.1056E+02  0.1149E+03
   7.880  0.1052E+02  0.1052E+02  0.1152E+03
   7.890  0.1047E+02  0.1047E+02  0.1154E+03
   7.900  0.1042E+02  0.1042E+02  0.1156E+03
   7.910  0.1037E+02  0.1037E+02  0.1158E+03
   7.920  0.1032E+02  0.1032E+02  0.1160E+03
   7.930  0.1027E+02  0.1027E+02  0.1162E+03
   7.940  0.1022E+02  0.1022E+02  0.1164E+03
   7.950  0.1017E+02  0.1017E+02  0.1166E+03
   7.960  0.1013E+02  0.1013E+02  0.1168E+03
   7.970  0.1008E+02  0.1008E+02  0.1170E+03
   7.980  0.1003E+02  0.1003E+02  0.1172E+03
   7.990  0.9993E+01  0.9993E+01  0.1174E+03
   8.000  0.9953E+01  0.9953E+01  0.1176E+03
   8.010  0.9916E+01  0.9916E+01  0.1178E+03
   8.020  0.9883E+01  0.9883E+01  0.1180E+03
   8.030  0.9853E+01  0.9853E+01  0.1182E+03
   8.040  0.9826E+01  0.9826E+01  0.1184E+03
   8.050  0.9803E+01  0.9803E+01  0.1186E+03
   8.060  0.9784E+01  0.9784E+01  0.1188E+03
   8.070  0.9769E+01  0.9769E+01  0.1190E+03
   8.080  0.9759E+01  0.9759E+01  0.1192E+03
   8.090  0.9753E+01  0.9753E+01  0.1194E+03
   8.100  0.9752E+01  0.9752E+01  0.1196E+03
   8.110  0.9755E+01  0.9755E+01  0.1198E+03
   8.120  0.9763E+01  0.9763E+01  0.1200E+03
   8.130  0.9775E+01  0.9775E+01  0.1202E+03
   8.140  0.9793E+01  0.9793E+01  0.1204E+03
   8.150  0.9815E+01  0.9815E+01  0.1205E+03
   8.160  0.9841E+01  0.9842E+01  0.1207E+03
   8.170  0.9873E+01  0.9873E+01  0.1209E+03
   8.180  0.9909E+01  0.9909E+01  0.1211E+03
   8.190  0.9949E+01  0.9949E+01  0.1213E+03
   8.200  0.9994E+01  0.9994E+01  0.1215E+03
   8.210  0.1004E+02  0.1004E+02  0.1217E+03
   8.220  0.1010E+02  0.1010E+02  0.1219E+03
   8.230  0.1015E+02  0.1015E+02  0.1221E+03
   8.240  0.1021E+02  0.1021E+02  0.1223E+03
   8.250  0.1028E+02  0.1028E+02  0.1226E+03
   8.260  0.1034E+02  0.1034E+02  0.1228E+03
   8.270  0.1041E+02  0.1041E+02  0.1230E+03
   8.280  0.1049E+02  0.1049E+02  0.1232E+03
   8.290  0.1056E+02  0.1056E+02  0.1234E+03
   8.300  0.1064E+02  0.1064E+02  0.1236E+03
   8.310  0.1072E+02  0.1072E+02  0.1238E+03
   8.320  0.1080E+02  0.1080E+02  0.1240E+03
   8.330  0.1088E+02  0.1088E+02  0.1243E+03
   8.340  0.1096E+02  0.1096E+02  0.1245E+03
   8.350  0.1104E+02  0.1104E+02  0.1247E+03
   8.360  0.1112E+02  0.1112E+02  0.1249E+03
   8.370  0.1120E+02  0.1120E+02  0.1251E+03
   8.380  0.1128E+02  0.1128E+02  0.1254E+03
   8.390  0.1136E+02  0.1136E+02  0.1256E+03
   8.400  0.1144E+02  0.1144E+02  0.1258E+03
   8.410  0.1152E+02  0.1152E+02  0.1261E+03
   8.420  0.1159E+02  0.1159E+02  0.1263E+03
   8.430  0.1166E+02  0.1166E+02  0.1265E+03
   8.440  0.1173E+02  0.1173E+02  0.1268E+03
   8.450  0.1180E+02  0.1180E+02  0.1270E+03
   8.460  0.1186E+02  0.1186E+02  0.1272E+03
   8.470  0.1192E+02  0.1192E+02  0.1275E+03
   8.480  0.1197E+02  0.1197E+02  0.1277E+03
   8.490  0.1202E+02  0.1202E+02  0.1279E+03
   8.500  0.1206E+02  0.1206E+02  0.1282E+03
   8.510  0.1210E+02  0.1210E+02  0.1284E+03
   8.520  0.1213E+02  0.1213E+02  0.1287E+03
   8.530  0.1216E+02  0.1216E+02  0.1289E+03
   8.540  0.1219E+02  0.1219E+02  0.1292E+03
   8.550  0.1220E+02  0.1220E+02  0.1294E+03
   8.560  0.1221E+02  0.1221E+02  0.1296E+03
   8.570  0.1222E+02  0.1222E+02  0.1299E+03
   8.580  0.1222E+02  0.1222E+02  0.1301E+03
   8.590  0.1221E+02  0.1221E+02  0.1304E+03
   8.600  0.1220E+02  0.1220E+02  0.1306E+03
   8.610  0.1218E+02  0.1218E+02  0.1309E+03
   8.620  0.1216E+02  0.1216E+02  0.1311E+03
   8.630  0.1212E+02  0.1212E+02  0.1313E+03
   8.640  0.1209E+02  0.1209E+02  0.1316E+03
   8.650  0.1204E+02  0.1204E+02  0.1318E+03
   8.660  0.1200E+02  0.1200E+02  0.1321E+03
   8.670  0.1194E+02  0.1194E+02  0.1323E+03
   8.680  0.1188E+02  0.1188E+02  0.1325E+03
   8.690  0.1181E+02  0.1181E+02  0.1328E+03
   8.700  0.1174E+02  0.1174E+02  0.1330E+03
   8.710  0.1167E+02  0.1167E+02  0.1333E+03
   8.720  0.1158E+02  0.1158E+02  0.1335E+03
   8.730  0.1150E+02  0.1150E+02  0.1337E+03
   8.740  0.1140E+02  0.1140E+02  0.1339E+03
   8.750  0.1130E+02  0.1130E+02  0.1342E+03
   8.760  0.1120E+02  0.1120E+02  0.1344E+03
   8.770  0.1109E+02  0.1109E+02  0.1346E+03
   8.780  0.1097E+02  0.1097E+02  0.1348E+03
   8.790  0.1085E+02  0.1085E+02  0.1351E+03
   8.800  0.1073E+02  0.1073E+02  0.1353E+03
   8.810  0.1059E+02  0.1059E+02  0.1355E+03
   8.820  0.1046E+02  0.1045E+02  0.1357E+03
   8.830  0.1031E+02  0.1031E+02  0.1359E+03
   8.840  0.1016E+02  0.1016E+02  0.1361E+03
   8.850  0.1000E+02  0.1000E+02  0.1363E+03
   8.860  0.9839E+01  0.9839E+01  0.1365E+03
   8.870  0.9669E+01  0.9669E+01  0.1367E+03
   8.880  0.9492E+01  0.9491E+01  0.1369E+03
   8.890  0.9307E+01  0.9307E+01  0.1371E+03
   8.900  0.9116E+01  0.9116E+01  0.1372E+03
   8.910  0.8917E+01  0.8917E+01  0.1374E+03
   8.920  0.8711E+01  0.8711E+01  0.1376E+03
   8.930  0.8498E+01  0.8498E+01  0.1378E+03
   8.940  0.8277E+01  0.8277E+01  0.1379E+03
   8.950  0.8049E+01  0.8049E+01  0.1381E+03
   8.960  0.7814E+01  0.7814E+01  0.1382E+03
   8.970  0.7573E+01  0.7572E+01  0.1384E+03
   8.980  0.7324E+01  0.7324E+01  0.1385E+03
   8.990  0.7069E+01  0.7069E+01  0.1387E+03
   9.000  0.6808E+01  0.6807E+01  0.1388E+03
   9.010  0.6541E+01  0.6541E+01  0.1390E+03
   9.020  0.6270E+01  0.6269E+01  0.1391E+03
   9.030  0.5993E+01  0.5993E+01  0.1392E+03
   9.040  0.5713E+01  0.5713E+01  0.1393E+03
   9.050  0.5430E+01  0.5429E+01  0.1394E+03
   9.060  0.5144E+01  0.5143E+01  0.1395E+03
   9.070  0.4856E+01  0.4856E+01  0.1396E+03
   9.080  0.4568E+01  0.4567E+01  0.1397E+03
   9.090  0.4279E+01  0.4279E+01  0.1398E+03
   9.100  0.3992E+01  0.3991E+01  0.1399E+03
   9.110  0.3706E+01  0.3705E+01  0.1400E+03
   9.120  0.3423E+01  0.3422E+01  0.1400E+03
   9.130  0.3144E+01  0.3143E+01  0.1401E+03
   9.140  0.2869E+01  0.2868E+01  0.1401E+03
   9.150  0.2599E+01  0.2599E+01  0.1402E+03
   9.160  0.2336E+01  0.2336E+01  0.1402E+03
   9.170  0.2081E+01  0.2080E+01  0.1403E+03
   9.180  0.1833E+01  0.1833E+01  0.1403E+03
   9.190  0.1594E+01  0.1594E+01  0.1404E+03
   9.200  0.1365E+01  0.1364E+01  0.1404E+03
   9.210  0.1145E+01  0.1145E+01  0.1404E+03
   9.220  0.9368E+00  0.9364E+00  0.1404E+03
   9.230  0.7392E+00  0.7389E+00  0.1404E+03
   9.240  0.5533E+00  0.5529E+00  0.1404E+03
   9.250  0.3791E+00  0.3788E+00  0.1405E+03
   9.260  0.2171E+00  0.2168E+00  0.1405E+03
   9.270  0.6736E-01  0.6710E-01  0.1405E+03
   9.280 -0.7010E-01 -0.7035E-01  0.1405E+03
   9.290 -0.1953E+00 -0.1955E+00  0.1405E+03
   9.300 -0.3083E+00 -0.3085E+00  0.1404E+03
   9.310 -0.4093E+00 -0.4095E+00  0.1404E+03
   9.320 -0.4985E+00 -0.4987E+00  0.1404E+03
   9.330 -0.5764E+00 -0.5765E+00  0.1404E+03
   9.340 -0.6432E+00 -0.6433E+00  0.1404E+03
   9.350 -0.6994E+00 -0.6995E+00  0.1404E+03
   9.360 -0.7455E+00 -0.7456E+00  0.1404E+03
   9.370 -0.7821E+00 -0.7822E+00  0.1404E+03
   9.380 -0.8097E+00 -0.8098E+00  0.1403E+03
   9.390 -0.8290E+00 -0.8290E+00  0.1403E+03
   9.400 -0.8405E+00 -0.8405E+00  0.1403E+03
   9.410 -0.8448E+00 -0.8449E+00  0.1403E+03
   9.420 -0.8428E+00 -0.8428E+00  0.1403E+03
   9.430 -0.8349E+00 -0.8349E+00  0.1403E+03
   9.440 -0.8219E+00 -0.8218E+00  0.1402E+03
   9.450 -0.8043E+00 -0.8042E+00  0.1402E+03
   9.460 -0.7828E+00 -0.7827E+00  0.1402E+03
   9.470 -0.7579E+00 -0.7578E+00  0.1402E+03
   9.480 -0.7302E+00 -0.7302E+00  0.1402E+03
   9.490 -0.7004E+00 -0.7003E+00  0.1402E+03
   9.500 -0.6687E+00 -0.6687E+00  0.1402E+03
   9.510 -0.6358E+00 -0.6358E+00  0.1401E+03
   9.520 -0.6020E+00 -0.6020E+00  0.1401E+03
   9.530 -0.5678E+00 -0.5678E+00  0.1401E+03
   9.540 -0.5335E+00 -0.5334E+00  0.1401E+03
   9.550 -0.4994E+00 -0.4993E+00  0.1401E+03
   9.560 -0.4657E+00 -0.4656E+00  0.1401E+03
   9.570 -0.4328E+00 -0.4327E+00  0.1401E+03
   9.580 -0.4008E+00 -0.4007E+00  0.1401E+03
   9.590 -0.3699E+00 -0.3698E+00  0.1401E+03
   9.600 -0.3402E+00 -0.3402E+00  0.1401E+03
   9.610 -0.3119E+00 -0.3118E+00  0.1401E+03
   9.620 -0.2850E+00 -0.2849E+00  0.1400E+03
   9.630 -0.2596E+00 -0.2595E+00  0.1400E+03
   9.640 -0.2357E+00 -0.2356E+00  0.1400E+03
   9.650 -0.2133E+00 -0.2133E+00  0.1400E+03
   9.660 -0.1925E+00 -0.1924E+00  0.1400E+03
   9.670 -0.1731E+00 -0.1731E+00  0.1400E+03
   9.680 -0.1552E+00 -0.1552E+00  0.1400E+03
   9.690 -0.1388E+00 -0.1388E+00  0.1400E+03
   9.700 -0.1237E+00 -0.1237E+00  0.1400E+03
   9.710 -0.1099E+00 -0.1099E+00  0.1400E+03
   9.720 -0.9742E-01 -0.9740E-01  0.1400E+03
   9.730 -0.8607E-01 -0.8605E-01  0.1400E+03
   9.740 -0.7582E-01 -0.7580E-01  0.1400E+03
   9.750 -0.6659E-01 -0.6658E-01  0.1400E+03
   9.760 -0.5832E-01 -0.5831E-01  0.1400E+03
   9.770 -0.5093E-01 -0.5092E-01  0.1400E+03
   9.780 -0.4435E-01 -0.4433E-01  0.1400E+03
   9.790 -0.3850E-01 -0.3849E-01  0.1400E+03
   9.800 -0.3333E-01 -0.3333E-01  0.1400E+03
   9.810 -0.2878E-01 -0.2877E-01  0.1400E+03
   9.820 -0.2478E-01 -0.2477E-01  0.1400E+03
   9.830 -0.2127E-01 -0.2126E-01  0.1400E+03
   9.840 -0.1821E-01 -0.1820E-01  0.1400E+03
   9.850 -0.1554E-01 -0.1554E-01  0.1400E+03
   9.860 -0.1323E-01 -0.1323E-01  0.1400E+03
   9.870 -0.1123E-01 -0.1123E-01  0.1400E+03
   9.880 -0.9506E-02 -0.9503E-02  0.1400E+03
   9.890 -0.8025E-02 -0.8022E-02  0.1400E+03
   9.900 -0.6755E-02 -0.6753E-02  0.1400E+03
   9.910 -0.5671E-02 -0.5669E-02  0.1400E+03
   9.920 -0.4747E-02 -0.4746E-02  0.1400E+03
   9.930 -0.3963E-02 -0.3962E-02  0.1400E+03
   9.940 -0.3299E-02 -0.3298E-02  0.1400E+03
   9.950 -0.2739E-02 -0.2738E-02  0.1400E+03
   9.960 -0.2268E-02 -0.2267E-02  0.1400E+03
   9.970 -0.1873E-02 -0.1872E-02  0.1400E+03
   9.980 -0.1542E-02 -0.1541E-02  0.1400E+03
   9.990 -0.1266E-02 -0.1266E-02  0.1400E+03
  10.000 -0.1037E-02 -0.1036E-02  0.1400E+03
  10.010 -0.8468E-03 -0.8464E-03  0.1400E+03
  10.020 -0.6896E-03 -0.6894E-03  0.1400E+03
  10.030 -0.5601E-03 -0.5599E-03  0.1400E+03
  10.040 -0.4537E-03 -0.4535E-03  0.1400E+03
  10.050 -0.3665E-03 -0.3663E-03  0.1400E+03
  10.060 -0.2952E-03 -0.2951E-03  0.1400E+03
  10.070 -0.2372E-03 -0.2371E-03  0.1400E+03
  10.080 -0.1900E-03 -0.1900E-03  0.1400E+03
  10.090 -0.1518E-03 -0.1518E-03  0.1400E+03
  10.100 -0.1210E-03 -0.1209E-03  0.1400E+03
  10.110 -0.9616E-04 -0.9611E-04  0.1400E+03
  10.120 -0.7621E-04 -0.7617E-04  0.1400E+03
  10.130 -0.6023E-04 -0.6021E-04  0.1400E+03
  10.140 -0.4748E-04 -0.4746E-04  0.1400E+03
  10.150 -0.3732E-04 -0.3730E-04  0.1400E+03
  10.160 -0.2926E-04 -0.2925E-04  0.1400E+03
  10.170 -0.2288E-04 -0.2287E-04  0.1400E+03
  10.180 -0.1784E-04 -0.1783E-04  0.1400E+03
  10.190 -0.1387E-04 -0.1386E-04  0.1400E+03
  10.200 -0.1076E-04 -0.1075E-04  0.1400E+03
  10.210 -0.8319E-05 -0.8315E-05  0.1400E+03
  10.220 -0.6417E-05 -0.6414E-05  0.1400E+03
  10.230 -0.4936E-05 -0.4934E-05  0.1400E+03
  10.240 -0.3787E-05 -0.3785E-05  0.1400E+03
  10.250 -0.2897E-05 -0.2896E-05  0.1400E+03
  10.260 -0.2211E-05 -0.2210E-05  0.1400E+03
  10.270 -0.1682E-05 -0.1681E-05  0.1400E+03
  10.280 -0.1277E-05 -0.1276E-05  0.1400E+03
  10.290 -0.9662E-06 -0.9657E-06  0.1400E+03
  10.300 -0.7293E-06 -0.7289E-06  0.1400E+03
  10.310 -0.5490E-06 -0.5487E-06  0.1400E+03
  10.320 -0.4122E-06 -0.4119E-06  0.1400E+03
  10.330 -0.3086E-06 -0.3084E-06  0.1400E+03
  10.340 -0.2304E-06 -0.2303E-06  0.1400E+03
  10.350 -0.1716E-06 -0.1715E-06  0.1400E+03
  10.360 -0.1274E-06 -0.1274E-06  0.1400E+03
  10.370 -0.9439E-07 -0.9434E-07  0.1400E+03
  10.380 -0.6973E-07 -0.6969E-07  0.1400E+03
  10.390 -0.5137E-07 -0.5134E-07  0.1400E+03
  10.400 -0.3774E-07 -0.3772E-07  0.1400E+03
  10.410 -0.2765E-07 -0.2764E-07  0.1400E+03
  10.420 -0.2021E-07 -0.2019E-07  0.1400E+03
  10.430 -0.1473E-07 -0.1472E-07  0.1400E+03
  10.440 -0.1070E-07 -0.1070E-07  0.1400E+03
  10.450 -0.7758E-08 -0.7754E-08  0.1400E+03
  10.460 -0.5609E-08 -0.5605E-08  0.1400E+03
  10.470 -0.4044E-08 -0.4041E-08  0.1400E+03
  10.480 -0.2907E-08 -0.2906E-08  0.1400E+03
  10.490 -0.2085E-08 -0.2084E-08  0.1400E+03
  10.500 -0.1491E-08 -0.1490E-08  0.1400E+03
  10.510 -0.1063E-08 -0.1063E-08  0.1400E+03
  10.520 -0.7564E-09 -0.7559E-09  0.1400E+03
  10.530 -0.5366E-09 -0.5362E-09  0.1400E+03
  10.540 -0.3796E-09 -0.3794E-09  0.1400E+03
  10.550 -0.2678E-09 -0.2677E-09  0.1400E+03
  10.560 -0.1885E-09 -0.1884E-09  0.1400E+03
  10.570 -0.1323E-09 -0.1322E-09  0.1400E+03
  10.580 -0.9258E-10 -0.9251E-10  0.1400E+03
  10.590 -0.6462E-10 -0.6457E-10  0.1400E+03
  10.600 -0.4498E-10 -0.4495E-10  0.1400E+03
  10.610 -0.3123E-10 -0.3121E-10  0.1400E+03
  10.620 -0.2162E-10 -0.2161E-10  0.1400E+03
  10.630 -0.1493E-10 -0.1492E-10  0.1400E+03
  10.640 -0.1028E-10 -0.1028E-10  0.1400E+03
  10.650 -0.7062E-11 -0.7057E-11  0.1400E+03
  10.660 -0.4837E-11 -0.4834E-11  0.1400E+03
  10.670 -0.3305E-11 -0.3302E-11  0.1400E+03
  10.680 -0.2251E-11 -0.2250E-11  0.1400E+03
  10.690 -0.1530E-11 -0.1529E-11  0.1400E+03
  10.700 -0.1037E-11 -0.1036E-11  0.1400E+03
  10.710 -0.7005E-12 -0.7000E-12  0.1400E+03
  10.720 -0.4721E-12 -0.4718E-12  0.1400E+03
  10.730 -0.3173E-12 -0.3171E-12  0.1400E+03
  10.740 -0.2127E-12 -0.2126E-12  0.1400E+03
  10.750 -0.1422E-12 -0.1421E-12  0.1400E+03
  10.760 -0.9483E-13 -0.9476E-13  0.1400E+03
  10.770 -0.6306E-13 -0.6301E-13  0.1400E+03
  10.780 -0.4182E-13 -0.4179E-13  0.1400E+03
  10.790 -0.2766E-13 -0.2764E-13  0.1400E+03
  10.800 -0.1824E-13 -0.1823E-13  0.1400E+03
  10.810 -0.1200E-13 -0.1199E-13  0.1400E+03
  10.820 -0.7874E-14 -0.7868E-14  0.1400E+03
  10.830 -0.5152E-14 -0.5148E-14  0.1400E+03
  10.840 -0.3362E-14 -0.3359E-14  0.1400E+03
  10.850 -0.2188E-14 -0.2186E-14  0.1400E+03
  10.860 -0.1420E-14 -0.1419E-14  0.1400E+03
  10.870 -0.9192E-15 -0.9184E-15  0.1400E+03
  10.880 -0.5934E-15 -0.5929E-15  0.1400E+03
  10.890 -0.3820E-15 -0.3817E-15  0.1400E+03
  10.900 -0.2453E-15 -0.2451E-15  0.1400E+03
  10.910 -0.1571E-15 -0.1569E-15  0.1400E+03
  10.920 -0.1003E-15 -0.1002E-15  0.1400E+03
  10.930 -0.6389E-16 -0.6384E-16  0.1400E+03
  10.940 -0.4058E-16 -0.4055E-16  0.1400E+03
  10.950 -0.2571E-16 -0.2569E-16  0.1400E+03
  10.960 -0.1624E-16 -0.1623E-16  0.1400E+03
  10.970 -0.1024E-16 -0.1023E-16  0.1400E+03
  10.980 -0.6432E-17 -0.6426E-17  0.1400E+03
  10.990 -0.4031E-17 -0.4027E-17  0.1400E+03
  11.000 -0.2519E-17 -0.2517E-17  0.1400E+03
  11.010 -0.1570E-17 -0.1569E-17  0.1400E+03
  11.020 -0.9763E-18 -0.9754E-18  0.1400E+03
  11.030 -0.6053E-18 -0.6047E-18  0.1400E+03
  11.040 -0.3743E-18 -0.3739E-18  0.1400E+03
  11.050 -0.2308E-18 -0.2306E-18  0.1400E+03
  11.060 -0.1419E-18 -0.1418E-18  0.1400E+03
  11.070 -0.8706E-19 -0.8698E-19  0.1400E+03
  11.080 -0.5325E-19 -0.5320E-19  0.1400E+03
  11.090 -0.3249E-19 -0.3246E-19  0.1400E+03
  11.100 -0.1977E-19 -0.1975E-19  0.1400E+03
  11.110 -0.1199E-19 -0.1198E-19  0.1400E+03
  11.120 -0.7258E-20 -0.7251E-20  0.1400E+03
  11.130 -0.4380E-20 -0.4376E-20  0.1400E+03
  11.140 -0.2636E-20 -0.2634E-20  0.1400E+03
  11.150 -0.1583E-20 -0.1581E-20  0.1400E+03
  11.160 -0.9474E-21 -0.9465E-21  0.1400E+03
  11.170 -0.5657E-21 -0.5651E-21  0.1400E+03
  11.180 -0.3368E-21 -0.3365E-21  0.1400E+03
  11.190 -0.2000E-21 -0.1998E-21  0.1400E+03
  11.200 -0.1185E-21 -0.1183E-21  0.1400E+03
  11.210 -0.6997E-22 -0.6990E-22  0.1400E+03
  11.220 -0.4122E-22 -0.4118E-22  0.1400E+03
  11.230 -0.2421E-22 -0.2419E-22  0.1400E+03
  11.240 -0.1419E-22 -0.1417E-22  0.1400E+03
  11.250 -0.8289E-23 -0.8280E-23  0.1400E+03
  11.260 -0.4829E-23 -0.4824E-23  0.1400E+03
  11.270 -0.2804E-23 -0.2801E-23  0.1400E+03
  11.280 -0.1621E-23 -0.1619E-23  0.1400E+03
  11.290 -0.9288E-24 -0.9278E-24  0.1400E+03
  11.300 -0.5212E-24 -0.5207E-24  0.1400E+03
  11.310 -0.2747E-24 -0.2744E-24  0.1400E+03
  11.320 -0.1138E-24 -0.1136E-24  0.1400E+03
  11.330  0.1141E-25  0.1146E-25  0.1400E+03
  11.340  0.1398E-24  0.1397E-24  0.1400E+03
  11.350  0.3112E-24  0.3110E-24  0.1400E+03
  11.360  0.5781E-24  0.5778E-24  0.1400E+03
  11.370  0.1021E-23  0.1021E-23  0.1400E+03
  11.380  0.1773E-23  0.1772E-23  0.1400E+03
  11.390  0.3057E-23  0.3055E-23  0.1400E+03
  11.400  0.5246E-23  0.5243E-23  0.1400E+03
  11.410  0.8976E-23  0.8970E-23  0.1400E+03
  11.420  0.1531E-22  0.1530E-22  0.1400E+03
  11.430  0.2605E-22  0.2604E-22  0.1400E+03
  11.440  0.4421E-22  0.4419E-22  0.1400E+03
  11.450  0.7482E-22  0.7478E-22  0.1400E+03
  11.460  0.1263E-21  0.1262E-21  0.1400E+03
  11.470  0.2126E-21  0.2125E-21  0.1400E+03
  11.480  0.3569E-21  0.3567E-21  0.1400E+03
  11.490  0.5976E-21  0.5973E-21  0.1400E+03
  11.500  0.9979E-21  0.9974E-21  0.1400E+03
  11.510  0.1662E-20  0.1661E-20  0.1400E+03
  11.520  0.2761E-20  0.2759E-20  0.1400E+03
  11.530  0.4574E-20  0.4571E-20  0.1400E+03
  11.540  0.7557E-20  0.7553E-20  0.1400E+03
  11.550  0.1245E-19  0.1245E-19  0.1400E+03
  11.560  0.2046E-19  0.2045E-19  0.1400E+03
  11.570  0.3354E-19  0.3353E-19  0.1400E+03
  11.580  0.5483E-19  0.5481E-19  0.1400E+03
  11.590  0.8940E-19  0.8935E-19  0.1400E+03
  11.600  0.1454E-18  0.1453E-18  0.1400E+03
  11.610  0.2358E-18  0.2356E-18  0.1400E+03
  11.620  0.3813E-18  0.3811E-18  0.1400E+03
  11.630  0.6151E-18  0.6148E-18  0.1400E+03
  11.640  0.9896E-18  0.9891E-18  0.1400E+03
  11.650  0.1588E-17  0.1587E-17  0.1400E+03
  11.660  0.2541E-17  0.2540E-17  0.1400E+03
  11.670  0.4056E-17  0.4054E-17  0.1400E+03
  11.680  0.6456E-17  0.6453E-17  0.1400E+03
  11.690  0.1025E-16  0.1025E-16  0.1400E+03
  11.700  0.1623E-16  0.1622E-16  0.1400E+03
  11.710  0.2563E-16  0.2562E-16  0.1400E+03
  11.720  0.4037E-16  0.4035E-16  0.1400E+03
  11.730  0.6341E-16  0.6338E-16  0.1400E+03
  11.740  0.9935E-16  0.9930E-16  0.1400E+03
  11.750  0.1552E-15  0.1552E-15  0.1400E+03
  11.760  0.2419E-15  0.2418E-15  0.1400E+03
  11.770  0.3760E-15  0.3758E-15  0.1400E+03
  11.780  0.5829E-15  0.5826E-15  0.1400E+03
  11.790  0.9012E-15  0.9007E-15  0.1400E+03
  11.800  0.1390E-14  0.1389E-14  0.1400E+03
  11.810  0.2137E-14  0.2136E-14  0.1400E+03
  11.820  0.3278E-14  0.3276E-14  0.1400E+03
  11.830  0.5014E-14  0.5012E-14  0.1400E+03
  11.840  0.7650E-14  0.7646E-14  0.1400E+03
  11.850  0.1164E-13  0.1164E-13  0.1400E+03
  11.860  0.1767E-13  0.1766E-13  0.1400E+03
  11.870  0.2674E-13  0.2673E-13  0.1400E+03
  11.880  0.4037E-13  0.4035E-13  0.1400E+03
  11.890  0.6078E-13  0.6076E-13  0.1400E+03
  11.900  0.9128E-13  0.9124E-13  0.1400E+03
  11.910  0.1367E-12  0.1366E-12  0.1400E+03
  11.920  0.2042E-12  0.2041E-12  0.1400E+03
  11.930  0.3042E-12  0.3041E-12  0.1400E+03
  11.940  0.4521E-12  0.4519E-12  0.1400E+03
  11.950  0.6699E-12  0.6697E-12  0.1400E+03
  11.960  0.9902E-12  0.9898E-12  0.1400E+03
  11.970  0.1460E-11  0.1459E-11  0.1400E+03
  11.980  0.2146E-11  0.2145E-11  0.1400E+03
  11.990  0.3147E-11  0.3146E-11  0.1400E+03
  12.000  0.4603E-11  0.4601E-11  0.1400E+03
  12.010  0.6715E-11  0.6712E-11  0.1400E+03
  12.020  0.9769E-11  0.9765E-11  0.1400E+03
  12.030  0.1418E-10  0.1417E-10  0.1400E+03
  12.040  0.2052E-10  0.2051E-10  0.1400E+03
  12.050  0.2961E-10  0.2960E-10  0.1400E+03
  12.060  0.4263E-10  0.4261E-10  0.1400E+03
  12.070  0.6121E-10  0.6119E-10  0.1400E+03
  12.080  0.8766E-10  0.8763E-10  0.1400E+03
  12.090  0.1252E-09  0.1252E-09  0.1400E+03
  12.100  0.1784E-09  0.1783E-09  0.1400E+03
  12.110  0.2534E-09  0.2533E-09  0.1400E+03
  12.120  0.3591E-09  0.3590E-09  0.1400E+03
  12.130  0.5076E-09  0.5074E-09  0.1400E+03
  12.140  0.7155E-09  0.7152E-09  0.1400E+03
  12.150  0.1006E-08  0.1006E-08  0.1400E+03
  12.160  0.1411E-08  0.1410E-08  0.1400E+03
  12.170  0.1973E-08  0.1972E-08  0.1400E+03
  12.180  0.2752E-08  0.2751E-08  0.1400E+03
  12.190  0.3829E-08  0.3828E-08  0.1400E+03
  12.200  0.5314E-08  0.5312E-08  0.1400E+03
  12.210  0.7354E-08  0.7352E-08  0.1400E+03
  12.220  0.1015E-07  0.1015E-07  0.1400E+03
  12.230  0.1398E-07  0.1397E-07  0.1400E+03
  12.240  0.1919E-07  0.1919E-07  0.1400E+03
  12.250  0.2629E-07  0.2628E-07  0.1400E+03
  12.260  0.3591E-07  0.3590E-07  0.1400E+03
  12.270  0.4892E-07  0.4891E-07  0.1400E+03
  12.280  0.6648E-07  0.6646E-07  0.1400E+03
  12.290  0.9011E-07  0.9008E-07  0.1400E+03
  12.300  0.1218E-06  0.1218E-06  0.1400E+03
  12.310  0.1642E-06  0.1642E-06  0.1400E+03
  12.320  0.2209E-06  0.2208E-06  0.1400E+03
  12.330  0.2962E-06  0.2961E-06  0.1400E+03
  12.340  0.3963E-06  0.3962E-06  0.1400E+03
  12.350  0.5288E-06  0.5286E-06  0.1400E+03
  12.360  0.7037E-06  0.7035E-06  0.1400E+03
  12.370  0.9340E-06  0.9337E-06  0.1400E+03
  12.380  0.1237E-05  0.1236E-05  0.1400E+03
  12.390  0.1633E-05  0.1632E-05  0.1400E+03
  12.400  0.2150E-05  0.2150E-05  0.1400E+03
  12.410  0.2825E-05  0.2824E-05  0.1400E+03
  12.420  0.3701E-05  0.3700E-05  0.1400E+03
  12.430  0.4836E-05  0.4835E-05  0.1400E+03
  12.440  0.6303E-05  0.6302E-05  0.1400E+03
  12.450  0.8194E-05  0.8192E-05  0.1400E+03
  12.460  0.1062E-04  0.1062E-04  0.1400E+03
  12.470  0.1374E-04  0.1374E-04  0.1400E+03
  12.480  0.1772E-04  0.1772E-04  0.1400E+03
  12.490  0.2280E-04  0.2280E-04  0.1400E+03
  12.500  0.2926E-04  0.2925E-04  0.1400E+03
  12.510  0.3745E-04  0.3744E-04  0.1400E+03
  12.520  0.4781E-04  0.4779E-04  0.1400E+03
  12.530  0.6087E-04  0.6085E-04  0.1400E+03
  12.540  0.7730E-04  0.7728E-04  0.1400E+03
  12.550  0.9792E-04  0.9789E-04  0.1400E+03
  12.560  0.1237E-03  0.1237E-03  0.1400E+03
  12.570  0.1559E-03  0.1559E-03  0.1400E+03
  12.580  0.1959E-03  0.1959E-03  0.1400E+03
  12.590  0.2456E-03  0.2456E-03  0.1400E+03
  12.600  0.3071E-03  0.3071E-03  0.1400E+03
  12.610  0.3831E-03  0.3830E-03  0.1400E+03
  12.620  0.4765E-03  0.4764E-03  0.1400E+03
  12.630  0.5912E-03  0.5911E-03  0.1400E+03
  12.640  0.7316E-03  0.7315E-03  0.1400E+03
  12.650  0.9031E-03  0.9029E-03  0.1400E+03
  12.660  0.1112E-02  0.1112E-02  0.1400E+03
  12.670  0.1365E-02  0.1365E-02  0.1400E+03
  12.680  0.1672E-02  0.1672E-02  0.1400E+03
  12.690  0.2043E-02  0.2043E-02  0.1400E+03
  12.700  0.2490E-02  0.2489E-02  0.1400E+03
  12.710  0.3026E-02  0.3025E-02  0.1400E+03
  12.720  0.3669E-02  0.3668E-02  0.1400E+03
  12.730  0.4436E-02  0.4435E-02  0.1400E+03
  12.740  0.5350E-02  0.5349E-02  0.1400E+03
  12.750  0.6436E-02  0.6435E-02  0.1400E+03
  12.760  0.7723E-02  0.7722E-02  0.1400E+03
  12.770  0.9244E-02  0.9242E-02  0.1400E+03
  12.780  0.1104E-01  0.1103E-01  0.1400E+03
  12.790  0.1314E-01  0.1314E-01  0.1400E+03
  12.800  0.1561E-01  0.1560E-01  0.1400E+03
  12.810  0.1849E-01  0.1849E-01  0.1400E+03
  12.820  0.2185E-01  0.2184E-01  0.1400E+03
  12.830  0.2575E-01  0.2575E-01  0.1400E+03
  12.840  0.3028E-01  0.3027E-01  0.1400E+03
  12.850  0.3550E-01  0.3550E-01  0.1400E+03
  12.860  0.4153E-01  0.4152E-01  0.1400E+03
  12.870  0.4846E-01  0.4845E-01  0.1400E+03
  12.880  0.5639E-01  0.5638E-01  0.1400E+03
  12.890  0.6547E-01  0.6546E-01  0.1400E+03
  12.900  0.7581E-01  0.7580E-01  0.1400E+03
  12.910  0.8756E-01  0.8755E-01  0.1400E+03
  12.920  0.1009E+00  0.1009E+00  0.1400E+03
  12.930  0.1159E+00  0.1159E+00  0.1400E+03
  12.940  0.1329E+00  0.1329E+00  0.1400E+03
  12.950  0.1520E+00  0.1520E+00  0.1400E+03
  12.960  0.1734E+00  0.1734E+00  0.1400E+03
  12.970  0.1973E+00  0.1973E+00  0.1400E+03
  12.980  0.2239E+00  0.2239E+00  0.1400E+03
  12.990  0.2535E+00  0.2535E+00  0.1400E+03
  13.000  0.2864E+00  0.2863E+00  0.1400E+03
  13.010  0.3226E+00  0.3226E+00  0.1401E+03
  13.020  0.3626E+00  0.3626E+00  0.1401E+03
  13.030  0.4066E+00  0.4065E+00  0.1401E+03
  13.040  0.4548E+00  0.4547E+00  0.1401E+03
  13.050  0.5074E+00  0.5074E+00  0.1401E+03
  13.060  0.5648E+00  0.5647E+00  0.1401E+03
  13.070  0.6272E+00  0.6271E+00  0.1401E+03
  13.080  0.6948E+00  0.6947E+00  0.1401E+03
  13.090  0.7679E+00  0.7678E+00  0.1401E+03
  13.100  0.8466E+00  0.8465E+00  0.1402E+03
  13.110  0.9313E+00  0.9312E+00  0.1402E+03
  13.120  0.1022E+01  0.1022E+01  0.1402E+03
  13.130  0.1119E+01  0.1119E+01  0.1402E+03
  13.140  0.1222E+01  0.1222E+01  0.1402E+03
  13.150  0.1332E+01  0.1332E+01  0.1403E+03
  13.160  0.1449E+01  0.1449E+01  0.1403E+03
  13.170  0.1572E+01  0.1572E+01  0.1403E+03
  13.180  0.1702E+01  0.1702E+01  0.1404E+03
  13.190  0.1838E+01  0.1838E+01  0.1404E+03
  13.200  0.1981E+01  0.1981E+01  0.1404E+03
  13.210  0.2131E+01  0.2131E+01  0.1405E+03
  13.220  0.2287E+01  0.2287E+01  0.1405E+03
  13.230  0.2449E+01  0.2449E+01  0.1406E+03
  13.240  0.2618E+01  0.2618E+01  0.1406E+03
  13.250  0.2792E+01  0.2792E+01  0.1407E+03
  13.260  0.2972E+01  0.2971E+01  0.1407E+03
  13.270  0.3157E+01  0.3156E+01  0.1408E+03
  13.280  0.3346E+01  0.3346E+01  0.1409E+03
  13.290  0.3541E+01  0.3541E+01  0.1409E+03
  13.300  0.3739E+01  0.3739E+01  0.1410E+03
  13.310  0.3941E+01  0.3941E+01  0.1411E+03
  13.320  0.4146E+01  0.4146E+01  0.1412E+03
  13.330  0.4354E+01  0.4354E+01  0.1413E+03
  13.340  0.4565E+01  0.4564E+01  0.1414E+03
  13.350  0.4777E+01  0.4776E+01  0.1415E+03
  13.360  0.4990E+01  0.4989E+01  0.1416E+03
  13.370  0.5203E+01  0.5203E+01  0.1417E+03
  13.380  0.5417E+01  0.5417E+01  0.1418E+03
  13.390  0.5630E+01  0.5630E+01  0.1419E+03
  13.400  0.5842E+01  0.5842E+01  0.1420E+03
  13.410  0.6052E+01  0.6052E+01  0.1421E+03
  13.420  0.6260E+01  0.6260E+01  0.1422E+03
  13.430  0.6465E+01  0.6465E+01  0.1424E+03
  13.440  0.6667E+01  0.6667E+01  0.1425E+03
  13.450  0.6864E+01  0.6864E+01  0.1426E+03
  13.460  0.7057E+01  0.7057E+01  0.1428E+03
  13.470  0.7245E+01  0.7245E+01  0.1429E+03
  13.480  0.7427E+01  0.7427E+01  0.1431E+03
  13.490  0.7603E+01  0.7603E+01  0.1432E+03
  13.500  0.7772E+01  0.7772E+01  0.1434E+03
  13.510  0.7933E+01  0.7933E+01  0.1435E+03
  13.520  0.8086E+01  0.8086E+01  0.1437E+03
  13.530  0.8231E+01  0.8231E+01  0.1439E+03
  13.540  0.8366E+01  0.8366E+01  0.1440E+03
  13.550  0.8492E+01  0.8492E+01  0.1442E+03
  13.560  0.8607E+01  0.8607E+01  0.1444E+03
  13.570  0.8712E+01  0.8712E+01  0.1446E+03
  13.580  0.8806E+01  0.8806E+01  0.1447E+03
  13.590  0.8887E+01  0.8887E+01  0.1449E+03
  13.600  0.8957E+01  0.8957E+01  0.1451E+03
  13.610  0.9014E+01  0.9014E+01  0.1453E+03
  13.620  0.9058E+01  0.9058E+01  0.1454E+03
  13.630  0.9089E+01  0.9089E+01  0.1456E+03
  13.640  0.9107E+01  0.9107E+01  0.1458E+03
  13.650  0.9110E+01  0.9110E+01  0.1460E+03
  13.660  0.9100E+01  0.9100E+01  0.1462E+03
  13.670  0.9076E+01  0.9076E+01  0.1464E+03
  13.680  0.9037E+01  0.9037E+01  0.1465E+03
  13.690  0.8985E+01  0.8985E+01  0.1467E+03
  13.700  0.8918E+01  0.8918E+01  0.1469E+03
  13.710  0.8838E+01  0.8838E+01  0.1471E+03
  13.720  0.8745E+01  0.8745E+01  0.1472E+03
  13.730  0.8638E+01  0.8638E+01  0.1474E+03
  13.740  0.8519E+01  0.8519E+01  0.1476E+03
  13.750  0.8387E+01  0.8387E+01  0.1478E+03
  13.760  0.8244E+01  0.8244E+01  0.1479E+03
  13.770  0.8090E+01  0.8091E+01  0.1481E+03
  13.780  0.7927E+01  0.7927E+01  0.1482E+03
  13.790  0.7753E+01  0.7754E+01  0.1484E+03
  13.800  0.7572E+01  0.7572E+01  0.1486E+03
  13.810  0.7383E+01  0.7383E+01  0.1487E+03
  13.820  0.7188E+01  0.7188E+01  0.1488E+03
  13.830  0.6987E+01  0.6987E+01  0.1490E+03
  13.840  0.6782E+01  0.6782E+01  0.1491E+03
  13.850  0.6573E+01  0.6573E+01  0.1492E+03
  13.860  0.6362E+01  0.6362E+01  0.1494E+03
  13.870  0.6150E+01  0.6150E+01  0.1495E+03
  13.880  0.5937E+01  0.5938E+01  0.1496E+03
  13.890  0.5726E+01  0.5726E+01  0.1497E+03
  13.900  0.5516E+01  0.5516E+01  0.1498E+03
  13.910  0.5309E+01  0.5309E+01  0.1499E+03
  13.920  0.5105E+01  0.5106E+01  0.1501E+03
  13.930  0.4906E+01  0.4906E+01  0.1501E+03
  13.940  0.4712E+01  0.4712E+01  0.1502E+03
  13.950  0.4524E+01  0.4524E+01  0.1503E+03
  13.960  0.4342E+01  0.4343E+01  0.1504E+03
  13.970  0.4168E+01  0.4168E+01  0.1505E+03
  13.980  0.4000E+01  0.4000E+01  0.1506E+03
  13.990  0.3841E+01  0.3841E+01  0.1507E+03
  14.000  0.3689E+01  0.3689E+01  0.1507E+03
  14.010  0.3545E+01  0.3546E+01  0.1508E+03
  14.020  0.3410E+01  0.3410E+01  0.1509E+03
  14.030  0.3283E+01  0.3283E+01  0.1509E+03
  14.040  0.3165E+01  0.3165E+01  0.1510E+03
  14.050  0.3054E+01  0.3054E+01  0.1511E+03
  14.060  0.2951E+01  0.2952E+01  0.1511E+03
  14.070  0.2857E+01  0.2857E+01  0.1512E+03
  14.080  0.2769E+01  0.2769E+01  0.1512E+03
  14.090  0.2689E+01  0.2689E+01  0.1513E+03
  14.100  0.2615E+01  0.2615E+01  0.1513E+03
  14.110  0.2547E+01  0.2547E+01  0.1514E+03
  14.120  0.2485E+01  0.2485E+01  0.1514E+03
  14.130  0.2429E+01  0.2429E+01  0.1515E+03
  14.140  0.2378E+01  0.2378E+01  0.1515E+03
  14.150  0.2331E+01  0.2331E+01  0.1516E+03
  14.160  0.2288E+01  0.2288E+01  0.1516E+03
  14.170  0.2248E+01  0.2248E+01  0.1517E+03
  14.180  0.2212E+01  0.2212E+01  0.1517E+03
  14.190  0.2178E+01  0.2178E+01  0.1518E+03
  14.200  0.2147E+01  0.2147E+01  0.1518E+03
  14.210  0.2117E+01  0.2117E+01  0.1518E+03
  14.220  0.2089E+01  0.2089E+01  0.1519E+03
  14.230  0.2063E+01  0.2063E+01  0.1519E+03
  14.240  0.2037E+01  0.2037E+01  0.1520E+03
  14.250  0.2012E+01  0.2012E+01  0.1520E+03
  14.260  0.1988E+01  0.1988E+01  0.1521E+03
  14.270  0.1964E+01  0.1964E+01  0.1521E+03
  14.280  0.1940E+01  0.1940E+01  0.1521E+03
  14.290  0.1916E+01  0.1916E+01  0.1522E+03
  14.300  0.1892E+01  0.1892E+01  0.1522E+03
  14.310  0.1869E+01  0.1869E+01  0.1522E+03
  14.320  0.1845E+01  0.1845E+01  0.1523E+03
  14.330  0.1822E+01  0.1822E+01  0.1523E+03
  14.340  0.1799E+01  0.1799E+01  0.1524E+03
  14.350  0.1776E+01  0.1776E+01  0.1524E+03
  14.360  0.1753E+01  0.1753E+01  0.1524E+03
  14.370  0.1731E+01  0.1731E+01  0.1525E+03
  14.380  0.1710E+01  0.1710E+01  0.1525E+03
  14.390  0.1690E+01  0.1690E+01  0.1525E+03
  14.400  0.1670E+01  0.1670E+01  0.1526E+03
  14.410  0.1652E+01  0.1652E+01  0.1526E+03
  14.420  0.1636E+01  0.1636E+01  0.1526E+03
  14.430  0.1621E+01  0.1621E+01  0.1527E+03
  14.440  0.1608E+01  0.1608E+01  0.1527E+03
  14.450  0.1596E+01  0.1596E+01  0.1527E+03
  14.460  0.1587E+01  0.1587E+01  0.1528E+03
  14.470  0.1581E+01  0.1581E+01  0.1528E+03
  14.480  0.1577E+01  0.1577E+01  0.1528E+03
  14.490  0.1575E+01  0.1575E+01  0.1528E+03
  14.500  0.1576E+01  0.1576E+01  0.1529E+03
  14.510  0.1580E+01  0.1580E+01  0.1529E+03
  14.520  0.1587E+01  0.1587E+01  0.1529E+03
  14.530  0.1597E+01  0.1597E+01  0.1530E+03
  14.540  0.1610E+01  0.1610E+01  0.1530E+03
  14.550  0.1625E+01  0.1625E+01  0.1530E+03
  14.560  0.1644E+01  0.1644E+01  0.1531E+03
  14.570  0.1665E+01  0.1665E+01  0.1531E+03
  14.580  0.1690E+01  0.1690E+01  0.1531E+03
  14.590  0.1716E+01  0.1716E+01  0.1532E+03
  14.600  0.1746E+01  0.1746E+01  0.1532E+03
  14.610  0.1778E+01  0.1778E+01  0.1532E+03
  14.620  0.1812E+01  0.1812E+01  0.1533E+03
  14.630  0.1848E+01  0.1848E+01  0.1533E+03
  14.640  0.1887E+01  0.1887E+01  0.1534E+03
  14.650  0.1926E+01  0.1926E+01  0.1534E+03
  14.660  0.1968E+01  0.1968E+01  0.1534E+03
  14.670  0.2011E+01  0.2011E+01  0.1535E+03
  14.680  0.2055E+01  0.2055E+01  0.1535E+03
  14.690  0.2100E+01  0.2100E+01  0.1536E+03
  14.700  0.2145E+01  0.2145E+01  0.1536E+03
  14.710  0.2191E+01  0.2191E+01  0.1536E+03
  14.720  0.2237E+01  0.2237E+01  0.1537E+03
  14.730  0.2284E+01  0.2284E+01  0.1537E+03
  14.740  0.2330E+01  0.2330E+01  0.1538E+03
  14.750  0.2376E+01  0.2376E+01  0.1538E+03
  14.760  0.2421E+01  0.2421E+01  0.1539E+03
  14.770  0.2466E+01  0.2466E+01  0.1539E+03
  14.780  0.2510E+01  0.2510E+01  0.1540E+03
  14.790  0.2552E+01  0.2552E+01  0.1540E+03
  14.800  0.2594E+01  0.2594E+01  0.1541E+03
  14.810  0.2635E+01  0.2635E+01  0.1541E+03
  14.820  0.2674E+01  0.2674E+01  0.1542E+03
  14.830  0.2711E+01  0.2711E+01  0.1542E+03
  14.840  0.2747E+01  0.2747E+01  0.1543E+03
  14.850  0.2782E+01  0.2782E+01  0.1544E+03
  14.860  0.2815E+01  0.2815E+01  0.1544E+03
  14.870  0.2846E+01  0.2846E+01  0.1545E+03
  14.880  0.2875E+01  0.2875E+01  0.1545E+03
  14.890  0.2903E+01  0.2903E+01  0.1546E+03
  14.900  0.2928E+01  0.2928E+01  0.1546E+03
  14.910  0.2952E+01  0.2952E+01  0.1547E+03
  14.920  0.2974E+01  0.2974E+01  0.1548E+03
  14.930  0.2994E+01  0.2994E+01  0.1548E+03
  14.940  0.3012E+01  0.3012E+01  0.1549E+03
  14.950  0.3028E+01  0.3028E+01  0.1549E+03
  14.960  0.3042E+01  0.3042E+01  0.1550E+03
  14.970  0.3055E+01  0.3055E+01  0.1551E+03
  14.980  0.3065E+01  0.3065E+01  0.1551E+03
  14.990  0.3074E+01  0.3074E+01  0.1552E+03
  15.000  0.3082E+01  0.3082E+01  0.1552E+03
  15.010  0.3087E+01  0.3087E+01  0.1553E+03
  15.020  0.3091E+01  0.3091E+01  0.1554E+03
  15.030  0.3093E+01  0.3093E+01  0.1554E+03
  15.040  0.3094E+01  0.3094E+01  0.1555E+03
  15.050  0.3093E+01  0.3093E+01  0.1556E+03
  15.060  0.3091E+01  0.3091E+01  0.1556E+03
  15.070  0.3087E+01  0.3087E+01  0.1557E+03
  15.080  0.3082E+01  0.3082E+01  0.1557E+03
  15.090  0.3076E+01  0.3076E+01  0.1558E+03
  15.100  0.3069E+01  0.3069E+01  0.1559E+03
  15.110  0.3061E+01  0.3061E+01  0.1559E+03
  15.120  0.3052E+01  0.3052E+01  0.1560E+03
  15.130  0.3042E+01  0.3042E+01  0.1560E+03
  15.140  0.3032E+01  0.3032E+01  0.1561E+03
  15.150  0.3021E+01  0.3021E+01  0.1562E+03
  15.160  0.3009E+01  0.3009E+01  0.1562E+03
  15.170  0.2997E+01  0.2997E+01  0.1563E+03
  15.180  0.2985E+01  0.2985E+01  0.1563E+03
  15.190  0.2973E+01  0.2973E+01  0.1564E+03
  15.200  0.2961E+01  0.2961E+01  0.1565E+03
  15.210  0.2949E+01  0.2949E+01  0.1565E+03
  15.220  0.2937E+01  0.2937E+01  0.1566E+03
  15.230  0.2926E+01  0.2926E+01  0.1566E+03
  15.240  0.2915E+01  0.2915E+01  0.1567E+03
  15.250  0.2905E+01  0.2905E+01  0.1568E+03
  15.260  0.2896E+01  0.2896E+01  0.1568E+03
  15.270  0.2888E+01  0.2888E+01  0.1569E+03
  15.280  0.2881E+01  0.2881E+01  0.1569E+03
  15.290  0.2875E+01  0.2875E+01  0.1570E+03
  15.300  0.2871E+01  0.2871E+01  0.1570E+03
  15.310  0.2868E+01  0.2868E+01  0.1571E+03
  15.320  0.2866E+01  0.2866E+01  0.1572E+03
  15.330  0.2867E+01  0.2867E+01  0.1572E+03
  15.340  0.2869E+01  0.2869E+01  0.1573E+03
  15.350  0.2873E+01  0.2873E+01  0.1573E+03
  15.360  0.2879E+01  0.2878E+01  0.1574E+03
  15.370  0.2886E+01  0.2886E+01  0.1574E+03
  15.380  0.2896E+01  0.2896E+01  0.1575E+03
  15.390  0.2909E+01  0.2909E+01  0.1576E+03
  15.400  0.2923E+01  0.2923E+01  0.1576E+03
  15.410  0.2940E+01  0.2940E+01  0.1577E+03
  15.420  0.2958E+01  0.2958E+01  0.1577E+03
  15.430  0.2980E+01  0.2980E+01  0.1578E+03
  15.440  0.3003E+01  0.3003E+01  0.1579E+03
  15.450  0.3029E+01  0.3029E+01  0.1579E+03
  15.460  0.3057E+01  0.3057E+01  0.1580E+03
  15.470  0.3088E+01  0.3088E+01  0.1580E+03
  15.480  0.3121E+01  0.3121E+01  0.1581E+03
  15.490  0.3156E+01  0.3156E+01  0.1582E+03
  15.500  0.3194E+01  0.3194E+01  0.1582E+03
  15.510  0.3234E+01  0.3234E+01  0.1583E+03
  15.520  0.3276E+01  0.3276E+01  0.1584E+03
  15.530  0.3320E+01  0.3320E+01  0.1584E+03
  15.540  0.3367E+01  0.3367E+01  0.1585E+03
  15.550  0.3416E+01  0.3416E+01  0.1586E+03
  15.560  0.3467E+01  0.3467E+01  0.1586E+03
  15.570  0.3520E+01  0.3520E+01  0.1587E+03
  15.580  0.3576E+01  0.3576E+01  0.1588E+03
  15.590  0.3633E+01  0.3633E+01  0.1588E+03
  15.600  0.3693E+01  0.3693E+01  0.1589E+03
  15.610  0.3754E+01  0.3754E+01  0.1590E+03
  15.620  0.3818E+01  0.3818E+01  0.1591E+03
  15.630  0.3883E+01  0.3883E+01  0.1592E+03
  15.640  0.3950E+01  0.3950E+01  0.1592E+03
  15.650  0.4019E+01  0.4019E+01  0.1593E+03
  15.660  0.4090E+01  0.4090E+01  0.1594E+03
  15.670  0.4163E+01  0.4163E+01  0.1595E+03
  15.680  0.4237E+01  0.4237E+01  0.1596E+03
  15.690  0.4313E+01  0.4313E+01  0.1596E+03
  15.700  0.4390E+01  0.4390E+01  0.1597E+03
  15.710  0.4468E+01  0.4468E+01  0.1598E+03
  15.720  0.4548E+01  0.4548E+01  0.1599E+03
  15.730  0.4629E+01  0.4629E+01  0.1600E+03
  15.740  0.4712E+01  0.4712E+01  0.1601E+03
  15.750  0.4795E+01  0.4795E+01  0.1602E+03
  15.760  0.4879E+01  0.4879E+01  0.1603E+03
  15.770  0.4964E+01  0.4964E+01  0.1604E+03
  15.780  0.5049E+01  0.5049E+01  0.1605E+03
  15.790  0.5135E+01  0.5135E+01  0.1606E+03
  15.800  0.5221E+01  0.5221E+01  0.1607E+03
  15.810  0.5307E+01  0.5307E+01  0.1608E+03
  15.820  0.5393E+01  0.5393E+01  0.1609E+03
  15.830  0.5479E+01  0.5479E+01  0.1610E+03
  15.840  0.5565E+01  0.5565E+01  0.1611E+03
  15.850  0.5651E+01  0.5651E+01  0.1612E+03
  15.860  0.5735E+01  0.5735E+01  0.1614E+03
  15.870  0.5819E+01  0.5819E+01  0.1615E+03
  15.880  0.5903E+01  0.5903E+01  0.1616E+03
  15.890  0.5985E+01  0.5985E+01  0.1617E+03
  15.900  0.6066E+01  0.6066E+01  0.1618E+03
  15.910  0.6145E+01  0.6145E+01  0.1620E+03
  15.920  0.6223E+01  0.6223E+01  0.1621E+03
  15.930  0.6300E+01  0.6300E+01  0.1622E+03
  15.940  0.6375E+01  0.6375E+01  0.1623E+03
  15.950  0.6448E+01  0.6448E+01  0.1625E+03
  15.960  0.6519E+01  0.6519E+01  0.1626E+03
  15.970  0.6588E+01  0.6588E+01  0.1627E+03
  15.980  0.6656E+01  0.6656E+01  0.1629E+03
  15.990  0.6721E+01  0.6721E+01  0.1630E+03
  16.000  0.6784E+01  0.6784E+01  0.1631E+03
