#  E (eV)   dosup(E)     dosdw(E)   Int dos(E) EFermi =   11.065 eV
  -9.000  0.3853E-05  0.3855E-05  0.7708E-07
  -8.990  0.5001E-05  0.5004E-05  0.1771E-06
  -8.980  0.6476E-05  0.6480E-05  0.3067E-06
  -8.970  0.8364E-05  0.8369E-05  0.4740E-06
  -8.960  0.1077E-04  0.1078E-04  0.6896E-06
  -8.950  0.1384E-04  0.1385E-04  0.9665E-06
  -8.940  0.1774E-04  0.1775E-04  0.1321E-05
  -8.930  0.2268E-04  0.2269E-04  0.1775E-05
  -8.920  0.2892E-04  0.2894E-04  0.2354E-05
  -8.910  0.3678E-04  0.3680E-04  0.3090E-05
  -8.900  0.4666E-04  0.4669E-04  0.4023E-05
  -8.890  0.5904E-04  0.5908E-04  0.5204E-05
  -8.880  0.7452E-04  0.7456E-04  0.6695E-05
  -8.870  0.9381E-04  0.9386E-04  0.8572E-05
  -8.860  0.1178E-03  0.1179E-03  0.1093E-04
  -8.850  0.1475E-03  0.1476E-03  0.1388E-04
  -8.840  0.1843E-03  0.1844E-03  0.1757E-04
  -8.830  0.2297E-03  0.2298E-03  0.2216E-04
  -8.820  0.2855E-03  0.2856E-03  0.2787E-04
  -8.810  0.3540E-03  0.3541E-03  0.3495E-04
  -8.800  0.4377E-03  0.4380E-03  0.4371E-04
  -8.790  0.5399E-03  0.5402E-03  0.5451E-04
  -8.780  0.6643E-03  0.6647E-03  0.6780E-04
  -8.770  0.8153E-03  0.8157E-03  0.8411E-04
  -8.760  0.9981E-03  0.9986E-03  0.1041E-03
  -8.750  0.1219E-02  0.1219E-02  0.1285E-03
  -8.740  0.1484E-02  0.1485E-02  0.1582E-03
  -8.730  0.1803E-02  0.1804E-02  0.1942E-03
  -8.720  0.2185E-02  0.2186E-02  0.2380E-03
  -8.710  0.2642E-02  0.2643E-02  0.2908E-03
  -8.700  0.3185E-02  0.3187E-02  0.3545E-03
  -8.690  0.3831E-02  0.3832E-02  0.4311E-03
  -8.680  0.4595E-02  0.4597E-02  0.5231E-03
  -8.670  0.5499E-02  0.5501E-02  0.6331E-03
  -8.660  0.6563E-02  0.6566E-02  0.7644E-03
  -8.650  0.7814E-02  0.7817E-02  0.9207E-03
  -8.640  0.9279E-02  0.9283E-02  0.1106E-02
  -8.630  0.1099E-01  0.1100E-01  0.1326E-02
  -8.620  0.1299E-01  0.1299E-01  0.1586E-02
  -8.610  0.1531E-01  0.1531E-01  0.1892E-02
  -8.600  0.1800E-01  0.1800E-01  0.2252E-02
  -8.590  0.2110E-01  0.2111E-01  0.2674E-02
  -8.580  0.2468E-01  0.2469E-01  0.3168E-02
  -8.570  0.2880E-01  0.2881E-01  0.3744E-02
  -8.560  0.3352E-01  0.3353E-01  0.4415E-02
  -8.550  0.3891E-01  0.3893E-01  0.5193E-02
  -8.540  0.4506E-01  0.4507E-01  0.6094E-02
  -8.530  0.5204E-01  0.5206E-01  0.7135E-02
  -8.520  0.5996E-01  0.5998E-01  0.8335E-02
  -8.510  0.6891E-01  0.6893E-01  0.9713E-02
  -8.500  0.7899E-01  0.7902E-01  0.1129E-01
  -8.490  0.9032E-01  0.9035E-01  0.1310E-01
  -8.480  0.1030E+00  0.1030E+00  0.1516E-01
  -8.470  0.1172E+00  0.1172E+00  0.1750E-01
  -8.460  0.1330E+00  0.1330E+00  0.2016E-01
  -8.450  0.1505E+00  0.1506E+00  0.2318E-01
  -8.440  0.1700E+00  0.1700E+00  0.2658E-01
  -8.430  0.1914E+00  0.1915E+00  0.3040E-01
  -8.420  0.2150E+00  0.2151E+00  0.3471E-01
  -8.410  0.2409E+00  0.2410E+00  0.3952E-01
  -8.400  0.2693E+00  0.2694E+00  0.4491E-01
  -8.390  0.3002E+00  0.3003E+00  0.5092E-01
  -8.380  0.3338E+00  0.3339E+00  0.5759E-01
  -8.370  0.3703E+00  0.3704E+00  0.6500E-01
  -8.360  0.4097E+00  0.4098E+00  0.7319E-01
  -8.350  0.4521E+00  0.4522E+00  0.8224E-01
  -8.340  0.4976E+00  0.4977E+00  0.9219E-01
  -8.330  0.5464E+00  0.5465E+00  0.1031E+00
  -8.320  0.5984E+00  0.5985E+00  0.1151E+00
  -8.310  0.6536E+00  0.6538E+00  0.1282E+00
  -8.300  0.7122E+00  0.7123E+00  0.1424E+00
  -8.290  0.7740E+00  0.7742E+00  0.1579E+00
  -8.280  0.8390E+00  0.8392E+00  0.1747E+00
  -8.270  0.9072E+00  0.9074E+00  0.1928E+00
  -8.260  0.9784E+00  0.9786E+00  0.2124E+00
  -8.250  0.1053E+01  0.1053E+01  0.2334E+00
  -8.240  0.1129E+01  0.1130E+01  0.2560E+00
  -8.230  0.1209E+01  0.1209E+01  0.2802E+00
  -8.220  0.1290E+01  0.1290E+01  0.3060E+00
  -8.210  0.1374E+01  0.1374E+01  0.3335E+00
  -8.200  0.1459E+01  0.1459E+01  0.3627E+00
  -8.190  0.1546E+01  0.1546E+01  0.3936E+00
  -8.180  0.1633E+01  0.1633E+01  0.4263E+00
  -8.170  0.1721E+01  0.1721E+01  0.4607E+00
  -8.160  0.1809E+01  0.1810E+01  0.4969E+00
  -8.150  0.1897E+01  0.1897E+01  0.5348E+00
  -8.140  0.1984E+01  0.1984E+01  0.5745E+00
  -8.130  0.2070E+01  0.2070E+01  0.6159E+00
  -8.120  0.2154E+01  0.2154E+01  0.6590E+00
  -8.110  0.2236E+01  0.2236E+01  0.7037E+00
  -8.100  0.2315E+01  0.2315E+01  0.7500E+00
  -8.090  0.2390E+01  0.2390E+01  0.7978E+00
  -8.080  0.2462E+01  0.2462E+01  0.8470E+00
  -8.070  0.2530E+01  0.2530E+01  0.8976E+00
  -8.060  0.2594E+01  0.2594E+01  0.9495E+00
  -8.050  0.2652E+01  0.2652E+01  0.1003E+01
  -8.040  0.2705E+01  0.2705E+01  0.1057E+01
  -8.030  0.2753E+01  0.2753E+01  0.1112E+01
  -8.020  0.2795E+01  0.2795E+01  0.1168E+01
  -8.010  0.2830E+01  0.2830E+01  0.1224E+01
  -8.000  0.2860E+01  0.2860E+01  0.1281E+01
  -7.990  0.2883E+01  0.2883E+01  0.1339E+01
  -7.980  0.2900E+01  0.2900E+01  0.1397E+01
  -7.970  0.2911E+01  0.2911E+01  0.1455E+01
  -7.960  0.2916E+01  0.2916E+01  0.1514E+01
  -7.950  0.2915E+01  0.2915E+01  0.1572E+01
  -7.940  0.2908E+01  0.2908E+01  0.1630E+01
  -7.930  0.2896E+01  0.2896E+01  0.1688E+01
  -7.920  0.2879E+01  0.2879E+01  0.1746E+01
  -7.910  0.2857E+01  0.2856E+01  0.1803E+01
  -7.900  0.2830E+01  0.2830E+01  0.1859E+01
  -7.890  0.2800E+01  0.2800E+01  0.1915E+01
  -7.880  0.2766E+01  0.2766E+01  0.1971E+01
  -7.870  0.2730E+01  0.2730E+01  0.2025E+01
  -7.860  0.2692E+01  0.2692E+01  0.2079E+01
  -7.850  0.2652E+01  0.2652E+01  0.2132E+01
  -7.840  0.2611E+01  0.2610E+01  0.2184E+01
  -7.830  0.2569E+01  0.2569E+01  0.2236E+01
  -7.820  0.2527E+01  0.2527E+01  0.2286E+01
  -7.810  0.2486E+01  0.2486E+01  0.2336E+01
  -7.800  0.2447E+01  0.2446E+01  0.2385E+01
  -7.790  0.2408E+01  0.2408E+01  0.2433E+01
  -7.780  0.2373E+01  0.2373E+01  0.2481E+01
  -7.770  0.2339E+01  0.2339E+01  0.2527E+01
  -7.760  0.2309E+01  0.2309E+01  0.2574E+01
  -7.750  0.2283E+01  0.2283E+01  0.2619E+01
  -7.740  0.2260E+01  0.2260E+01  0.2664E+01
  -7.730  0.2242E+01  0.2242E+01  0.2709E+01
  -7.720  0.2228E+01  0.2227E+01  0.2754E+01
  -7.710  0.2218E+01  0.2218E+01  0.2798E+01
  -7.700  0.2214E+01  0.2214E+01  0.2842E+01
  -7.690  0.2214E+01  0.2214E+01  0.2887E+01
  -7.680  0.2220E+01  0.2220E+01  0.2931E+01
  -7.670  0.2232E+01  0.2232E+01  0.2976E+01
  -7.660  0.2248E+01  0.2248E+01  0.3021E+01
  -7.650  0.2270E+01  0.2270E+01  0.3066E+01
  -7.640  0.2298E+01  0.2298E+01  0.3112E+01
  -7.630  0.2331E+01  0.2331E+01  0.3159E+01
  -7.620  0.2370E+01  0.2370E+01  0.3206E+01
  -7.610  0.2414E+01  0.2414E+01  0.3254E+01
  -7.600  0.2464E+01  0.2464E+01  0.3304E+01
  -7.590  0.2519E+01  0.2519E+01  0.3354E+01
  -7.580  0.2579E+01  0.2579E+01  0.3406E+01
  -7.570  0.2645E+01  0.2645E+01  0.3458E+01
  -7.560  0.2715E+01  0.2716E+01  0.3513E+01
  -7.550  0.2791E+01  0.2791E+01  0.3569E+01
  -7.540  0.2872E+01  0.2872E+01  0.3626E+01
  -7.530  0.2958E+01  0.2958E+01  0.3685E+01
  -7.520  0.3048E+01  0.3048E+01  0.3746E+01
  -7.510  0.3143E+01  0.3143E+01  0.3809E+01
  -7.500  0.3243E+01  0.3243E+01  0.3874E+01
  -7.490  0.3346E+01  0.3346E+01  0.3941E+01
  -7.480  0.3454E+01  0.3454E+01  0.4010E+01
  -7.470  0.3565E+01  0.3566E+01  0.4081E+01
  -7.460  0.3680E+01  0.3681E+01  0.4155E+01
  -7.450  0.3799E+01  0.3799E+01  0.4231E+01
  -7.440  0.3920E+01  0.3921E+01  0.4309E+01
  -7.430  0.4044E+01  0.4045E+01  0.4390E+01
  -7.420  0.4171E+01  0.4171E+01  0.4474E+01
  -7.410  0.4300E+01  0.4300E+01  0.4560E+01
  -7.400  0.4430E+01  0.4430E+01  0.4648E+01
  -7.390  0.4561E+01  0.4562E+01  0.4739E+01
  -7.380  0.4694E+01  0.4694E+01  0.4833E+01
  -7.370  0.4827E+01  0.4827E+01  0.4930E+01
  -7.360  0.4959E+01  0.4960E+01  0.5029E+01
  -7.350  0.5092E+01  0.5092E+01  0.5131E+01
  -7.340  0.5223E+01  0.5223E+01  0.5235E+01
  -7.330  0.5353E+01  0.5353E+01  0.5342E+01
  -7.320  0.5480E+01  0.5481E+01  0.5452E+01
  -7.310  0.5606E+01  0.5606E+01  0.5564E+01
  -7.300  0.5728E+01  0.5729E+01  0.5679E+01
  -7.290  0.5848E+01  0.5848E+01  0.5796E+01
  -7.280  0.5963E+01  0.5963E+01  0.5915E+01
  -7.270  0.6074E+01  0.6074E+01  0.6036E+01
  -7.260  0.6181E+01  0.6181E+01  0.6160E+01
  -7.250  0.6282E+01  0.6282E+01  0.6286E+01
  -7.240  0.6378E+01  0.6378E+01  0.6413E+01
  -7.230  0.6468E+01  0.6469E+01  0.6543E+01
  -7.220  0.6553E+01  0.6553E+01  0.6674E+01
  -7.210  0.6631E+01  0.6631E+01  0.6806E+01
  -7.200  0.6702E+01  0.6702E+01  0.6940E+01
  -7.190  0.6766E+01  0.6766E+01  0.7076E+01
  -7.180  0.6823E+01  0.6823E+01  0.7212E+01
  -7.170  0.6873E+01  0.6873E+01  0.7349E+01
  -7.160  0.6916E+01  0.6916E+01  0.7488E+01
  -7.150  0.6951E+01  0.6951E+01  0.7627E+01
  -7.140  0.6978E+01  0.6978E+01  0.7766E+01
  -7.130  0.6998E+01  0.6998E+01  0.7906E+01
  -7.120  0.7009E+01  0.7009E+01  0.8047E+01
  -7.110  0.7013E+01  0.7013E+01  0.8187E+01
  -7.100  0.7009E+01  0.7009E+01  0.8327E+01
  -7.090  0.6996E+01  0.6996E+01  0.8467E+01
  -7.080  0.6976E+01  0.6976E+01  0.8606E+01
  -7.070  0.6947E+01  0.6947E+01  0.8745E+01
  -7.060  0.6910E+01  0.6910E+01  0.8884E+01
  -7.050  0.6865E+01  0.6865E+01  0.9021E+01
  -7.040  0.6812E+01  0.6812E+01  0.9157E+01
  -7.030  0.6751E+01  0.6751E+01  0.9292E+01
  -7.020  0.6681E+01  0.6681E+01  0.9426E+01
  -7.010  0.6603E+01  0.6603E+01  0.9558E+01
  -7.000  0.6517E+01  0.6517E+01  0.9688E+01
  -6.990  0.6423E+01  0.6423E+01  0.9817E+01
  -6.980  0.6321E+01  0.6321E+01  0.9943E+01
  -6.970  0.6211E+01  0.6211E+01  0.1007E+02
  -6.960  0.6093E+01  0.6093E+01  0.1019E+02
  -6.950  0.5968E+01  0.5968E+01  0.1031E+02
  -6.940  0.5835E+01  0.5835E+01  0.1043E+02
  -6.930  0.5695E+01  0.5694E+01  0.1054E+02
  -6.920  0.5547E+01  0.5547E+01  0.1065E+02
  -6.910  0.5393E+01  0.5393E+01  0.1076E+02
  -6.900  0.5232E+01  0.5232E+01  0.1086E+02
  -6.890  0.5065E+01  0.5065E+01  0.1096E+02
  -6.880  0.4893E+01  0.4892E+01  0.1106E+02
  -6.870  0.4715E+01  0.4714E+01  0.1116E+02
  -6.860  0.4532E+01  0.4531E+01  0.1125E+02
  -6.850  0.4344E+01  0.4344E+01  0.1133E+02
  -6.840  0.4153E+01  0.4153E+01  0.1142E+02
  -6.830  0.3959E+01  0.3958E+01  0.1150E+02
  -6.820  0.3762E+01  0.3761E+01  0.1157E+02
  -6.810  0.3563E+01  0.3562E+01  0.1164E+02
  -6.800  0.3363E+01  0.3362E+01  0.1171E+02
  -6.790  0.3162E+01  0.3161E+01  0.1177E+02
  -6.780  0.2961E+01  0.2960E+01  0.1183E+02
  -6.770  0.2761E+01  0.2760E+01  0.1189E+02
  -6.760  0.2562E+01  0.2561E+01  0.1194E+02
  -6.750  0.2365E+01  0.2365E+01  0.1199E+02
  -6.740  0.2172E+01  0.2171E+01  0.1203E+02
  -6.730  0.1981E+01  0.1981E+01  0.1207E+02
  -6.720  0.1796E+01  0.1795E+01  0.1210E+02
  -6.710  0.1614E+01  0.1614E+01  0.1214E+02
  -6.700  0.1439E+01  0.1438E+01  0.1217E+02
  -6.690  0.1269E+01  0.1268E+01  0.1219E+02
  -6.680  0.1105E+01  0.1105E+01  0.1221E+02
  -6.670  0.9489E+00  0.9484E+00  0.1223E+02
  -6.660  0.7997E+00  0.7993E+00  0.1225E+02
  -6.650  0.6582E+00  0.6577E+00  0.1226E+02
  -6.640  0.5246E+00  0.5242E+00  0.1227E+02
  -6.630  0.3992E+00  0.3987E+00  0.1228E+02
  -6.620  0.2820E+00  0.2816E+00  0.1229E+02
  -6.610  0.1734E+00  0.1730E+00  0.1229E+02
  -6.600  0.7315E-01  0.7280E-01  0.1229E+02
  -6.590 -0.1857E-01 -0.1890E-01  0.1229E+02
  -6.580 -0.1019E+00 -0.1022E+00  0.1229E+02
  -6.570 -0.1769E+00 -0.1772E+00  0.1228E+02
  -6.560 -0.2438E+00 -0.2441E+00  0.1228E+02
  -6.550 -0.3029E+00 -0.3031E+00  0.1227E+02
  -6.540 -0.3542E+00 -0.3544E+00  0.1227E+02
  -6.530 -0.3982E+00 -0.3984E+00  0.1226E+02
  -6.520 -0.4353E+00 -0.4354E+00  0.1225E+02
  -6.510 -0.4656E+00 -0.4658E+00  0.1224E+02
  -6.500 -0.4897E+00 -0.4898E+00  0.1223E+02
  -6.490 -0.5079E+00 -0.5080E+00  0.1222E+02
  -6.480 -0.5207E+00 -0.5207E+00  0.1221E+02
  -6.470 -0.5284E+00 -0.5284E+00  0.1220E+02
  -6.460 -0.5315E+00 -0.5315E+00  0.1219E+02
  -6.450 -0.5304E+00 -0.5304E+00  0.1218E+02
  -6.440 -0.5256E+00 -0.5256E+00  0.1217E+02
  -6.430 -0.5174E+00 -0.5174E+00  0.1216E+02
  -6.420 -0.5062E+00 -0.5062E+00  0.1215E+02
  -6.410 -0.4925E+00 -0.4925E+00  0.1214E+02
  -6.400 -0.4766E+00 -0.4766E+00  0.1213E+02
  -6.390 -0.4589E+00 -0.4588E+00  0.1212E+02
  -6.380 -0.4395E+00 -0.4395E+00  0.1211E+02
  -6.370 -0.4190E+00 -0.4189E+00  0.1210E+02
  -6.360 -0.3974E+00 -0.3974E+00  0.1209E+02
  -6.350 -0.3751E+00 -0.3751E+00  0.1209E+02
  -6.340 -0.3523E+00 -0.3522E+00  0.1208E+02
  -6.330 -0.3291E+00 -0.3290E+00  0.1207E+02
  -6.320 -0.3056E+00 -0.3056E+00  0.1207E+02
  -6.310 -0.2821E+00 -0.2820E+00  0.1206E+02
  -6.300 -0.2585E+00 -0.2585E+00  0.1206E+02
  -6.290 -0.2350E+00 -0.2350E+00  0.1205E+02
  -6.280 -0.2115E+00 -0.2115E+00  0.1205E+02
  -6.270 -0.1881E+00 -0.1881E+00  0.1204E+02
  -6.260 -0.1647E+00 -0.1647E+00  0.1204E+02
  -6.250 -0.1412E+00 -0.1412E+00  0.1204E+02
  -6.240 -0.1176E+00 -0.1176E+00  0.1203E+02
  -6.230 -0.9369E-01 -0.9366E-01  0.1203E+02
  -6.220 -0.6934E-01 -0.6932E-01  0.1203E+02
  -6.210 -0.4438E-01 -0.4436E-01  0.1203E+02
  -6.200 -0.1858E-01 -0.1856E-01  0.1203E+02
  -6.190  0.8294E-02  0.8303E-02  0.1203E+02
  -6.180  0.3650E-01  0.3650E-01  0.1203E+02
  -6.170  0.6634E-01  0.6633E-01  0.1203E+02
  -6.160  0.9812E-01  0.9811E-01  0.1203E+02
  -6.150  0.1322E+00  0.1322E+00  0.1204E+02
  -6.140  0.1690E+00  0.1689E+00  0.1204E+02
  -6.130  0.2088E+00  0.2087E+00  0.1204E+02
  -6.120  0.2521E+00  0.2520E+00  0.1205E+02
  -6.110  0.2993E+00  0.2992E+00  0.1206E+02
  -6.100  0.3509E+00  0.3508E+00  0.1206E+02
  -6.090  0.4074E+00  0.4073E+00  0.1207E+02
  -6.080  0.4693E+00  0.4692E+00  0.1208E+02
  -6.070  0.5370E+00  0.5369E+00  0.1209E+02
  -6.060  0.6112E+00  0.6110E+00  0.1210E+02
  -6.050  0.6923E+00  0.6922E+00  0.1212E+02
  -6.040  0.7809E+00  0.7807E+00  0.1213E+02
  -6.030  0.8775E+00  0.8774E+00  0.1215E+02
  -6.020  0.9827E+00  0.9826E+00  0.1217E+02
  -6.010  0.1097E+01  0.1097E+01  0.1219E+02
  -6.000  0.1221E+01  0.1221E+01  0.1222E+02
  -5.990  0.1355E+01  0.1355E+01  0.1224E+02
  -5.980  0.1499E+01  0.1499E+01  0.1227E+02
  -5.970  0.1655E+01  0.1655E+01  0.1231E+02
  -5.960  0.1822E+01  0.1822E+01  0.1234E+02
  -5.950  0.2000E+01  0.2000E+01  0.1238E+02
  -5.940  0.2191E+01  0.2191E+01  0.1243E+02
  -5.930  0.2394E+01  0.2393E+01  0.1247E+02
  -5.920  0.2609E+01  0.2608E+01  0.1253E+02
  -5.910  0.2836E+01  0.2835E+01  0.1258E+02
  -5.900  0.3075E+01  0.3075E+01  0.1264E+02
  -5.890  0.3327E+01  0.3327E+01  0.1271E+02
  -5.880  0.3591E+01  0.3591E+01  0.1278E+02
  -5.870  0.3866E+01  0.3866E+01  0.1286E+02
  -5.860  0.4153E+01  0.4152E+01  0.1294E+02
  -5.850  0.4450E+01  0.4449E+01  0.1303E+02
  -5.840  0.4757E+01  0.4756E+01  0.1313E+02
  -5.830  0.5073E+01  0.5072E+01  0.1323E+02
  -5.820  0.5397E+01  0.5397E+01  0.1334E+02
  -5.810  0.5729E+01  0.5728E+01  0.1345E+02
  -5.800  0.6067E+01  0.6066E+01  0.1357E+02
  -5.790  0.6409E+01  0.6409E+01  0.1370E+02
  -5.780  0.6755E+01  0.6755E+01  0.1384E+02
  -5.770  0.7104E+01  0.7103E+01  0.1398E+02
  -5.760  0.7453E+01  0.7452E+01  0.1413E+02
  -5.750  0.7801E+01  0.7801E+01  0.1428E+02
  -5.740  0.8147E+01  0.8146E+01  0.1445E+02
  -5.730  0.8488E+01  0.8488E+01  0.1462E+02
  -5.720  0.8824E+01  0.8824E+01  0.1479E+02
  -5.710  0.9153E+01  0.9152E+01  0.1498E+02
  -5.700  0.9472E+01  0.9472E+01  0.1516E+02
  -5.690  0.9780E+01  0.9780E+01  0.1536E+02
  -5.680  0.1008E+02  0.1008E+02  0.1556E+02
  -5.670  0.1036E+02  0.1036E+02  0.1577E+02
  -5.660  0.1062E+02  0.1062E+02  0.1598E+02
  -5.650  0.1087E+02  0.1087E+02  0.1620E+02
  -5.640  0.1110E+02  0.1110E+02  0.1642E+02
  -5.630  0.1131E+02  0.1131E+02  0.1665E+02
  -5.620  0.1150E+02  0.1150E+02  0.1688E+02
  -5.610  0.1167E+02  0.1167E+02  0.1711E+02
  -5.600  0.1182E+02  0.1182E+02  0.1735E+02
  -5.590  0.1194E+02  0.1194E+02  0.1759E+02
  -5.580  0.1204E+02  0.1204E+02  0.1783E+02
  -5.570  0.1211E+02  0.1211E+02  0.1807E+02
  -5.560  0.1216E+02  0.1216E+02  0.1831E+02
  -5.550  0.1218E+02  0.1218E+02  0.1856E+02
  -5.540  0.1218E+02  0.1218E+02  0.1880E+02
  -5.530  0.1215E+02  0.1215E+02  0.1904E+02
  -5.520  0.1209E+02  0.1209E+02  0.1928E+02
  -5.510  0.1201E+02  0.1201E+02  0.1952E+02
  -5.500  0.1191E+02  0.1191E+02  0.1976E+02
  -5.490  0.1178E+02  0.1178E+02  0.2000E+02
  -5.480  0.1163E+02  0.1163E+02  0.2023E+02
  -5.470  0.1146E+02  0.1146E+02  0.2046E+02
  -5.460  0.1126E+02  0.1126E+02  0.2068E+02
  -5.450  0.1105E+02  0.1105E+02  0.2091E+02
  -5.440  0.1081E+02  0.1081E+02  0.2112E+02
  -5.430  0.1056E+02  0.1056E+02  0.2133E+02
  -5.420  0.1028E+02  0.1028E+02  0.2154E+02
  -5.410  0.9995E+01  0.9996E+01  0.2174E+02
  -5.400  0.9692E+01  0.9692E+01  0.2193E+02
  -5.390  0.9375E+01  0.9375E+01  0.2212E+02
  -5.380  0.9045E+01  0.9046E+01  0.2230E+02
  -5.370  0.8704E+01  0.8705E+01  0.2247E+02
  -5.360  0.8354E+01  0.8354E+01  0.2264E+02
  -5.350  0.7995E+01  0.7995E+01  0.2280E+02
  -5.340  0.7629E+01  0.7630E+01  0.2295E+02
  -5.330  0.7258E+01  0.7258E+01  0.2310E+02
  -5.320  0.6882E+01  0.6883E+01  0.2324E+02
  -5.310  0.6504E+01  0.6504E+01  0.2337E+02
  -5.300  0.6124E+01  0.6125E+01  0.2349E+02
  -5.290  0.5744E+01  0.5745E+01  0.2360E+02
  -5.280  0.5366E+01  0.5367E+01  0.2371E+02
  -5.270  0.4991E+01  0.4991E+01  0.2381E+02
  -5.260  0.4619E+01  0.4620E+01  0.2390E+02
  -5.250  0.4253E+01  0.4253E+01  0.2399E+02
  -5.240  0.3893E+01  0.3894E+01  0.2407E+02
  -5.230  0.3541E+01  0.3542E+01  0.2414E+02
  -5.220  0.3198E+01  0.3199E+01  0.2420E+02
  -5.210  0.2865E+01  0.2865E+01  0.2426E+02
  -5.200  0.2543E+01  0.2543E+01  0.2431E+02
  -5.190  0.2232E+01  0.2232E+01  0.2435E+02
  -5.180  0.1934E+01  0.1934E+01  0.2439E+02
  -5.170  0.1649E+01  0.1649E+01  0.2443E+02
  -5.160  0.1379E+01  0.1379E+01  0.2445E+02
  -5.150  0.1122E+01  0.1122E+01  0.2448E+02
  -5.140  0.8810E+00  0.8812E+00  0.2449E+02
  -5.130  0.6550E+00  0.6552E+00  0.2451E+02
  -5.120  0.4446E+00  0.4447E+00  0.2452E+02
  -5.110  0.2498E+00  0.2499E+00  0.2452E+02
  -5.100  0.7078E-01  0.7087E-01  0.2452E+02
  -5.090 -0.9262E-01 -0.9254E-01  0.2452E+02
  -5.080 -0.2405E+00 -0.2405E+00  0.2452E+02
  -5.070 -0.3732E+00 -0.3732E+00  0.2451E+02
  -5.060 -0.4910E+00 -0.4910E+00  0.2450E+02
  -5.050 -0.5943E+00 -0.5943E+00  0.2449E+02
  -5.040 -0.6837E+00 -0.6837E+00  0.2447E+02
  -5.030 -0.7597E+00 -0.7596E+00  0.2446E+02
  -5.020 -0.8229E+00 -0.8229E+00  0.2444E+02
  -5.010 -0.8740E+00 -0.8740E+00  0.2442E+02
  -5.000 -0.9138E+00 -0.9138E+00  0.2441E+02
  -4.990 -0.9429E+00 -0.9429E+00  0.2439E+02
  -4.980 -0.9623E+00 -0.9623E+00  0.2437E+02
  -4.970 -0.9726E+00 -0.9726E+00  0.2435E+02
  -4.960 -0.9747E+00 -0.9747E+00  0.2433E+02
  -4.950 -0.9694E+00 -0.9694E+00  0.2431E+02
  -4.940 -0.9575E+00 -0.9575E+00  0.2429E+02
  -4.930 -0.9398E+00 -0.9398E+00  0.2427E+02
  -4.920 -0.9170E+00 -0.9170E+00  0.2425E+02
  -4.910 -0.8899E+00 -0.8899E+00  0.2424E+02
  -4.900 -0.8592E+00 -0.8592E+00  0.2422E+02
  -4.890 -0.8255E+00 -0.8255E+00  0.2420E+02
  -4.880 -0.7894E+00 -0.7895E+00  0.2419E+02
  -4.870 -0.7517E+00 -0.7517E+00  0.2417E+02
  -4.860 -0.7127E+00 -0.7127E+00  0.2416E+02
  -4.850 -0.6730E+00 -0.6730E+00  0.2414E+02
  -4.840 -0.6329E+00 -0.6330E+00  0.2413E+02
  -4.830 -0.5930E+00 -0.5931E+00  0.2412E+02
  -4.820 -0.5536E+00 -0.5536E+00  0.2411E+02
  -4.810 -0.5149E+00 -0.5149E+00  0.2410E+02
  -4.800 -0.4772E+00 -0.4772E+00  0.2409E+02
  -4.790 -0.4407E+00 -0.4407E+00  0.2408E+02
  -4.780 -0.4057E+00 -0.4057E+00  0.2407E+02
  -4.770 -0.3721E+00 -0.3722E+00  0.2406E+02
  -4.760 -0.3403E+00 -0.3403E+00  0.2406E+02
  -4.750 -0.3101E+00 -0.3102E+00  0.2405E+02
  -4.740 -0.2818E+00 -0.2818E+00  0.2404E+02
  -4.730 -0.2552E+00 -0.2552E+00  0.2404E+02
  -4.720 -0.2304E+00 -0.2304E+00  0.2403E+02
  -4.710 -0.2074E+00 -0.2074E+00  0.2403E+02
  -4.700 -0.1861E+00 -0.1861E+00  0.2403E+02
  -4.690 -0.1665E+00 -0.1665E+00  0.2402E+02
  -4.680 -0.1485E+00 -0.1485E+00  0.2402E+02
  -4.670 -0.1320E+00 -0.1321E+00  0.2402E+02
  -4.660 -0.1171E+00 -0.1171E+00  0.2402E+02
  -4.650 -0.1035E+00 -0.1035E+00  0.2401E+02
  -4.640 -0.9125E-01 -0.9126E-01  0.2401E+02
  -4.630 -0.8021E-01 -0.8022E-01  0.2401E+02
  -4.620 -0.7031E-01 -0.7031E-01  0.2401E+02
  -4.610 -0.6145E-01 -0.6145E-01  0.2401E+02
  -4.600 -0.5355E-01 -0.5356E-01  0.2401E+02
  -4.590 -0.4654E-01 -0.4655E-01  0.2401E+02
  -4.580 -0.4034E-01 -0.4034E-01  0.2400E+02
  -4.570 -0.3486E-01 -0.3486E-01  0.2400E+02
  -4.560 -0.3004E-01 -0.3005E-01  0.2400E+02
  -4.550 -0.2582E-01 -0.2582E-01  0.2400E+02
  -4.540 -0.2213E-01 -0.2213E-01  0.2400E+02
  -4.530 -0.1891E-01 -0.1891E-01  0.2400E+02
  -4.520 -0.1612E-01 -0.1612E-01  0.2400E+02
  -4.510 -0.1370E-01 -0.1370E-01  0.2400E+02
  -4.500 -0.1161E-01 -0.1162E-01  0.2400E+02
  -4.490 -0.9819E-02 -0.9820E-02  0.2400E+02
  -4.480 -0.8278E-02 -0.8279E-02  0.2400E+02
  -4.470 -0.6960E-02 -0.6961E-02  0.2400E+02
  -4.460 -0.5836E-02 -0.5837E-02  0.2400E+02
  -4.450 -0.4880E-02 -0.4881E-02  0.2400E+02
  -4.440 -0.4070E-02 -0.4071E-02  0.2400E+02
  -4.430 -0.3385E-02 -0.3386E-02  0.2400E+02
  -4.420 -0.2808E-02 -0.2808E-02  0.2400E+02
  -4.410 -0.2323E-02 -0.2323E-02  0.2400E+02
  -4.400 -0.1917E-02 -0.1917E-02  0.2400E+02
  -4.390 -0.1577E-02 -0.1577E-02  0.2400E+02
  -4.380 -0.1294E-02 -0.1294E-02  0.2400E+02
  -4.370 -0.1059E-02 -0.1059E-02  0.2400E+02
  -4.360 -0.8646E-03 -0.8647E-03  0.2400E+02
  -4.350 -0.7039E-03 -0.7040E-03  0.2400E+02
  -4.340 -0.5715E-03 -0.5716E-03  0.2400E+02
  -4.330 -0.4628E-03 -0.4628E-03  0.2400E+02
  -4.320 -0.3737E-03 -0.3738E-03  0.2400E+02
  -4.310 -0.3010E-03 -0.3011E-03  0.2400E+02
  -4.300 -0.2418E-03 -0.2418E-03  0.2400E+02
  -4.290 -0.1937E-03 -0.1938E-03  0.2400E+02
  -4.280 -0.1548E-03 -0.1548E-03  0.2400E+02
  -4.270 -0.1234E-03 -0.1234E-03  0.2400E+02
  -4.260 -0.9804E-04 -0.9806E-04  0.2400E+02
  -4.250 -0.7772E-04 -0.7773E-04  0.2400E+02
  -4.240 -0.6144E-04 -0.6145E-04  0.2400E+02
  -4.230 -0.4845E-04 -0.4846E-04  0.2400E+02
  -4.220 -0.3810E-04 -0.3811E-04  0.2400E+02
  -4.210 -0.2988E-04 -0.2989E-04  0.2400E+02
  -4.200 -0.2337E-04 -0.2338E-04  0.2400E+02
  -4.190 -0.1824E-04 -0.1824E-04  0.2400E+02
  -4.180 -0.1419E-04 -0.1419E-04  0.2400E+02
  -4.170 -0.1101E-04 -0.1101E-04  0.2400E+02
  -4.160 -0.8523E-05 -0.8524E-05  0.2400E+02
  -4.150 -0.6579E-05 -0.6580E-05  0.2400E+02
  -4.140 -0.5065E-05 -0.5066E-05  0.2400E+02
  -4.130 -0.3889E-05 -0.3890E-05  0.2400E+02
  -4.120 -0.2978E-05 -0.2979E-05  0.2400E+02
  -4.110 -0.2275E-05 -0.2275E-05  0.2400E+02
  -4.100 -0.1733E-05 -0.1733E-05  0.2400E+02
  -4.090 -0.1316E-05 -0.1317E-05  0.2400E+02
  -4.080 -0.9975E-06 -0.9977E-06  0.2400E+02
  -4.070 -0.7538E-06 -0.7540E-06  0.2400E+02
  -4.060 -0.5682E-06 -0.5683E-06  0.2400E+02
  -4.050 -0.4271E-06 -0.4272E-06  0.2400E+02
  -4.040 -0.3202E-06 -0.3203E-06  0.2400E+02
  -4.030 -0.2394E-06 -0.2395E-06  0.2400E+02
  -4.020 -0.1785E-06 -0.1786E-06  0.2400E+02
  -4.010 -0.1328E-06 -0.1328E-06  0.2400E+02
  -4.000 -0.9848E-07 -0.9850E-07  0.2400E+02
  -3.990 -0.7284E-07 -0.7286E-07  0.2400E+02
  -3.980 -0.5372E-07 -0.5373E-07  0.2400E+02
  -3.970 -0.3949E-07 -0.3950E-07  0.2400E+02
  -3.960 -0.2893E-07 -0.2893E-07  0.2400E+02
  -3.950 -0.2109E-07 -0.2109E-07  0.2400E+02
  -3.940 -0.1527E-07 -0.1528E-07  0.2400E+02
  -3.930 -0.1094E-07 -0.1095E-07  0.2400E+02
  -3.920 -0.7693E-08 -0.7696E-08  0.2400E+02
  -3.910 -0.5207E-08 -0.5209E-08  0.2400E+02
  -3.900 -0.3238E-08 -0.3240E-08  0.2400E+02
  -3.890 -0.1587E-08 -0.1589E-08  0.2400E+02
  -3.880 -0.7811E-10 -0.8036E-10  0.2400E+02
  -3.870  0.1452E-08  0.1449E-08  0.2400E+02
  -3.860  0.3173E-08  0.3169E-08  0.2400E+02
  -3.850  0.5276E-08  0.5271E-08  0.2400E+02
  -3.840  0.7996E-08  0.7990E-08  0.2400E+02
  -3.830  0.1163E-07  0.1162E-07  0.2400E+02
  -3.820  0.1657E-07  0.1656E-07  0.2400E+02
  -3.810  0.2335E-07  0.2333E-07  0.2400E+02
  -3.800  0.3267E-07  0.3264E-07  0.2400E+02
  -3.790  0.4548E-07  0.4544E-07  0.2400E+02
  -3.780  0.6307E-07  0.6302E-07  0.2400E+02
  -3.770  0.8718E-07  0.8712E-07  0.2400E+02
  -3.760  0.1201E-06  0.1201E-06  0.2400E+02
  -3.750  0.1651E-06  0.1650E-06  0.2400E+02
  -3.740  0.2262E-06  0.2261E-06  0.2400E+02
  -3.730  0.3092E-06  0.3089E-06  0.2400E+02
  -3.720  0.4213E-06  0.4210E-06  0.2400E+02
  -3.710  0.5725E-06  0.5721E-06  0.2400E+02
  -3.700  0.7759E-06  0.7754E-06  0.2400E+02
  -3.690  0.1049E-05  0.1048E-05  0.2400E+02
  -3.680  0.1413E-05  0.1412E-05  0.2400E+02
  -3.670  0.1900E-05  0.1898E-05  0.2400E+02
  -3.660  0.2546E-05  0.2545E-05  0.2400E+02
  -3.650  0.3404E-05  0.3402E-05  0.2400E+02
  -3.640  0.4537E-05  0.4534E-05  0.2400E+02
  -3.630  0.6032E-05  0.6028E-05  0.2400E+02
  -3.620  0.7997E-05  0.7991E-05  0.2400E+02
  -3.610  0.1057E-04  0.1057E-04  0.2400E+02
  -3.600  0.1394E-04  0.1393E-04  0.2400E+02
  -3.590  0.1833E-04  0.1832E-04  0.2400E+02
  -3.580  0.2403E-04  0.2401E-04  0.2400E+02
  -3.570  0.3142E-04  0.3140E-04  0.2400E+02
  -3.560  0.4097E-04  0.4095E-04  0.2400E+02
  -3.550  0.5328E-04  0.5324E-04  0.2400E+02
  -3.540  0.6909E-04  0.6905E-04  0.2400E+02
  -3.530  0.8934E-04  0.8929E-04  0.2400E+02
  -3.520  0.1152E-03  0.1152E-03  0.2400E+02
  -3.510  0.1482E-03  0.1481E-03  0.2400E+02
  -3.500  0.1900E-03  0.1899E-03  0.2400E+02
  -3.490  0.2431E-03  0.2429E-03  0.2400E+02
  -3.480  0.3100E-03  0.3098E-03  0.2400E+02
  -3.470  0.3943E-03  0.3941E-03  0.2400E+02
  -3.460  0.5001E-03  0.4998E-03  0.2400E+02
  -3.450  0.6326E-03  0.6322E-03  0.2400E+02
  -3.440  0.7979E-03  0.7975E-03  0.2400E+02
  -3.430  0.1004E-02  0.1003E-02  0.2400E+02
  -3.420  0.1259E-02  0.1258E-02  0.2400E+02
  -3.410  0.1575E-02  0.1574E-02  0.2400E+02
  -3.400  0.1964E-02  0.1963E-02  0.2400E+02
  -3.390  0.2444E-02  0.2442E-02  0.2400E+02
  -3.380  0.3031E-02  0.3030E-02  0.2400E+02
  -3.370  0.3750E-02  0.3748E-02  0.2400E+02
  -3.360  0.4626E-02  0.4624E-02  0.2400E+02
  -3.350  0.5691E-02  0.5688E-02  0.2400E+02
  -3.340  0.6981E-02  0.6978E-02  0.2400E+02
  -3.330  0.8540E-02  0.8536E-02  0.2400E+02
  -3.320  0.1042E-01  0.1041E-01  0.2400E+02
  -3.310  0.1267E-01  0.1267E-01  0.2400E+02
  -3.300  0.1537E-01  0.1537E-01  0.2400E+02
  -3.290  0.1860E-01  0.1859E-01  0.2400E+02
  -3.280  0.2244E-01  0.2243E-01  0.2400E+02
  -3.270  0.2699E-01  0.2698E-01  0.2400E+02
  -3.260  0.3237E-01  0.3236E-01  0.2400E+02
  -3.250  0.3873E-01  0.3871E-01  0.2400E+02
  -3.240  0.4620E-01  0.4618E-01  0.2401E+02
  -3.230  0.5495E-01  0.5493E-01  0.2401E+02
  -3.220  0.6518E-01  0.6516E-01  0.2401E+02
  -3.210  0.7710E-01  0.7707E-01  0.2401E+02
  -3.200  0.9094E-01  0.9090E-01  0.2401E+02
  -3.190  0.1070E+00  0.1069E+00  0.2401E+02
  -3.180  0.1254E+00  0.1254E+00  0.2402E+02
  -3.170  0.1467E+00  0.1467E+00  0.2402E+02
  -3.160  0.1711E+00  0.1710E+00  0.2402E+02
  -3.150  0.1990E+00  0.1989E+00  0.2403E+02
  -3.140  0.2308E+00  0.2307E+00  0.2403E+02
  -3.130  0.2668E+00  0.2668E+00  0.2404E+02
  -3.120  0.3077E+00  0.3076E+00  0.2404E+02
  -3.110  0.3538E+00  0.3537E+00  0.2405E+02
  -3.100  0.4057E+00  0.4055E+00  0.2406E+02
  -3.090  0.4638E+00  0.4636E+00  0.2407E+02
  -3.080  0.5287E+00  0.5286E+00  0.2408E+02
  -3.070  0.6011E+00  0.6009E+00  0.2409E+02
  -3.060  0.6813E+00  0.6811E+00  0.2410E+02
  -3.050  0.7701E+00  0.7699E+00  0.2412E+02
  -3.040  0.8680E+00  0.8677E+00  0.2414E+02
  -3.030  0.9755E+00  0.9752E+00  0.2416E+02
  -3.020  0.1093E+01  0.1093E+01  0.2418E+02
  -3.010  0.1221E+01  0.1221E+01  0.2420E+02
  -3.000  0.1361E+01  0.1361E+01  0.2423E+02
  -2.990  0.1512E+01  0.1512E+01  0.2426E+02
  -2.980  0.1675E+01  0.1675E+01  0.2429E+02
  -2.970  0.1850E+01  0.1850E+01  0.2433E+02
  -2.960  0.2038E+01  0.2037E+01  0.2437E+02
  -2.950  0.2238E+01  0.2238E+01  0.2441E+02
  -2.940  0.2451E+01  0.2450E+01  0.2446E+02
  -2.930  0.2676E+01  0.2676E+01  0.2452E+02
  -2.920  0.2913E+01  0.2913E+01  0.2458E+02
  -2.910  0.3163E+01  0.3162E+01  0.2464E+02
  -2.900  0.3423E+01  0.3423E+01  0.2471E+02
  -2.890  0.3695E+01  0.3694E+01  0.2478E+02
  -2.880  0.3976E+01  0.3975E+01  0.2486E+02
  -2.870  0.4266E+01  0.4265E+01  0.2495E+02
  -2.860  0.4564E+01  0.4563E+01  0.2504E+02
  -2.850  0.4869E+01  0.4868E+01  0.2513E+02
  -2.840  0.5178E+01  0.5178E+01  0.2524E+02
  -2.830  0.5492E+01  0.5491E+01  0.2535E+02
  -2.820  0.5807E+01  0.5806E+01  0.2546E+02
  -2.810  0.6122E+01  0.6121E+01  0.2559E+02
  -2.800  0.6436E+01  0.6435E+01  0.2572E+02
  -2.790  0.6746E+01  0.6745E+01  0.2585E+02
  -2.780  0.7050E+01  0.7049E+01  0.2599E+02
  -2.770  0.7346E+01  0.7345E+01  0.2614E+02
  -2.760  0.7633E+01  0.7632E+01  0.2629E+02
  -2.750  0.7907E+01  0.7907E+01  0.2645E+02
  -2.740  0.8168E+01  0.8167E+01  0.2661E+02
  -2.730  0.8413E+01  0.8412E+01  0.2678E+02
  -2.720  0.8640E+01  0.8639E+01  0.2695E+02
  -2.710  0.8847E+01  0.8847E+01  0.2713E+02
  -2.700  0.9034E+01  0.9034E+01  0.2731E+02
  -2.690  0.9198E+01  0.9198E+01  0.2749E+02
  -2.680  0.9339E+01  0.9339E+01  0.2768E+02
  -2.670  0.9455E+01  0.9455E+01  0.2787E+02
  -2.660  0.9546E+01  0.9546E+01  0.2806E+02
  -2.650  0.9611E+01  0.9611E+01  0.2825E+02
  -2.640  0.9650E+01  0.9650E+01  0.2845E+02
  -2.630  0.9663E+01  0.9663E+01  0.2864E+02
  -2.620  0.9651E+01  0.9651E+01  0.2883E+02
  -2.610  0.9613E+01  0.9613E+01  0.2903E+02
  -2.600  0.9550E+01  0.9551E+01  0.2922E+02
  -2.590  0.9465E+01  0.9465E+01  0.2941E+02
  -2.580  0.9357E+01  0.9357E+01  0.2959E+02
  -2.570  0.9228E+01  0.9229E+01  0.2978E+02
  -2.560  0.9080E+01  0.9081E+01  0.2996E+02
  -2.550  0.8915E+01  0.8915E+01  0.3014E+02
  -2.540  0.8734E+01  0.8735E+01  0.3031E+02
  -2.530  0.8539E+01  0.8540E+01  0.3048E+02
  -2.520  0.8333E+01  0.8334E+01  0.3065E+02
  -2.510  0.8117E+01  0.8118E+01  0.3081E+02
  -2.500  0.7894E+01  0.7895E+01  0.3097E+02
  -2.490  0.7665E+01  0.7665E+01  0.3112E+02
  -2.480  0.7432E+01  0.7433E+01  0.3127E+02
  -2.470  0.7197E+01  0.7198E+01  0.3142E+02
  -2.460  0.6962E+01  0.6963E+01  0.3156E+02
  -2.450  0.6728E+01  0.6729E+01  0.3169E+02
  -2.440  0.6497E+01  0.6497E+01  0.3182E+02
  -2.430  0.6269E+01  0.6270E+01  0.3194E+02
  -2.420  0.6047E+01  0.6047E+01  0.3207E+02
  -2.410  0.5830E+01  0.5830E+01  0.3218E+02
  -2.400  0.5619E+01  0.5620E+01  0.3229E+02
  -2.390  0.5415E+01  0.5416E+01  0.3240E+02
  -2.380  0.5219E+01  0.5219E+01  0.3251E+02
  -2.370  0.5029E+01  0.5030E+01  0.3261E+02
  -2.360  0.4846E+01  0.4847E+01  0.3271E+02
  -2.350  0.4671E+01  0.4671E+01  0.3280E+02
  -2.340  0.4501E+01  0.4502E+01  0.3289E+02
  -2.330  0.4338E+01  0.4338E+01  0.3298E+02
  -2.320  0.4180E+01  0.4181E+01  0.3306E+02
  -2.310  0.4027E+01  0.4028E+01  0.3314E+02
  -2.300  0.3879E+01  0.3879E+01  0.3322E+02
  -2.290  0.3734E+01  0.3734E+01  0.3329E+02
  -2.280  0.3592E+01  0.3592E+01  0.3336E+02
  -2.270  0.3452E+01  0.3452E+01  0.3343E+02
  -2.260  0.3313E+01  0.3314E+01  0.3350E+02
  -2.250  0.3176E+01  0.3176E+01  0.3356E+02
  -2.240  0.3039E+01  0.3039E+01  0.3362E+02
  -2.230  0.2903E+01  0.2903E+01  0.3368E+02
  -2.220  0.2766E+01  0.2766E+01  0.3374E+02
  -2.210  0.2628E+01  0.2628E+01  0.3379E+02
  -2.200  0.2490E+01  0.2490E+01  0.3384E+02
  -2.190  0.2351E+01  0.2351E+01  0.3389E+02
  -2.180  0.2212E+01  0.2212E+01  0.3393E+02
  -2.170  0.2072E+01  0.2072E+01  0.3397E+02
  -2.160  0.1931E+01  0.1931E+01  0.3401E+02
  -2.150  0.1791E+01  0.1791E+01  0.3405E+02
  -2.140  0.1650E+01  0.1651E+01  0.3408E+02
  -2.130  0.1511E+01  0.1511E+01  0.3411E+02
  -2.120  0.1373E+01  0.1373E+01  0.3414E+02
  -2.110  0.1236E+01  0.1236E+01  0.3416E+02
  -2.100  0.1101E+01  0.1102E+01  0.3418E+02
  -2.090  0.9698E+00  0.9699E+00  0.3420E+02
  -2.080  0.8415E+00  0.8416E+00  0.3422E+02
  -2.070  0.7170E+00  0.7171E+00  0.3423E+02
  -2.060  0.5969E+00  0.5970E+00  0.3425E+02
  -2.050  0.4816E+00  0.4817E+00  0.3426E+02
  -2.040  0.3717E+00  0.3718E+00  0.3426E+02
  -2.030  0.2675E+00  0.2676E+00  0.3427E+02
  -2.020  0.1694E+00  0.1695E+00  0.3427E+02
  -2.010  0.7774E-01  0.7783E-01  0.3427E+02
  -2.000 -0.7342E-02 -0.7261E-02  0.3427E+02
  -1.990 -0.8563E-01 -0.8555E-01  0.3427E+02
  -1.980 -0.1570E+00 -0.1569E+00  0.3427E+02
  -1.970 -0.2214E+00 -0.2214E+00  0.3426E+02
  -1.960 -0.2789E+00 -0.2788E+00  0.3426E+02
  -1.950 -0.3295E+00 -0.3295E+00  0.3425E+02
  -1.940 -0.3734E+00 -0.3733E+00  0.3424E+02
  -1.930 -0.4107E+00 -0.4107E+00  0.3424E+02
  -1.920 -0.4417E+00 -0.4417E+00  0.3423E+02
  -1.910 -0.4667E+00 -0.4667E+00  0.3422E+02
  -1.900 -0.4859E+00 -0.4859E+00  0.3421E+02
  -1.890 -0.4998E+00 -0.4998E+00  0.3420E+02
  -1.880 -0.5086E+00 -0.5086E+00  0.3419E+02
  -1.870 -0.5128E+00 -0.5128E+00  0.3418E+02
  -1.860 -0.5127E+00 -0.5128E+00  0.3417E+02
  -1.850 -0.5089E+00 -0.5089E+00  0.3416E+02
  -1.840 -0.5016E+00 -0.5016E+00  0.3415E+02
  -1.830 -0.4913E+00 -0.4913E+00  0.3414E+02
  -1.820 -0.4784E+00 -0.4785E+00  0.3413E+02
  -1.810 -0.4633E+00 -0.4633E+00  0.3412E+02
  -1.800 -0.4463E+00 -0.4464E+00  0.3411E+02
  -1.790 -0.4279E+00 -0.4279E+00  0.3410E+02
  -1.780 -0.4083E+00 -0.4083E+00  0.3409E+02
  -1.770 -0.3878E+00 -0.3878E+00  0.3409E+02
  -1.760 -0.3667E+00 -0.3668E+00  0.3408E+02
  -1.750 -0.3454E+00 -0.3454E+00  0.3407E+02
  -1.740 -0.3240E+00 -0.3240E+00  0.3406E+02
  -1.730 -0.3027E+00 -0.3027E+00  0.3406E+02
  -1.720 -0.2817E+00 -0.2817E+00  0.3405E+02
  -1.710 -0.2612E+00 -0.2612E+00  0.3405E+02
  -1.700 -0.2413E+00 -0.2413E+00  0.3404E+02
  -1.690 -0.2221E+00 -0.2221E+00  0.3404E+02
  -1.680 -0.2038E+00 -0.2038E+00  0.3403E+02
  -1.670 -0.1863E+00 -0.1863E+00  0.3403E+02
  -1.660 -0.1697E+00 -0.1697E+00  0.3403E+02
  -1.650 -0.1541E+00 -0.1541E+00  0.3402E+02
  -1.640 -0.1394E+00 -0.1395E+00  0.3402E+02
  -1.630 -0.1258E+00 -0.1258E+00  0.3402E+02
  -1.620 -0.1131E+00 -0.1131E+00  0.3402E+02
  -1.610 -0.1014E+00 -0.1014E+00  0.3401E+02
  -1.600 -0.9057E-01 -0.9058E-01  0.3401E+02
  -1.590 -0.8067E-01 -0.8068E-01  0.3401E+02
  -1.580 -0.7163E-01 -0.7164E-01  0.3401E+02
  -1.570 -0.6341E-01 -0.6342E-01  0.3401E+02
  -1.560 -0.5596E-01 -0.5597E-01  0.3401E+02
  -1.550 -0.4923E-01 -0.4924E-01  0.3401E+02
  -1.540 -0.4319E-01 -0.4320E-01  0.3401E+02
  -1.530 -0.3777E-01 -0.3778E-01  0.3400E+02
  -1.520 -0.3294E-01 -0.3294E-01  0.3400E+02
  -1.510 -0.2864E-01 -0.2864E-01  0.3400E+02
  -1.500 -0.2483E-01 -0.2483E-01  0.3400E+02
  -1.490 -0.2146E-01 -0.2146E-01  0.3400E+02
  -1.480 -0.1849E-01 -0.1850E-01  0.3400E+02
  -1.470 -0.1589E-01 -0.1590E-01  0.3400E+02
  -1.460 -0.1362E-01 -0.1362E-01  0.3400E+02
  -1.450 -0.1164E-01 -0.1164E-01  0.3400E+02
  -1.440 -0.9914E-02 -0.9916E-02  0.3400E+02
  -1.430 -0.8422E-02 -0.8424E-02  0.3400E+02
  -1.420 -0.7135E-02 -0.7136E-02  0.3400E+02
  -1.410 -0.6027E-02 -0.6028E-02  0.3400E+02
  -1.400 -0.5077E-02 -0.5078E-02  0.3400E+02
  -1.390 -0.4264E-02 -0.4265E-02  0.3400E+02
  -1.380 -0.3572E-02 -0.3573E-02  0.3400E+02
  -1.370 -0.2983E-02 -0.2984E-02  0.3400E+02
  -1.360 -0.2485E-02 -0.2485E-02  0.3400E+02
  -1.350 -0.2064E-02 -0.2064E-02  0.3400E+02
  -1.340 -0.1710E-02 -0.1710E-02  0.3400E+02
  -1.330 -0.1412E-02 -0.1412E-02  0.3400E+02
  -1.320 -0.1163E-02 -0.1163E-02  0.3400E+02
  -1.310 -0.9553E-03 -0.9555E-03  0.3400E+02
  -1.300 -0.7825E-03 -0.7827E-03  0.3400E+02
  -1.290 -0.6392E-03 -0.6394E-03  0.3400E+02
  -1.280 -0.5207E-03 -0.5208E-03  0.3400E+02
  -1.270 -0.4230E-03 -0.4231E-03  0.3400E+02
  -1.260 -0.3427E-03 -0.3428E-03  0.3400E+02
  -1.250 -0.2768E-03 -0.2769E-03  0.3400E+02
  -1.240 -0.2230E-03 -0.2231E-03  0.3400E+02
  -1.230 -0.1792E-03 -0.1793E-03  0.3400E+02
  -1.220 -0.1436E-03 -0.1436E-03  0.3400E+02
  -1.210 -0.1147E-03 -0.1148E-03  0.3400E+02
  -1.200 -0.9143E-04 -0.9145E-04  0.3400E+02
  -1.190 -0.7266E-04 -0.7268E-04  0.3400E+02
  -1.180 -0.5758E-04 -0.5760E-04  0.3400E+02
  -1.170 -0.4551E-04 -0.4552E-04  0.3400E+02
  -1.160 -0.3587E-04 -0.3588E-04  0.3400E+02
  -1.150 -0.2820E-04 -0.2821E-04  0.3400E+02
  -1.140 -0.2210E-04 -0.2211E-04  0.3400E+02
  -1.130 -0.1728E-04 -0.1729E-04  0.3400E+02
  -1.120 -0.1347E-04 -0.1348E-04  0.3400E+02
  -1.110 -0.1048E-04 -0.1048E-04  0.3400E+02
  -1.100 -0.8123E-05 -0.8125E-05  0.3400E+02
  -1.090 -0.6281E-05 -0.6284E-05  0.3400E+02
  -1.080 -0.4844E-05 -0.4846E-05  0.3400E+02
  -1.070 -0.3726E-05 -0.3727E-05  0.3400E+02
  -1.060 -0.2858E-05 -0.2859E-05  0.3400E+02
  -1.050 -0.2186E-05 -0.2187E-05  0.3400E+02
  -1.040 -0.1668E-05 -0.1668E-05  0.3400E+02
  -1.030 -0.1269E-05 -0.1269E-05  0.3400E+02
  -1.020 -0.9628E-06 -0.9631E-06  0.3400E+02
  -1.010 -0.7285E-06 -0.7288E-06  0.3400E+02
  -1.000 -0.5498E-06 -0.5500E-06  0.3400E+02
  -0.990 -0.4138E-06 -0.4139E-06  0.3400E+02
  -0.980 -0.3106E-06 -0.3107E-06  0.3400E+02
  -0.970 -0.2325E-06 -0.2326E-06  0.3400E+02
  -0.960 -0.1736E-06 -0.1736E-06  0.3400E+02
  -0.950 -0.1292E-06 -0.1293E-06  0.3400E+02
  -0.940 -0.9594E-07 -0.9598E-07  0.3400E+02
  -0.930 -0.7104E-07 -0.7107E-07  0.3400E+02
  -0.920 -0.5247E-07 -0.5249E-07  0.3400E+02
  -0.910 -0.3864E-07 -0.3866E-07  0.3400E+02
  -0.900 -0.2838E-07 -0.2839E-07  0.3400E+02
  -0.890 -0.2079E-07 -0.2080E-07  0.3400E+02
  -0.880 -0.1519E-07 -0.1520E-07  0.3400E+02
  -0.870 -0.1107E-07 -0.1107E-07  0.3400E+02
  -0.860 -0.8041E-08 -0.8045E-08  0.3400E+02
  -0.850 -0.5827E-08 -0.5830E-08  0.3400E+02
  -0.840 -0.4211E-08 -0.4213E-08  0.3400E+02
  -0.830 -0.3036E-08 -0.3037E-08  0.3400E+02
  -0.820 -0.2182E-08 -0.2183E-08  0.3400E+02
  -0.810 -0.1564E-08 -0.1565E-08  0.3400E+02
  -0.800 -0.1118E-08 -0.1119E-08  0.3400E+02
  -0.790 -0.7974E-09 -0.7978E-09  0.3400E+02
  -0.780 -0.5671E-09 -0.5673E-09  0.3400E+02
  -0.770 -0.4022E-09 -0.4023E-09  0.3400E+02
  -0.760 -0.2844E-09 -0.2846E-09  0.3400E+02
  -0.750 -0.2006E-09 -0.2007E-09  0.3400E+02
  -0.740 -0.1411E-09 -0.1412E-09  0.3400E+02
  -0.730 -0.9903E-10 -0.9907E-10  0.3400E+02
  -0.720 -0.6929E-10 -0.6932E-10  0.3400E+02
  -0.710 -0.4835E-10 -0.4837E-10  0.3400E+02
  -0.700 -0.3365E-10 -0.3367E-10  0.3400E+02
  -0.690 -0.2336E-10 -0.2337E-10  0.3400E+02
  -0.680 -0.1617E-10 -0.1617E-10  0.3400E+02
  -0.670 -0.1116E-10 -0.1117E-10  0.3400E+02
  -0.660 -0.7684E-11 -0.7688E-11  0.3400E+02
  -0.650 -0.5276E-11 -0.5279E-11  0.3400E+02
  -0.640 -0.3613E-11 -0.3615E-11  0.3400E+02
  -0.630 -0.2467E-11 -0.2469E-11  0.3400E+02
  -0.620 -0.1681E-11 -0.1681E-11  0.3400E+02
  -0.610 -0.1142E-11 -0.1142E-11  0.3400E+02
  -0.600 -0.7734E-12 -0.7738E-12  0.3400E+02
  -0.590 -0.5225E-12 -0.5228E-12  0.3400E+02
  -0.580 -0.3521E-12 -0.3523E-12  0.3400E+02
  -0.570 -0.2366E-12 -0.2367E-12  0.3400E+02
  -0.560 -0.1586E-12 -0.1586E-12  0.3400E+02
  -0.550 -0.1060E-12 -0.1060E-12  0.3400E+02
  -0.540 -0.7065E-13 -0.7069E-13  0.3400E+02
  -0.530 -0.4697E-13 -0.4699E-13  0.3400E+02
  -0.520 -0.3114E-13 -0.3116E-13  0.3400E+02
  -0.510 -0.2059E-13 -0.2060E-13  0.3400E+02
  -0.500 -0.1358E-13 -0.1359E-13  0.3400E+02
  -0.490 -0.8931E-14 -0.8935E-14  0.3400E+02
  -0.480 -0.5858E-14 -0.5861E-14  0.3400E+02
  -0.470 -0.3832E-14 -0.3834E-14  0.3400E+02
  -0.460 -0.2500E-14 -0.2501E-14  0.3400E+02
  -0.450 -0.1627E-14 -0.1627E-14  0.3400E+02
  -0.440 -0.1055E-14 -0.1056E-14  0.3400E+02
  -0.430 -0.6830E-15 -0.6834E-15  0.3400E+02
  -0.420 -0.4408E-15 -0.4411E-15  0.3400E+02
  -0.410 -0.2838E-15 -0.2839E-15  0.3400E+02
  -0.400 -0.1822E-15 -0.1823E-15  0.3400E+02
  -0.390 -0.1166E-15 -0.1167E-15  0.3400E+02
  -0.380 -0.7446E-16 -0.7451E-16  0.3400E+02
  -0.370 -0.4742E-16 -0.4744E-16  0.3400E+02
  -0.360 -0.3011E-16 -0.3013E-16  0.3400E+02
  -0.350 -0.1907E-16 -0.1908E-16  0.3400E+02
  -0.340 -0.1205E-16 -0.1205E-16  0.3400E+02
  -0.330 -0.7590E-17 -0.7594E-17  0.3400E+02
  -0.320 -0.4768E-17 -0.4771E-17  0.3400E+02
  -0.310 -0.2988E-17 -0.2990E-17  0.3400E+02
  -0.300 -0.1867E-17 -0.1868E-17  0.3400E+02
  -0.290 -0.1164E-17 -0.1164E-17  0.3400E+02
  -0.280 -0.7232E-18 -0.7237E-18  0.3400E+02
  -0.270 -0.4483E-18 -0.4486E-18  0.3400E+02
  -0.260 -0.2772E-18 -0.2773E-18  0.3400E+02
  -0.250 -0.1709E-18 -0.1710E-18  0.3400E+02
  -0.240 -0.1051E-18 -0.1051E-18  0.3400E+02
  -0.230 -0.6444E-19 -0.6448E-19  0.3400E+02
  -0.220 -0.3941E-19 -0.3943E-19  0.3400E+02
  -0.210 -0.2404E-19 -0.2405E-19  0.3400E+02
  -0.200 -0.1462E-19 -0.1463E-19  0.3400E+02
  -0.190 -0.8871E-20 -0.8876E-20  0.3400E+02
  -0.180 -0.5367E-20 -0.5371E-20  0.3400E+02
  -0.170 -0.3239E-20 -0.3241E-20  0.3400E+02
  -0.160 -0.1949E-20 -0.1950E-20  0.3400E+02
  -0.150 -0.1170E-20 -0.1171E-20  0.3400E+02
  -0.140 -0.7002E-21 -0.7006E-21  0.3400E+02
  -0.130 -0.4180E-21 -0.4183E-21  0.3400E+02
  -0.120 -0.2488E-21 -0.2490E-21  0.3400E+02
  -0.110 -0.1478E-21 -0.1479E-21  0.3400E+02
  -0.100 -0.8749E-22 -0.8755E-22  0.3400E+02
  -0.090 -0.5167E-22 -0.5170E-22  0.3400E+02
  -0.080 -0.3043E-22 -0.3045E-22  0.3400E+02
  -0.070 -0.1788E-22 -0.1789E-22  0.3400E+02
  -0.060 -0.1047E-22 -0.1048E-22  0.3400E+02
  -0.050 -0.6118E-23 -0.6122E-23  0.3400E+02
  -0.040 -0.3565E-23 -0.3567E-23  0.3400E+02
  -0.030 -0.2072E-23 -0.2073E-23  0.3400E+02
  -0.020 -0.1201E-23 -0.1201E-23  0.3400E+02
  -0.010 -0.6939E-24 -0.6944E-24  0.3400E+02
  -0.000 -0.4000E-24 -0.4003E-24  0.3400E+02
   0.010 -0.2299E-24 -0.2301E-24  0.3400E+02
   0.020 -0.1318E-24 -0.1319E-24  0.3400E+02
   0.030 -0.7538E-25 -0.7544E-25  0.3400E+02
   0.040 -0.4299E-25 -0.4302E-25  0.3400E+02
   0.050 -0.2445E-25 -0.2447E-25  0.3400E+02
   0.060 -0.1387E-25 -0.1388E-25  0.3400E+02
   0.070 -0.7844E-26 -0.7850E-26  0.3400E+02
   0.080 -0.4425E-26 -0.4428E-26  0.3400E+02
   0.090 -0.2490E-26 -0.2492E-26  0.3400E+02
   0.100 -0.1397E-26 -0.1398E-26  0.3400E+02
   0.110 -0.7818E-27 -0.7824E-27  0.3400E+02
   0.120 -0.4363E-27 -0.4366E-27  0.3400E+02
   0.130 -0.2429E-27 -0.2430E-27  0.3400E+02
   0.140 -0.1348E-27 -0.1349E-27  0.3400E+02
   0.150 -0.7463E-28 -0.7469E-28  0.3400E+02
   0.160 -0.4121E-28 -0.4124E-28  0.3400E+02
   0.170 -0.2269E-28 -0.2271E-28  0.3400E+02
   0.180 -0.1246E-28 -0.1247E-28  0.3400E+02
   0.190 -0.6825E-29 -0.6830E-29  0.3400E+02
   0.200 -0.3728E-29 -0.3730E-29  0.3400E+02
   0.210 -0.2031E-29 -0.2032E-29  0.3400E+02
   0.220 -0.1103E-29 -0.1104E-29  0.3400E+02
   0.230 -0.5977E-30 -0.5982E-30  0.3400E+02
   0.240 -0.3230E-30 -0.3232E-30  0.3400E+02
   0.250 -0.1741E-30 -0.1742E-30  0.3400E+02
   0.260 -0.9355E-31 -0.9362E-31  0.3400E+02
   0.270 -0.5014E-31 -0.5018E-31  0.3400E+02
   0.280 -0.2680E-31 -0.2683E-31  0.3400E+02
   0.290 -0.1429E-31 -0.1430E-31  0.3400E+02
   0.300 -0.7598E-32 -0.7604E-32  0.3400E+02
   0.310 -0.4029E-32 -0.4032E-32  0.3400E+02
   0.320 -0.2131E-32 -0.2132E-32  0.3400E+02
   0.330 -0.1124E-32 -0.1125E-32  0.3400E+02
   0.340 -0.5911E-33 -0.5916E-33  0.3400E+02
   0.350 -0.3101E-33 -0.3103E-33  0.3400E+02
   0.360 -0.1622E-33 -0.1624E-33  0.3400E+02
   0.370 -0.8464E-34 -0.8471E-34  0.3400E+02
   0.380 -0.4404E-34 -0.4408E-34  0.3400E+02
   0.390 -0.2286E-34 -0.2288E-34  0.3400E+02
   0.400 -0.1183E-34 -0.1184E-34  0.3400E+02
   0.410 -0.6106E-35 -0.6111E-35  0.3400E+02
   0.420 -0.3143E-35 -0.3146E-35  0.3400E+02
   0.430 -0.1614E-35 -0.1615E-35  0.3400E+02
   0.440 -0.8263E-36 -0.8270E-36  0.3400E+02
   0.450 -0.4219E-36 -0.4223E-36  0.3400E+02
   0.460 -0.2149E-36 -0.2151E-36  0.3400E+02
   0.470 -0.1091E-36 -0.1092E-36  0.3400E+02
   0.480 -0.5528E-37 -0.5532E-37  0.3400E+02
   0.490 -0.2792E-37 -0.2795E-37  0.3400E+02
   0.500 -0.1407E-37 -0.1408E-37  0.3400E+02
   0.510 -0.7068E-38 -0.7074E-38  0.3400E+02
   0.520 -0.3540E-38 -0.3543E-38  0.3400E+02
   0.530 -0.1767E-38 -0.1768E-38  0.3400E+02
   0.540 -0.8750E-39 -0.8758E-39  0.3400E+02
   0.550 -0.4240E-39 -0.4244E-39  0.3400E+02
   0.560 -0.1883E-39 -0.1885E-39  0.3400E+02
   0.570 -0.4924E-40 -0.4935E-40  0.3400E+02
   0.580  0.6311E-40  0.6303E-40  0.3400E+02
   0.590  0.2048E-39  0.2047E-39  0.3400E+02
   0.600  0.4451E-39  0.4449E-39  0.3400E+02
   0.610  0.8992E-39  0.8990E-39  0.3400E+02
   0.620  0.1783E-38  0.1782E-38  0.3400E+02
   0.630  0.3512E-38  0.3511E-38  0.3400E+02
   0.640  0.6892E-38  0.6890E-38  0.3400E+02
   0.650  0.1348E-37  0.1348E-37  0.3400E+02
   0.660  0.2631E-37  0.2631E-37  0.3400E+02
   0.670  0.5120E-37  0.5119E-37  0.3400E+02
   0.680  0.9937E-37  0.9935E-37  0.3400E+02
   0.690  0.1923E-36  0.1923E-36  0.3400E+02
   0.700  0.3713E-36  0.3712E-36  0.3400E+02
   0.710  0.7147E-36  0.7145E-36  0.3400E+02
   0.720  0.1372E-35  0.1372E-35  0.3400E+02
   0.730  0.2628E-35  0.2627E-35  0.3400E+02
   0.740  0.5017E-35  0.5016E-35  0.3400E+02
   0.750  0.9556E-35  0.9553E-35  0.3400E+02
   0.760  0.1815E-34  0.1814E-34  0.3400E+02
   0.770  0.3438E-34  0.3437E-34  0.3400E+02
   0.780  0.6494E-34  0.6493E-34  0.3400E+02
   0.790  0.1224E-33  0.1223E-33  0.3400E+02
   0.800  0.2299E-33  0.2298E-33  0.3400E+02
   0.810  0.4308E-33  0.4307E-33  0.3400E+02
   0.820  0.8052E-33  0.8049E-33  0.3400E+02
   0.830  0.1501E-32  0.1500E-32  0.3400E+02
   0.840  0.2790E-32  0.2789E-32  0.3400E+02
   0.850  0.5171E-32  0.5170E-32  0.3400E+02
   0.860  0.9561E-32  0.9558E-32  0.3400E+02
   0.870  0.1763E-31  0.1762E-31  0.3400E+02
   0.880  0.3242E-31  0.3241E-31  0.3400E+02
   0.890  0.5946E-31  0.5944E-31  0.3400E+02
   0.900  0.1087E-30  0.1087E-30  0.3400E+02
   0.910  0.1984E-30  0.1983E-30  0.3400E+02
   0.920  0.3609E-30  0.3608E-30  0.3400E+02
   0.930  0.6548E-30  0.6546E-30  0.3400E+02
   0.940  0.1185E-29  0.1185E-29  0.3400E+02
   0.950  0.2138E-29  0.2138E-29  0.3400E+02
   0.960  0.3848E-29  0.3847E-29  0.3400E+02
   0.970  0.6908E-29  0.6906E-29  0.3400E+02
   0.980  0.1237E-28  0.1236E-28  0.3400E+02
   0.990  0.2208E-28  0.2207E-28  0.3400E+02
   1.000  0.3931E-28  0.3930E-28  0.3400E+02
   1.010  0.6981E-28  0.6979E-28  0.3400E+02
   1.020  0.1236E-27  0.1236E-27  0.3400E+02
   1.030  0.2184E-27  0.2183E-27  0.3400E+02
   1.040  0.3847E-27  0.3846E-27  0.3400E+02
   1.050  0.6758E-27  0.6757E-27  0.3400E+02
   1.060  0.1184E-26  0.1184E-26  0.3400E+02
   1.070  0.2069E-26  0.2069E-26  0.3400E+02
   1.080  0.3606E-26  0.3605E-26  0.3400E+02
   1.090  0.6268E-26  0.6267E-26  0.3400E+02
   1.100  0.1087E-25  0.1086E-25  0.3400E+02
   1.110  0.1878E-25  0.1878E-25  0.3400E+02
   1.120  0.3239E-25  0.3238E-25  0.3400E+02
   1.130  0.5570E-25  0.5569E-25  0.3400E+02
   1.140  0.9552E-25  0.9550E-25  0.3400E+02
   1.150  0.1634E-24  0.1634E-24  0.3400E+02
   1.160  0.2787E-24  0.2787E-24  0.3400E+02
   1.170  0.4742E-24  0.4741E-24  0.3400E+02
   1.180  0.8046E-24  0.8045E-24  0.3400E+02
   1.190  0.1362E-23  0.1361E-23  0.3400E+02
   1.200  0.2298E-23  0.2298E-23  0.3400E+02
   1.210  0.3868E-23  0.3868E-23  0.3400E+02
   1.220  0.6494E-23  0.6493E-23  0.3400E+02
   1.230  0.1087E-22  0.1087E-22  0.3400E+02
   1.240  0.1816E-22  0.1815E-22  0.3400E+02
   1.250  0.3024E-22  0.3023E-22  0.3400E+02
   1.260  0.5023E-22  0.5022E-22  0.3400E+02
   1.270  0.8321E-22  0.8319E-22  0.3400E+02
   1.280  0.1375E-21  0.1374E-21  0.3400E+02
   1.290  0.2265E-21  0.2265E-21  0.3400E+02
   1.300  0.3723E-21  0.3722E-21  0.3400E+02
   1.310  0.6102E-21  0.6101E-21  0.3400E+02
   1.320  0.9975E-21  0.9973E-21  0.3400E+02
   1.330  0.1626E-20  0.1626E-20  0.3400E+02
   1.340  0.2645E-20  0.2644E-20  0.3400E+02
   1.350  0.4289E-20  0.4288E-20  0.3400E+02
   1.360  0.6937E-20  0.6936E-20  0.3400E+02
   1.370  0.1119E-19  0.1119E-19  0.3400E+02
   1.380  0.1801E-19  0.1800E-19  0.3400E+02
   1.390  0.2889E-19  0.2889E-19  0.3400E+02
   1.400  0.4624E-19  0.4623E-19  0.3400E+02
   1.410  0.7381E-19  0.7380E-19  0.3400E+02
   1.420  0.1175E-18  0.1175E-18  0.3400E+02
   1.430  0.1866E-18  0.1866E-18  0.3400E+02
   1.440  0.2955E-18  0.2954E-18  0.3400E+02
   1.450  0.4667E-18  0.4666E-18  0.3400E+02
   1.460  0.7352E-18  0.7351E-18  0.3400E+02
   1.470  0.1155E-17  0.1155E-17  0.3400E+02
   1.480  0.1810E-17  0.1810E-17  0.3400E+02
   1.490  0.2829E-17  0.2829E-17  0.3400E+02
   1.500  0.4410E-17  0.4409E-17  0.3400E+02
   1.510  0.6856E-17  0.6855E-17  0.3400E+02
   1.520  0.1063E-16  0.1063E-16  0.3400E+02
   1.530  0.1644E-16  0.1644E-16  0.3400E+02
   1.540  0.2536E-16  0.2536E-16  0.3400E+02
   1.550  0.3902E-16  0.3902E-16  0.3400E+02
   1.560  0.5988E-16  0.5987E-16  0.3400E+02
   1.570  0.9164E-16  0.9163E-16  0.3400E+02
   1.580  0.1399E-15  0.1399E-15  0.3400E+02
   1.590  0.2130E-15  0.2129E-15  0.3400E+02
   1.600  0.3234E-15  0.3234E-15  0.3400E+02
   1.610  0.4898E-15  0.4897E-15  0.3400E+02
   1.620  0.7399E-15  0.7398E-15  0.3400E+02
   1.630  0.1115E-14  0.1115E-14  0.3400E+02
   1.640  0.1675E-14  0.1675E-14  0.3400E+02
   1.650  0.2511E-14  0.2511E-14  0.3400E+02
   1.660  0.3754E-14  0.3753E-14  0.3400E+02
   1.670  0.5598E-14  0.5597E-14  0.3400E+02
   1.680  0.8325E-14  0.8324E-14  0.3400E+02
   1.690  0.1235E-13  0.1235E-13  0.3400E+02
   1.700  0.1827E-13  0.1827E-13  0.3400E+02
   1.710  0.2696E-13  0.2696E-13  0.3400E+02
   1.720  0.3969E-13  0.3968E-13  0.3400E+02
   1.730  0.5826E-13  0.5826E-13  0.3400E+02
   1.740  0.8532E-13  0.8531E-13  0.3400E+02
   1.750  0.1246E-12  0.1246E-12  0.3400E+02
   1.760  0.1815E-12  0.1815E-12  0.3400E+02
   1.770  0.2638E-12  0.2637E-12  0.3400E+02
   1.780  0.3823E-12  0.3822E-12  0.3400E+02
   1.790  0.5526E-12  0.5525E-12  0.3400E+02
   1.800  0.7968E-12  0.7967E-12  0.3400E+02
   1.810  0.1146E-11  0.1146E-11  0.3400E+02
   1.820  0.1644E-11  0.1644E-11  0.3400E+02
   1.830  0.2352E-11  0.2352E-11  0.3400E+02
   1.840  0.3357E-11  0.3356E-11  0.3400E+02
   1.850  0.4778E-11  0.4778E-11  0.3400E+02
   1.860  0.6785E-11  0.6784E-11  0.3400E+02
   1.870  0.9609E-11  0.9608E-11  0.3400E+02
   1.880  0.1357E-10  0.1357E-10  0.3400E+02
   1.890  0.1913E-10  0.1912E-10  0.3400E+02
   1.900  0.2688E-10  0.2688E-10  0.3400E+02
   1.910  0.3769E-10  0.3768E-10  0.3400E+02
   1.920  0.5270E-10  0.5269E-10  0.3400E+02
   1.930  0.7351E-10  0.7350E-10  0.3400E+02
   1.940  0.1023E-09  0.1023E-09  0.3400E+02
   1.950  0.1419E-09  0.1419E-09  0.3400E+02
   1.960  0.1965E-09  0.1964E-09  0.3400E+02
   1.970  0.2712E-09  0.2712E-09  0.3400E+02
   1.980  0.3736E-09  0.3735E-09  0.3400E+02
   1.990  0.5132E-09  0.5132E-09  0.3400E+02
   2.000  0.7033E-09  0.7032E-09  0.3400E+02
   2.010  0.9613E-09  0.9612E-09  0.3400E+02
   2.020  0.1311E-08  0.1311E-08  0.3400E+02
   2.030  0.1783E-08  0.1782E-08  0.3400E+02
   2.040  0.2418E-08  0.2418E-08  0.3400E+02
   2.050  0.3272E-08  0.3272E-08  0.3400E+02
   2.060  0.4417E-08  0.4417E-08  0.3400E+02
   2.070  0.5947E-08  0.5947E-08  0.3400E+02
   2.080  0.7988E-08  0.7987E-08  0.3400E+02
   2.090  0.1070E-07  0.1070E-07  0.3400E+02
   2.100  0.1430E-07  0.1430E-07  0.3400E+02
   2.110  0.1906E-07  0.1906E-07  0.3400E+02
   2.120  0.2535E-07  0.2535E-07  0.3400E+02
   2.130  0.3363E-07  0.3362E-07  0.3400E+02
   2.140  0.4449E-07  0.4449E-07  0.3400E+02
   2.150  0.5872E-07  0.5872E-07  0.3400E+02
   2.160  0.7731E-07  0.7731E-07  0.3400E+02
   2.170  0.1015E-06  0.1015E-06  0.3400E+02
   2.180  0.1330E-06  0.1330E-06  0.3400E+02
   2.190  0.1738E-06  0.1738E-06  0.3400E+02
   2.200  0.2266E-06  0.2266E-06  0.3400E+02
   2.210  0.2947E-06  0.2947E-06  0.3400E+02
   2.220  0.3823E-06  0.3823E-06  0.3400E+02
   2.230  0.4947E-06  0.4947E-06  0.3400E+02
   2.240  0.6386E-06  0.6385E-06  0.3400E+02
   2.250  0.8223E-06  0.8222E-06  0.3400E+02
   2.260  0.1056E-05  0.1056E-05  0.3400E+02
   2.270  0.1353E-05  0.1353E-05  0.3400E+02
   2.280  0.1730E-05  0.1730E-05  0.3400E+02
   2.290  0.2206E-05  0.2206E-05  0.3400E+02
   2.300  0.2806E-05  0.2806E-05  0.3400E+02
   2.310  0.3560E-05  0.3560E-05  0.3400E+02
   2.320  0.4507E-05  0.4507E-05  0.3400E+02
   2.330  0.5691E-05  0.5691E-05  0.3400E+02
   2.340  0.7169E-05  0.7168E-05  0.3400E+02
   2.350  0.9009E-05  0.9008E-05  0.3400E+02
   2.360  0.1129E-04  0.1129E-04  0.3400E+02
   2.370  0.1412E-04  0.1412E-04  0.3400E+02
   2.380  0.1762E-04  0.1762E-04  0.3400E+02
   2.390  0.2193E-04  0.2193E-04  0.3400E+02
   2.400  0.2722E-04  0.2722E-04  0.3400E+02
   2.410  0.3372E-04  0.3372E-04  0.3400E+02
   2.420  0.4166E-04  0.4166E-04  0.3400E+02
   2.430  0.5136E-04  0.5136E-04  0.3400E+02
   2.440  0.6315E-04  0.6315E-04  0.3400E+02
   2.450  0.7748E-04  0.7747E-04  0.3400E+02
   2.460  0.9482E-04  0.9482E-04  0.3400E+02
   2.470  0.1158E-03  0.1158E-03  0.3400E+02
   2.480  0.1410E-03  0.1410E-03  0.3400E+02
   2.490  0.1714E-03  0.1714E-03  0.3400E+02
   2.500  0.2078E-03  0.2077E-03  0.3400E+02
   2.510  0.2513E-03  0.2513E-03  0.3400E+02
   2.520  0.3032E-03  0.3032E-03  0.3400E+02
   2.530  0.3650E-03  0.3650E-03  0.3400E+02
   2.540  0.4383E-03  0.4383E-03  0.3400E+02
   2.550  0.5252E-03  0.5252E-03  0.3400E+02
   2.560  0.6278E-03  0.6278E-03  0.3400E+02
   2.570  0.7488E-03  0.7488E-03  0.3400E+02
   2.580  0.8909E-03  0.8909E-03  0.3400E+02
   2.590  0.1058E-02  0.1058E-02  0.3400E+02
   2.600  0.1253E-02  0.1253E-02  0.3400E+02
   2.610  0.1480E-02  0.1480E-02  0.3400E+02
   2.620  0.1745E-02  0.1745E-02  0.3400E+02
   2.630  0.2053E-02  0.2053E-02  0.3400E+02
   2.640  0.2409E-02  0.2409E-02  0.3400E+02
   2.650  0.2821E-02  0.2821E-02  0.3400E+02
   2.660  0.3296E-02  0.3296E-02  0.3400E+02
   2.670  0.3842E-02  0.3842E-02  0.3400E+02
   2.680  0.4468E-02  0.4468E-02  0.3400E+02
   2.690  0.5185E-02  0.5185E-02  0.3400E+02
   2.700  0.6003E-02  0.6003E-02  0.3400E+02
   2.710  0.6936E-02  0.6936E-02  0.3400E+02
   2.720  0.7995E-02  0.7995E-02  0.3400E+02
   2.730  0.9196E-02  0.9196E-02  0.3400E+02
   2.740  0.1055E-01  0.1055E-01  0.3400E+02
   2.750  0.1209E-01  0.1209E-01  0.3400E+02
   2.760  0.1381E-01  0.1381E-01  0.3400E+02
   2.770  0.1575E-01  0.1575E-01  0.3400E+02
   2.780  0.1792E-01  0.1792E-01  0.3400E+02
   2.790  0.2034E-01  0.2034E-01  0.3400E+02
   2.800  0.2305E-01  0.2305E-01  0.3400E+02
   2.810  0.2605E-01  0.2605E-01  0.3400E+02
   2.820  0.2939E-01  0.2939E-01  0.3400E+02
   2.830  0.3309E-01  0.3309E-01  0.3401E+02
   2.840  0.3717E-01  0.3717E-01  0.3401E+02
   2.850  0.4167E-01  0.4167E-01  0.3401E+02
   2.860  0.4662E-01  0.4662E-01  0.3401E+02
   2.870  0.5205E-01  0.5205E-01  0.3401E+02
   2.880  0.5799E-01  0.5799E-01  0.3401E+02
   2.890  0.6448E-01  0.6448E-01  0.3401E+02
   2.900  0.7155E-01  0.7155E-01  0.3401E+02
   2.910  0.7923E-01  0.7923E-01  0.3401E+02
   2.920  0.8757E-01  0.8757E-01  0.3402E+02
   2.930  0.9659E-01  0.9659E-01  0.3402E+02
   2.940  0.1063E+00  0.1063E+00  0.3402E+02
   2.950  0.1168E+00  0.1168E+00  0.3402E+02
   2.960  0.1281E+00  0.1281E+00  0.3403E+02
   2.970  0.1402E+00  0.1402E+00  0.3403E+02
   2.980  0.1532E+00  0.1532E+00  0.3403E+02
   2.990  0.1670E+00  0.1670E+00  0.3403E+02
   3.000  0.1817E+00  0.1817E+00  0.3404E+02
   3.010  0.1974E+00  0.1974E+00  0.3404E+02
   3.020  0.2140E+00  0.2140E+00  0.3405E+02
   3.030  0.2315E+00  0.2315E+00  0.3405E+02
   3.040  0.2501E+00  0.2501E+00  0.3406E+02
   3.050  0.2697E+00  0.2697E+00  0.3406E+02
   3.060  0.2902E+00  0.2902E+00  0.3407E+02
   3.070  0.3118E+00  0.3118E+00  0.3407E+02
   3.080  0.3344E+00  0.3344E+00  0.3408E+02
   3.090  0.3579E+00  0.3579E+00  0.3409E+02
   3.100  0.3825E+00  0.3825E+00  0.3409E+02
   3.110  0.4080E+00  0.4081E+00  0.3410E+02
   3.120  0.4346E+00  0.4346E+00  0.3411E+02
   3.130  0.4620E+00  0.4620E+00  0.3412E+02
   3.140  0.4903E+00  0.4903E+00  0.3413E+02
   3.150  0.5195E+00  0.5195E+00  0.3414E+02
   3.160  0.5496E+00  0.5496E+00  0.3415E+02
   3.170  0.5804E+00  0.5804E+00  0.3416E+02
   3.180  0.6119E+00  0.6119E+00  0.3418E+02
   3.190  0.6441E+00  0.6441E+00  0.3419E+02
   3.200  0.6769E+00  0.6769E+00  0.3420E+02
   3.210  0.7102E+00  0.7103E+00  0.3422E+02
   3.220  0.7440E+00  0.7440E+00  0.3423E+02
   3.230  0.7782E+00  0.7782E+00  0.3425E+02
   3.240  0.8127E+00  0.8127E+00  0.3426E+02
   3.250  0.8474E+00  0.8474E+00  0.3428E+02
   3.260  0.8822E+00  0.8822E+00  0.3430E+02
   3.270  0.9171E+00  0.9171E+00  0.3432E+02
   3.280  0.9519E+00  0.9519E+00  0.3434E+02
   3.290  0.9865E+00  0.9865E+00  0.3435E+02
   3.300  0.1021E+01  0.1021E+01  0.3438E+02
   3.310  0.1055E+01  0.1055E+01  0.3440E+02
   3.320  0.1088E+01  0.1088E+01  0.3442E+02
   3.330  0.1121E+01  0.1121E+01  0.3444E+02
   3.340  0.1154E+01  0.1154E+01  0.3446E+02
   3.350  0.1185E+01  0.1185E+01  0.3449E+02
   3.360  0.1216E+01  0.1216E+01  0.3451E+02
   3.370  0.1245E+01  0.1245E+01  0.3454E+02
   3.380  0.1274E+01  0.1274E+01  0.3456E+02
   3.390  0.1301E+01  0.1301E+01  0.3459E+02
   3.400  0.1327E+01  0.1327E+01  0.3461E+02
   3.410  0.1351E+01  0.1351E+01  0.3464E+02
   3.420  0.1375E+01  0.1375E+01  0.3467E+02
   3.430  0.1396E+01  0.1396E+01  0.3470E+02
   3.440  0.1416E+01  0.1416E+01  0.3473E+02
   3.450  0.1434E+01  0.1434E+01  0.3475E+02
   3.460  0.1451E+01  0.1451E+01  0.3478E+02
   3.470  0.1465E+01  0.1465E+01  0.3481E+02
   3.480  0.1478E+01  0.1478E+01  0.3484E+02
   3.490  0.1489E+01  0.1489E+01  0.3487E+02
   3.500  0.1498E+01  0.1498E+01  0.3490E+02
   3.510  0.1505E+01  0.1505E+01  0.3493E+02
   3.520  0.1510E+01  0.1510E+01  0.3496E+02
   3.530  0.1512E+01  0.1512E+01  0.3499E+02
   3.540  0.1513E+01  0.1513E+01  0.3502E+02
   3.550  0.1512E+01  0.1512E+01  0.3505E+02
   3.560  0.1509E+01  0.1509E+01  0.3508E+02
   3.570  0.1503E+01  0.1503E+01  0.3511E+02
   3.580  0.1496E+01  0.1496E+01  0.3514E+02
   3.590  0.1487E+01  0.1487E+01  0.3517E+02
   3.600  0.1476E+01  0.1476E+01  0.3520E+02
   3.610  0.1463E+01  0.1463E+01  0.3523E+02
   3.620  0.1449E+01  0.1449E+01  0.3526E+02
   3.630  0.1432E+01  0.1432E+01  0.3529E+02
   3.640  0.1414E+01  0.1414E+01  0.3532E+02
   3.650  0.1395E+01  0.1395E+01  0.3535E+02
   3.660  0.1374E+01  0.1374E+01  0.3537E+02
   3.670  0.1351E+01  0.1351E+01  0.3540E+02
   3.680  0.1327E+01  0.1327E+01  0.3543E+02
   3.690  0.1302E+01  0.1302E+01  0.3545E+02
   3.700  0.1276E+01  0.1276E+01  0.3548E+02
   3.710  0.1249E+01  0.1249E+01  0.3550E+02
   3.720  0.1221E+01  0.1221E+01  0.3553E+02
   3.730  0.1191E+01  0.1191E+01  0.3555E+02
   3.740  0.1161E+01  0.1161E+01  0.3557E+02
   3.750  0.1131E+01  0.1131E+01  0.3560E+02
   3.760  0.1099E+01  0.1099E+01  0.3562E+02
   3.770  0.1068E+01  0.1068E+01  0.3564E+02
   3.780  0.1035E+01  0.1035E+01  0.3566E+02
   3.790  0.1003E+01  0.1003E+01  0.3568E+02
   3.800  0.9696E+00  0.9696E+00  0.3570E+02
   3.810  0.9365E+00  0.9365E+00  0.3572E+02
   3.820  0.9033E+00  0.9033E+00  0.3574E+02
   3.830  0.8700E+00  0.8700E+00  0.3575E+02
   3.840  0.8367E+00  0.8367E+00  0.3577E+02
   3.850  0.8036E+00  0.8036E+00  0.3579E+02
   3.860  0.7706E+00  0.7706E+00  0.3580E+02
   3.870  0.7379E+00  0.7378E+00  0.3582E+02
   3.880  0.7054E+00  0.7054E+00  0.3583E+02
   3.890  0.6733E+00  0.6733E+00  0.3585E+02
   3.900  0.6416E+00  0.6416E+00  0.3586E+02
   3.910  0.6104E+00  0.6104E+00  0.3587E+02
   3.920  0.5797E+00  0.5797E+00  0.3588E+02
   3.930  0.5496E+00  0.5496E+00  0.3589E+02
   3.940  0.5201E+00  0.5201E+00  0.3590E+02
   3.950  0.4913E+00  0.4912E+00  0.3591E+02
   3.960  0.4631E+00  0.4631E+00  0.3592E+02
   3.970  0.4357E+00  0.4357E+00  0.3593E+02
   3.980  0.4090E+00  0.4090E+00  0.3594E+02
   3.990  0.3831E+00  0.3831E+00  0.3595E+02
   4.000  0.3581E+00  0.3581E+00  0.3595E+02
   4.010  0.3339E+00  0.3339E+00  0.3596E+02
   4.020  0.3106E+00  0.3106E+00  0.3597E+02
   4.030  0.2882E+00  0.2882E+00  0.3597E+02
   4.040  0.2667E+00  0.2666E+00  0.3598E+02
   4.050  0.2461E+00  0.2460E+00  0.3598E+02
   4.060  0.2264E+00  0.2264E+00  0.3599E+02
   4.070  0.2077E+00  0.2077E+00  0.3599E+02
   4.080  0.1899E+00  0.1899E+00  0.3600E+02
   4.090  0.1731E+00  0.1731E+00  0.3600E+02
   4.100  0.1572E+00  0.1572E+00  0.3600E+02
   4.110  0.1423E+00  0.1423E+00  0.3600E+02
   4.120  0.1284E+00  0.1284E+00  0.3601E+02
   4.130  0.1153E+00  0.1153E+00  0.3601E+02
   4.140  0.1033E+00  0.1033E+00  0.3601E+02
   4.150  0.9211E-01  0.9210E-01  0.3601E+02
   4.160  0.8188E-01  0.8187E-01  0.3602E+02
   4.170  0.7257E-01  0.7256E-01  0.3602E+02
   4.180  0.6416E-01  0.6416E-01  0.3602E+02
   4.190  0.5666E-01  0.5665E-01  0.3602E+02
   4.200  0.5005E-01  0.5004E-01  0.3602E+02
   4.210  0.4433E-01  0.4432E-01  0.3602E+02
   4.220  0.3949E-01  0.3949E-01  0.3602E+02
   4.230  0.3554E-01  0.3554E-01  0.3602E+02
   4.240  0.3247E-01  0.3247E-01  0.3602E+02
   4.250  0.3030E-01  0.3030E-01  0.3602E+02
   4.260  0.2902E-01  0.2902E-01  0.3602E+02
   4.270  0.2865E-01  0.2865E-01  0.3602E+02
   4.280  0.2920E-01  0.2920E-01  0.3603E+02
   4.290  0.3070E-01  0.3070E-01  0.3603E+02
   4.300  0.3316E-01  0.3316E-01  0.3603E+02
   4.310  0.3661E-01  0.3661E-01  0.3603E+02
   4.320  0.4108E-01  0.4108E-01  0.3603E+02
   4.330  0.4660E-01  0.4660E-01  0.3603E+02
   4.340  0.5322E-01  0.5322E-01  0.3603E+02
   4.350  0.6096E-01  0.6097E-01  0.3603E+02
   4.360  0.6989E-01  0.6990E-01  0.3603E+02
   4.370  0.8004E-01  0.8005E-01  0.3603E+02
   4.380  0.9146E-01  0.9147E-01  0.3604E+02
   4.390  0.1042E+00  0.1042E+00  0.3604E+02
   4.400  0.1183E+00  0.1183E+00  0.3604E+02
   4.410  0.1339E+00  0.1339E+00  0.3604E+02
   4.420  0.1509E+00  0.1509E+00  0.3605E+02
   4.430  0.1694E+00  0.1695E+00  0.3605E+02
   4.440  0.1896E+00  0.1896E+00  0.3605E+02
   4.450  0.2113E+00  0.2113E+00  0.3606E+02
   4.460  0.2347E+00  0.2347E+00  0.3606E+02
   4.470  0.2598E+00  0.2599E+00  0.3607E+02
   4.480  0.2867E+00  0.2867E+00  0.3607E+02
   4.490  0.3153E+00  0.3153E+00  0.3608E+02
   4.500  0.3456E+00  0.3457E+00  0.3609E+02
   4.510  0.3778E+00  0.3778E+00  0.3609E+02
   4.520  0.4118E+00  0.4118E+00  0.3610E+02
   4.530  0.4475E+00  0.4475E+00  0.3611E+02
   4.540  0.4850E+00  0.4850E+00  0.3612E+02
   4.550  0.5242E+00  0.5242E+00  0.3613E+02
   4.560  0.5652E+00  0.5652E+00  0.3614E+02
   4.570  0.6078E+00  0.6078E+00  0.3616E+02
   4.580  0.6520E+00  0.6520E+00  0.3617E+02
   4.590  0.6977E+00  0.6977E+00  0.3618E+02
   4.600  0.7449E+00  0.7449E+00  0.3620E+02
   4.610  0.7935E+00  0.7935E+00  0.3621E+02
   4.620  0.8434E+00  0.8434E+00  0.3623E+02
   4.630  0.8944E+00  0.8944E+00  0.3625E+02
   4.640  0.9465E+00  0.9465E+00  0.3627E+02
   4.650  0.9995E+00  0.9995E+00  0.3629E+02
   4.660  0.1053E+01  0.1053E+01  0.3631E+02
   4.670  0.1108E+01  0.1108E+01  0.3633E+02
   4.680  0.1163E+01  0.1163E+01  0.3635E+02
   4.690  0.1218E+01  0.1218E+01  0.3638E+02
   4.700  0.1274E+01  0.1274E+01  0.3640E+02
   4.710  0.1330E+01  0.1330E+01  0.3643E+02
   4.720  0.1386E+01  0.1386E+01  0.3646E+02
   4.730  0.1441E+01  0.1441E+01  0.3649E+02
   4.740  0.1496E+01  0.1496E+01  0.3652E+02
   4.750  0.1551E+01  0.1551E+01  0.3655E+02
   4.760  0.1605E+01  0.1605E+01  0.3658E+02
   4.770  0.1658E+01  0.1658E+01  0.3661E+02
   4.780  0.1710E+01  0.1710E+01  0.3665E+02
   4.790  0.1762E+01  0.1762E+01  0.3668E+02
   4.800  0.1812E+01  0.1812E+01  0.3672E+02
   4.810  0.1861E+01  0.1861E+01  0.3676E+02
   4.820  0.1908E+01  0.1908E+01  0.3679E+02
   4.830  0.1954E+01  0.1954E+01  0.3683E+02
   4.840  0.1998E+01  0.1998E+01  0.3687E+02
   4.850  0.2041E+01  0.2041E+01  0.3691E+02
   4.860  0.2082E+01  0.2082E+01  0.3695E+02
   4.870  0.2122E+01  0.2122E+01  0.3700E+02
   4.880  0.2159E+01  0.2159E+01  0.3704E+02
   4.890  0.2195E+01  0.2195E+01  0.3708E+02
   4.900  0.2229E+01  0.2229E+01  0.3713E+02
   4.910  0.2261E+01  0.2261E+01  0.3717E+02
   4.920  0.2292E+01  0.2292E+01  0.3722E+02
   4.930  0.2320E+01  0.2320E+01  0.3727E+02
   4.940  0.2347E+01  0.2347E+01  0.3731E+02
   4.950  0.2372E+01  0.2372E+01  0.3736E+02
   4.960  0.2396E+01  0.2396E+01  0.3741E+02
   4.970  0.2417E+01  0.2417E+01  0.3746E+02
   4.980  0.2437E+01  0.2437E+01  0.3751E+02
   4.990  0.2456E+01  0.2456E+01  0.3755E+02
   5.000  0.2473E+01  0.2473E+01  0.3760E+02
   5.010  0.2489E+01  0.2489E+01  0.3765E+02
   5.020  0.2504E+01  0.2504E+01  0.3770E+02
   5.030  0.2517E+01  0.2517E+01  0.3775E+02
   5.040  0.2530E+01  0.2530E+01  0.3781E+02
   5.050  0.2541E+01  0.2541E+01  0.3786E+02
   5.060  0.2552E+01  0.2552E+01  0.3791E+02
   5.070  0.2562E+01  0.2562E+01  0.3796E+02
   5.080  0.2571E+01  0.2571E+01  0.3801E+02
   5.090  0.2580E+01  0.2580E+01  0.3806E+02
   5.100  0.2588E+01  0.2588E+01  0.3811E+02
   5.110  0.2596E+01  0.2596E+01  0.3816E+02
   5.120  0.2604E+01  0.2604E+01  0.3822E+02
   5.130  0.2611E+01  0.2611E+01  0.3827E+02
   5.140  0.2619E+01  0.2619E+01  0.3832E+02
   5.150  0.2626E+01  0.2626E+01  0.3837E+02
   5.160  0.2634E+01  0.2634E+01  0.3843E+02
   5.170  0.2642E+01  0.2642E+01  0.3848E+02
   5.180  0.2651E+01  0.2651E+01  0.3853E+02
   5.190  0.2660E+01  0.2660E+01  0.3859E+02
   5.200  0.2669E+01  0.2669E+01  0.3864E+02
   5.210  0.2680E+01  0.2679E+01  0.3869E+02
   5.220  0.2690E+01  0.2690E+01  0.3875E+02
   5.230  0.2702E+01  0.2702E+01  0.3880E+02
   5.240  0.2714E+01  0.2714E+01  0.3885E+02
   5.250  0.2727E+01  0.2727E+01  0.3891E+02
   5.260  0.2741E+01  0.2741E+01  0.3896E+02
   5.270  0.2756E+01  0.2756E+01  0.3902E+02
   5.280  0.2771E+01  0.2771E+01  0.3907E+02
   5.290  0.2788E+01  0.2788E+01  0.3913E+02
   5.300  0.2806E+01  0.2805E+01  0.3919E+02
   5.310  0.2824E+01  0.2824E+01  0.3924E+02
   5.320  0.2843E+01  0.2843E+01  0.3930E+02
   5.330  0.2863E+01  0.2863E+01  0.3936E+02
   5.340  0.2884E+01  0.2884E+01  0.3942E+02
   5.350  0.2906E+01  0.2906E+01  0.3947E+02
   5.360  0.2928E+01  0.2928E+01  0.3953E+02
   5.370  0.2951E+01  0.2951E+01  0.3959E+02
   5.380  0.2974E+01  0.2974E+01  0.3965E+02
   5.390  0.2998E+01  0.2998E+01  0.3971E+02
   5.400  0.3022E+01  0.3022E+01  0.3977E+02
   5.410  0.3046E+01  0.3046E+01  0.3983E+02
   5.420  0.3070E+01  0.3070E+01  0.3989E+02
   5.430  0.3094E+01  0.3094E+01  0.3995E+02
   5.440  0.3118E+01  0.3118E+01  0.4002E+02
   5.450  0.3142E+01  0.3142E+01  0.4008E+02
   5.460  0.3165E+01  0.3165E+01  0.4014E+02
   5.470  0.3188E+01  0.3188E+01  0.4021E+02
   5.480  0.3210E+01  0.3210E+01  0.4027E+02
   5.490  0.3232E+01  0.3232E+01  0.4034E+02
   5.500  0.3252E+01  0.3252E+01  0.4040E+02
   5.510  0.3272E+01  0.3272E+01  0.4047E+02
   5.520  0.3291E+01  0.3291E+01  0.4053E+02
   5.530  0.3309E+01  0.3309E+01  0.4060E+02
   5.540  0.3327E+01  0.3327E+01  0.4066E+02
   5.550  0.3343E+01  0.3343E+01  0.4073E+02
   5.560  0.3359E+01  0.3359E+01  0.4080E+02
   5.570  0.3374E+01  0.3374E+01  0.4087E+02
   5.580  0.3388E+01  0.3388E+01  0.4093E+02
   5.590  0.3402E+01  0.3402E+01  0.4100E+02
   5.600  0.3415E+01  0.3415E+01  0.4107E+02
   5.610  0.3428E+01  0.3428E+01  0.4114E+02
   5.620  0.3442E+01  0.3442E+01  0.4121E+02
   5.630  0.3455E+01  0.3455E+01  0.4128E+02
   5.640  0.3469E+01  0.3469E+01  0.4135E+02
   5.650  0.3484E+01  0.3484E+01  0.4142E+02
   5.660  0.3500E+01  0.3500E+01  0.4149E+02
   5.670  0.3516E+01  0.3516E+01  0.4156E+02
   5.680  0.3534E+01  0.3534E+01  0.4163E+02
   5.690  0.3554E+01  0.3554E+01  0.4170E+02
   5.700  0.3576E+01  0.3576E+01  0.4177E+02
   5.710  0.3599E+01  0.3599E+01  0.4184E+02
   5.720  0.3625E+01  0.3625E+01  0.4191E+02
   5.730  0.3653E+01  0.3653E+01  0.4199E+02
   5.740  0.3684E+01  0.3684E+01  0.4206E+02
   5.750  0.3717E+01  0.3717E+01  0.4214E+02
   5.760  0.3753E+01  0.3752E+01  0.4221E+02
   5.770  0.3791E+01  0.3791E+01  0.4229E+02
   5.780  0.3832E+01  0.3832E+01  0.4236E+02
   5.790  0.3876E+01  0.3876E+01  0.4244E+02
   5.800  0.3922E+01  0.3922E+01  0.4252E+02
   5.810  0.3970E+01  0.3970E+01  0.4260E+02
   5.820  0.4021E+01  0.4021E+01  0.4268E+02
   5.830  0.4073E+01  0.4073E+01  0.4276E+02
   5.840  0.4127E+01  0.4127E+01  0.4284E+02
   5.850  0.4183E+01  0.4183E+01  0.4293E+02
   5.860  0.4239E+01  0.4239E+01  0.4301E+02
   5.870  0.4296E+01  0.4296E+01  0.4310E+02
   5.880  0.4353E+01  0.4353E+01  0.4318E+02
   5.890  0.4410E+01  0.4410E+01  0.4327E+02
   5.900  0.4467E+01  0.4467E+01  0.4336E+02
   5.910  0.4522E+01  0.4522E+01  0.4345E+02
   5.920  0.4576E+01  0.4576E+01  0.4354E+02
   5.930  0.4628E+01  0.4628E+01  0.4364E+02
   5.940  0.4677E+01  0.4677E+01  0.4373E+02
   5.950  0.4724E+01  0.4724E+01  0.4382E+02
   5.960  0.4767E+01  0.4767E+01  0.4392E+02
   5.970  0.4807E+01  0.4807E+01  0.4402E+02
   5.980  0.4842E+01  0.4842E+01  0.4411E+02
   5.990  0.4873E+01  0.4873E+01  0.4421E+02
   6.000  0.4900E+01  0.4900E+01  0.4431E+02
   6.010  0.4921E+01  0.4921E+01  0.4441E+02
   6.020  0.4937E+01  0.4937E+01  0.4450E+02
   6.030  0.4948E+01  0.4948E+01  0.4460E+02
   6.040  0.4953E+01  0.4953E+01  0.4470E+02
   6.050  0.4952E+01  0.4952E+01  0.4480E+02
   6.060  0.4945E+01  0.4945E+01  0.4490E+02
   6.070  0.4933E+01  0.4933E+01  0.4500E+02
   6.080  0.4914E+01  0.4914E+01  0.4510E+02
   6.090  0.4889E+01  0.4889E+01  0.4520E+02
   6.100  0.4859E+01  0.4859E+01  0.4529E+02
   6.110  0.4822E+01  0.4822E+01  0.4539E+02
   6.120  0.4780E+01  0.4780E+01  0.4548E+02
   6.130  0.4732E+01  0.4732E+01  0.4558E+02
   6.140  0.4679E+01  0.4679E+01  0.4567E+02
   6.150  0.4621E+01  0.4621E+01  0.4577E+02
   6.160  0.4558E+01  0.4558E+01  0.4586E+02
   6.170  0.4490E+01  0.4490E+01  0.4595E+02
   6.180  0.4418E+01  0.4418E+01  0.4603E+02
   6.190  0.4341E+01  0.4341E+01  0.4612E+02
   6.200  0.4261E+01  0.4261E+01  0.4621E+02
   6.210  0.4177E+01  0.4177E+01  0.4629E+02
   6.220  0.4090E+01  0.4090E+01  0.4637E+02
   6.230  0.3999E+01  0.3999E+01  0.4645E+02
   6.240  0.3907E+01  0.3907E+01  0.4653E+02
   6.250  0.3811E+01  0.3811E+01  0.4661E+02
   6.260  0.3714E+01  0.3714E+01  0.4668E+02
   6.270  0.3615E+01  0.3615E+01  0.4675E+02
   6.280  0.3514E+01  0.3514E+01  0.4682E+02
   6.290  0.3413E+01  0.3413E+01  0.4689E+02
   6.300  0.3310E+01  0.3310E+01  0.4696E+02
   6.310  0.3207E+01  0.3207E+01  0.4702E+02
   6.320  0.3104E+01  0.3104E+01  0.4708E+02
   6.330  0.3001E+01  0.3001E+01  0.4714E+02
   6.340  0.2898E+01  0.2898E+01  0.4720E+02
   6.350  0.2795E+01  0.2795E+01  0.4726E+02
   6.360  0.2694E+01  0.2694E+01  0.4731E+02
   6.370  0.2593E+01  0.2593E+01  0.4736E+02
   6.380  0.2494E+01  0.2494E+01  0.4741E+02
   6.390  0.2396E+01  0.2396E+01  0.4746E+02
   6.400  0.2300E+01  0.2300E+01  0.4751E+02
   6.410  0.2205E+01  0.2206E+01  0.4755E+02
   6.420  0.2113E+01  0.2113E+01  0.4759E+02
   6.430  0.2024E+01  0.2024E+01  0.4763E+02
   6.440  0.1936E+01  0.1936E+01  0.4767E+02
   6.450  0.1852E+01  0.1852E+01  0.4771E+02
   6.460  0.1770E+01  0.1770E+01  0.4775E+02
   6.470  0.1692E+01  0.1692E+01  0.4778E+02
   6.480  0.1616E+01  0.1616E+01  0.4781E+02
   6.490  0.1544E+01  0.1544E+01  0.4784E+02
   6.500  0.1475E+01  0.1475E+01  0.4787E+02
   6.510  0.1410E+01  0.1410E+01  0.4790E+02
   6.520  0.1348E+01  0.1348E+01  0.4793E+02
   6.530  0.1291E+01  0.1291E+01  0.4795E+02
   6.540  0.1237E+01  0.1237E+01  0.4798E+02
   6.550  0.1187E+01  0.1187E+01  0.4800E+02
   6.560  0.1141E+01  0.1141E+01  0.4802E+02
   6.570  0.1099E+01  0.1100E+01  0.4805E+02
   6.580  0.1062E+01  0.1062E+01  0.4807E+02
   6.590  0.1029E+01  0.1029E+01  0.4809E+02
   6.600  0.9999E+00  0.9999E+00  0.4811E+02
   6.610  0.9753E+00  0.9754E+00  0.4813E+02
   6.620  0.9552E+00  0.9552E+00  0.4815E+02
   6.630  0.9395E+00  0.9395E+00  0.4817E+02
   6.640  0.9282E+00  0.9283E+00  0.4818E+02
   6.650  0.9215E+00  0.9216E+00  0.4820E+02
   6.660  0.9193E+00  0.9193E+00  0.4822E+02
   6.670  0.9216E+00  0.9216E+00  0.4824E+02
   6.680  0.9284E+00  0.9285E+00  0.4826E+02
   6.690  0.9398E+00  0.9398E+00  0.4828E+02
   6.700  0.9556E+00  0.9557E+00  0.4830E+02
   6.710  0.9760E+00  0.9761E+00  0.4832E+02
   6.720  0.1001E+01  0.1001E+01  0.4834E+02
   6.730  0.1030E+01  0.1030E+01  0.4836E+02
   6.740  0.1064E+01  0.1064E+01  0.4838E+02
   6.750  0.1102E+01  0.1102E+01  0.4840E+02
   6.760  0.1144E+01  0.1144E+01  0.4842E+02
   6.770  0.1191E+01  0.1191E+01  0.4845E+02
   6.780  0.1242E+01  0.1242E+01  0.4847E+02
   6.790  0.1296E+01  0.1296E+01  0.4850E+02
   6.800  0.1355E+01  0.1355E+01  0.4852E+02
   6.810  0.1418E+01  0.1418E+01  0.4855E+02
   6.820  0.1484E+01  0.1484E+01  0.4858E+02
   6.830  0.1553E+01  0.1553E+01  0.4861E+02
   6.840  0.1626E+01  0.1626E+01  0.4865E+02
   6.850  0.1702E+01  0.1703E+01  0.4868E+02
   6.860  0.1781E+01  0.1782E+01  0.4872E+02
   6.870  0.1863E+01  0.1863E+01  0.4875E+02
   6.880  0.1948E+01  0.1948E+01  0.4879E+02
   6.890  0.2034E+01  0.2034E+01  0.4883E+02
   6.900  0.2123E+01  0.2123E+01  0.4887E+02
   6.910  0.2213E+01  0.2213E+01  0.4892E+02
   6.920  0.2305E+01  0.2305E+01  0.4896E+02
   6.930  0.2397E+01  0.2397E+01  0.4901E+02
   6.940  0.2491E+01  0.2491E+01  0.4906E+02
   6.950  0.2585E+01  0.2585E+01  0.4911E+02
   6.960  0.2680E+01  0.2680E+01  0.4917E+02
   6.970  0.2774E+01  0.2774E+01  0.4922E+02
   6.980  0.2868E+01  0.2868E+01  0.4928E+02
   6.990  0.2961E+01  0.2961E+01  0.4934E+02
   7.000  0.3053E+01  0.3054E+01  0.4940E+02
   7.010  0.3144E+01  0.3144E+01  0.4946E+02
   7.020  0.3234E+01  0.3234E+01  0.4953E+02
   7.030  0.3321E+01  0.3321E+01  0.4960E+02
   7.040  0.3406E+01  0.3406E+01  0.4966E+02
   7.050  0.3489E+01  0.3489E+01  0.4973E+02
   7.060  0.3569E+01  0.3570E+01  0.4980E+02
   7.070  0.3647E+01  0.3647E+01  0.4988E+02
   7.080  0.3721E+01  0.3721E+01  0.4995E+02
   7.090  0.3793E+01  0.3793E+01  0.5003E+02
   7.100  0.3861E+01  0.3861E+01  0.5010E+02
   7.110  0.3925E+01  0.3925E+01  0.5018E+02
   7.120  0.3986E+01  0.3986E+01  0.5026E+02
   7.130  0.4043E+01  0.4044E+01  0.5034E+02
   7.140  0.4097E+01  0.4097E+01  0.5043E+02
   7.150  0.4147E+01  0.4147E+01  0.5051E+02
   7.160  0.4194E+01  0.4194E+01  0.5059E+02
   7.170  0.4237E+01  0.4237E+01  0.5068E+02
   7.180  0.4276E+01  0.4276E+01  0.5076E+02
   7.190  0.4312E+01  0.4312E+01  0.5085E+02
   7.200  0.4345E+01  0.4345E+01  0.5094E+02
   7.210  0.4374E+01  0.4374E+01  0.5102E+02
   7.220  0.4400E+01  0.4400E+01  0.5111E+02
   7.230  0.4424E+01  0.4424E+01  0.5120E+02
   7.240  0.4444E+01  0.4444E+01  0.5129E+02
   7.250  0.4462E+01  0.4462E+01  0.5138E+02
   7.260  0.4478E+01  0.4478E+01  0.5147E+02
   7.270  0.4491E+01  0.4491E+01  0.5156E+02
   7.280  0.4503E+01  0.4503E+01  0.5165E+02
   7.290  0.4512E+01  0.4512E+01  0.5174E+02
   7.300  0.4520E+01  0.4520E+01  0.5183E+02
   7.310  0.4527E+01  0.4527E+01  0.5192E+02
   7.320  0.4533E+01  0.4533E+01  0.5201E+02
   7.330  0.4538E+01  0.4538E+01  0.5210E+02
   7.340  0.4542E+01  0.4542E+01  0.5219E+02
   7.350  0.4546E+01  0.4546E+01  0.5228E+02
   7.360  0.4549E+01  0.4549E+01  0.5237E+02
   7.370  0.4553E+01  0.4553E+01  0.5246E+02
   7.380  0.4557E+01  0.4557E+01  0.5256E+02
   7.390  0.4561E+01  0.4561E+01  0.5265E+02
   7.400  0.4566E+01  0.4566E+01  0.5274E+02
   7.410  0.4571E+01  0.4571E+01  0.5283E+02
   7.420  0.4578E+01  0.4578E+01  0.5292E+02
   7.430  0.4585E+01  0.4585E+01  0.5301E+02
   7.440  0.4594E+01  0.4594E+01  0.5310E+02
   7.450  0.4603E+01  0.4603E+01  0.5320E+02
   7.460  0.4614E+01  0.4614E+01  0.5329E+02
   7.470  0.4627E+01  0.4627E+01  0.5338E+02
   7.480  0.4640E+01  0.4640E+01  0.5347E+02
   7.490  0.4656E+01  0.4656E+01  0.5357E+02
   7.500  0.4672E+01  0.4672E+01  0.5366E+02
   7.510  0.4690E+01  0.4690E+01  0.5375E+02
   7.520  0.4709E+01  0.4709E+01  0.5385E+02
   7.530  0.4730E+01  0.4730E+01  0.5394E+02
   7.540  0.4752E+01  0.4752E+01  0.5404E+02
   7.550  0.4774E+01  0.4774E+01  0.5413E+02
   7.560  0.4798E+01  0.4798E+01  0.5423E+02
   7.570  0.4823E+01  0.4823E+01  0.5433E+02
   7.580  0.4848E+01  0.4848E+01  0.5442E+02
   7.590  0.4874E+01  0.4874E+01  0.5452E+02
   7.600  0.4901E+01  0.4901E+01  0.5462E+02
   7.610  0.4927E+01  0.4927E+01  0.5472E+02
   7.620  0.4954E+01  0.4954E+01  0.5482E+02
   7.630  0.4980E+01  0.4980E+01  0.5492E+02
   7.640  0.5006E+01  0.5006E+01  0.5502E+02
   7.650  0.5031E+01  0.5031E+01  0.5512E+02
   7.660  0.5056E+01  0.5056E+01  0.5522E+02
   7.670  0.5080E+01  0.5080E+01  0.5532E+02
   7.680  0.5102E+01  0.5103E+01  0.5542E+02
   7.690  0.5124E+01  0.5124E+01  0.5552E+02
   7.700  0.5144E+01  0.5144E+01  0.5563E+02
   7.710  0.5162E+01  0.5162E+01  0.5573E+02
   7.720  0.5179E+01  0.5179E+01  0.5583E+02
   7.730  0.5194E+01  0.5194E+01  0.5594E+02
   7.740  0.5208E+01  0.5208E+01  0.5604E+02
   7.750  0.5219E+01  0.5219E+01  0.5615E+02
   7.760  0.5228E+01  0.5228E+01  0.5625E+02
   7.770  0.5236E+01  0.5236E+01  0.5636E+02
   7.780  0.5241E+01  0.5241E+01  0.5646E+02
   7.790  0.5244E+01  0.5244E+01  0.5656E+02
   7.800  0.5245E+01  0.5245E+01  0.5667E+02
   7.810  0.5245E+01  0.5245E+01  0.5677E+02
   7.820  0.5242E+01  0.5242E+01  0.5688E+02
   7.830  0.5238E+01  0.5238E+01  0.5698E+02
   7.840  0.5231E+01  0.5231E+01  0.5709E+02
   7.850  0.5223E+01  0.5223E+01  0.5719E+02
   7.860  0.5214E+01  0.5214E+01  0.5730E+02
   7.870  0.5203E+01  0.5203E+01  0.5740E+02
   7.880  0.5191E+01  0.5191E+01  0.5751E+02
   7.890  0.5177E+01  0.5177E+01  0.5761E+02
   7.900  0.5163E+01  0.5163E+01  0.5771E+02
   7.910  0.5148E+01  0.5148E+01  0.5782E+02
   7.920  0.5132E+01  0.5132E+01  0.5792E+02
   7.930  0.5115E+01  0.5115E+01  0.5802E+02
   7.940  0.5099E+01  0.5099E+01  0.5812E+02
   7.950  0.5082E+01  0.5082E+01  0.5822E+02
   7.960  0.5065E+01  0.5065E+01  0.5833E+02
   7.970  0.5048E+01  0.5048E+01  0.5843E+02
   7.980  0.5031E+01  0.5032E+01  0.5853E+02
   7.990  0.5016E+01  0.5016E+01  0.5863E+02
   8.000  0.5000E+01  0.5000E+01  0.5873E+02
   8.010  0.4986E+01  0.4986E+01  0.5883E+02
   8.020  0.4973E+01  0.4973E+01  0.5893E+02
   8.030  0.4961E+01  0.4961E+01  0.5903E+02
   8.040  0.4950E+01  0.4950E+01  0.5912E+02
   8.050  0.4940E+01  0.4941E+01  0.5922E+02
   8.060  0.4933E+01  0.4933E+01  0.5932E+02
   8.070  0.4927E+01  0.4927E+01  0.5942E+02
   8.080  0.4922E+01  0.4923E+01  0.5952E+02
   8.090  0.4920E+01  0.4920E+01  0.5962E+02
   8.100  0.4920E+01  0.4920E+01  0.5972E+02
   8.110  0.4922E+01  0.4922E+01  0.5981E+02
   8.120  0.4925E+01  0.4925E+01  0.5991E+02
   8.130  0.4931E+01  0.4931E+01  0.6001E+02
   8.140  0.4939E+01  0.4940E+01  0.6011E+02
   8.150  0.4950E+01  0.4950E+01  0.6021E+02
   8.160  0.4962E+01  0.4962E+01  0.6031E+02
   8.170  0.4977E+01  0.4977E+01  0.6041E+02
   8.180  0.4994E+01  0.4994E+01  0.6051E+02
   8.190  0.5013E+01  0.5013E+01  0.6061E+02
   8.200  0.5034E+01  0.5034E+01  0.6071E+02
   8.210  0.5057E+01  0.5057E+01  0.6081E+02
   8.220  0.5082E+01  0.5082E+01  0.6091E+02
   8.230  0.5108E+01  0.5109E+01  0.6101E+02
   8.240  0.5137E+01  0.5137E+01  0.6112E+02
   8.250  0.5167E+01  0.5167E+01  0.6122E+02
   8.260  0.5198E+01  0.5198E+01  0.6132E+02
   8.270  0.5231E+01  0.5231E+01  0.6143E+02
   8.280  0.5265E+01  0.5265E+01  0.6153E+02
   8.290  0.5300E+01  0.5300E+01  0.6164E+02
   8.300  0.5336E+01  0.5337E+01  0.6175E+02
   8.310  0.5373E+01  0.5373E+01  0.6185E+02
   8.320  0.5411E+01  0.5411E+01  0.6196E+02
   8.330  0.5449E+01  0.5449E+01  0.6207E+02
   8.340  0.5487E+01  0.5487E+01  0.6218E+02
   8.350  0.5526E+01  0.5526E+01  0.6229E+02
   8.360  0.5564E+01  0.5565E+01  0.6240E+02
   8.370  0.5603E+01  0.5603E+01  0.6251E+02
   8.380  0.5641E+01  0.5641E+01  0.6263E+02
   8.390  0.5678E+01  0.5679E+01  0.6274E+02
   8.400  0.5715E+01  0.5716E+01  0.6286E+02
   8.410  0.5752E+01  0.5752E+01  0.6297E+02
   8.420  0.5787E+01  0.5787E+01  0.6309E+02
   8.430  0.5821E+01  0.5821E+01  0.6320E+02
   8.440  0.5854E+01  0.5854E+01  0.6332E+02
   8.450  0.5885E+01  0.5885E+01  0.6344E+02
   8.460  0.5915E+01  0.5915E+01  0.6356E+02
   8.470  0.5943E+01  0.5943E+01  0.6367E+02
   8.480  0.5969E+01  0.5970E+01  0.6379E+02
   8.490  0.5994E+01  0.5994E+01  0.6391E+02
   8.500  0.6016E+01  0.6016E+01  0.6403E+02
   8.510  0.6036E+01  0.6036E+01  0.6415E+02
   8.520  0.6054E+01  0.6054E+01  0.6428E+02
   8.530  0.6069E+01  0.6069E+01  0.6440E+02
   8.540  0.6082E+01  0.6082E+01  0.6452E+02
   8.550  0.6092E+01  0.6092E+01  0.6464E+02
   8.560  0.6099E+01  0.6099E+01  0.6476E+02
   8.570  0.6104E+01  0.6104E+01  0.6488E+02
   8.580  0.6106E+01  0.6106E+01  0.6501E+02
   8.590  0.6105E+01  0.6105E+01  0.6513E+02
   8.600  0.6101E+01  0.6102E+01  0.6525E+02
   8.610  0.6095E+01  0.6095E+01  0.6537E+02
   8.620  0.6085E+01  0.6085E+01  0.6549E+02
   8.630  0.6073E+01  0.6073E+01  0.6562E+02
   8.640  0.6058E+01  0.6058E+01  0.6574E+02
   8.650  0.6039E+01  0.6039E+01  0.6586E+02
   8.660  0.6018E+01  0.6018E+01  0.6598E+02
   8.670  0.5994E+01  0.5994E+01  0.6610E+02
   8.680  0.5967E+01  0.5967E+01  0.6622E+02
   8.690  0.5937E+01  0.5937E+01  0.6634E+02
   8.700  0.5905E+01  0.5905E+01  0.6645E+02
   8.710  0.5869E+01  0.5869E+01  0.6657E+02
   8.720  0.5831E+01  0.5831E+01  0.6669E+02
   8.730  0.5790E+01  0.5790E+01  0.6680E+02
   8.740  0.5746E+01  0.5746E+01  0.6692E+02
   8.750  0.5699E+01  0.5699E+01  0.6703E+02
   8.760  0.5649E+01  0.5649E+01  0.6715E+02
   8.770  0.5597E+01  0.5597E+01  0.6726E+02
   8.780  0.5541E+01  0.5541E+01  0.6737E+02
   8.790  0.5483E+01  0.5483E+01  0.6748E+02
   8.800  0.5422E+01  0.5422E+01  0.6759E+02
   8.810  0.5357E+01  0.5357E+01  0.6769E+02
   8.820  0.5290E+01  0.5290E+01  0.6780E+02
   8.830  0.5219E+01  0.5219E+01  0.6790E+02
   8.840  0.5145E+01  0.5145E+01  0.6801E+02
   8.850  0.5068E+01  0.5068E+01  0.6811E+02
   8.860  0.4987E+01  0.4987E+01  0.6821E+02
   8.870  0.4903E+01  0.4903E+01  0.6831E+02
   8.880  0.4815E+01  0.4815E+01  0.6840E+02
   8.890  0.4724E+01  0.4724E+01  0.6850E+02
   8.900  0.4629E+01  0.4628E+01  0.6859E+02
   8.910  0.4530E+01  0.4529E+01  0.6868E+02
   8.920  0.4427E+01  0.4427E+01  0.6877E+02
   8.930  0.4320E+01  0.4320E+01  0.6886E+02
   8.940  0.4210E+01  0.4210E+01  0.6894E+02
   8.950  0.4096E+01  0.4096E+01  0.6902E+02
   8.960  0.3978E+01  0.3978E+01  0.6910E+02
   8.970  0.3857E+01  0.3856E+01  0.6918E+02
   8.980  0.3732E+01  0.3731E+01  0.6925E+02
   8.990  0.3603E+01  0.3603E+01  0.6932E+02
   9.000  0.3472E+01  0.3472E+01  0.6939E+02
   9.010  0.3338E+01  0.3337E+01  0.6946E+02
   9.020  0.3200E+01  0.3200E+01  0.6952E+02
   9.030  0.3061E+01  0.3060E+01  0.6959E+02
   9.040  0.2919E+01  0.2919E+01  0.6964E+02
   9.050  0.2776E+01  0.2775E+01  0.6970E+02
   9.060  0.2631E+01  0.2631E+01  0.6975E+02
   9.070  0.2485E+01  0.2485E+01  0.6980E+02
   9.080  0.2339E+01  0.2338E+01  0.6985E+02
   9.090  0.2192E+01  0.2192E+01  0.6989E+02
   9.100  0.2046E+01  0.2046E+01  0.6993E+02
   9.110  0.1901E+01  0.1901E+01  0.6997E+02
   9.120  0.1757E+01  0.1757E+01  0.7001E+02
   9.130  0.1615E+01  0.1614E+01  0.7004E+02
   9.140  0.1475E+01  0.1474E+01  0.7007E+02
   9.150  0.1337E+01  0.1337E+01  0.7010E+02
   9.160  0.1203E+01  0.1203E+01  0.7012E+02
   9.170  0.1073E+01  0.1072E+01  0.7014E+02
   9.180  0.9464E+00  0.9460E+00  0.7016E+02
   9.190  0.8243E+00  0.8239E+00  0.7018E+02
   9.200  0.7070E+00  0.7066E+00  0.7019E+02
   9.210  0.5948E+00  0.5944E+00  0.7020E+02
   9.220  0.4880E+00  0.4877E+00  0.7021E+02
   9.230  0.3869E+00  0.3866E+00  0.7022E+02
   9.240  0.2916E+00  0.2913E+00  0.7023E+02
   9.250  0.2024E+00  0.2021E+00  0.7023E+02
   9.260  0.1193E+00  0.1190E+00  0.7023E+02
   9.270  0.4246E-01  0.4221E-01  0.7023E+02
   9.280 -0.2812E-01 -0.2835E-01  0.7023E+02
   9.290 -0.9242E-01 -0.9263E-01  0.7023E+02
   9.300 -0.1505E+00 -0.1507E+00  0.7023E+02
   9.310 -0.2025E+00 -0.2026E+00  0.7022E+02
   9.320 -0.2484E+00 -0.2486E+00  0.7022E+02
   9.330 -0.2886E+00 -0.2887E+00  0.7021E+02
   9.340 -0.3230E+00 -0.3232E+00  0.7021E+02
   9.350 -0.3521E+00 -0.3522E+00  0.7020E+02
   9.360 -0.3760E+00 -0.3761E+00  0.7019E+02
   9.370 -0.3950E+00 -0.3951E+00  0.7018E+02
   9.380 -0.4095E+00 -0.4095E+00  0.7018E+02
   9.390 -0.4196E+00 -0.4196E+00  0.7017E+02
   9.400 -0.4258E+00 -0.4258E+00  0.7016E+02
   9.410 -0.4283E+00 -0.4283E+00  0.7015E+02
   9.420 -0.4275E+00 -0.4275E+00  0.7014E+02
   9.430 -0.4238E+00 -0.4238E+00  0.7013E+02
   9.440 -0.4174E+00 -0.4174E+00  0.7012E+02
   9.450 -0.4086E+00 -0.4086E+00  0.7012E+02
   9.460 -0.3979E+00 -0.3978E+00  0.7011E+02
   9.470 -0.3854E+00 -0.3853E+00  0.7010E+02
   9.480 -0.3715E+00 -0.3714E+00  0.7009E+02
   9.490 -0.3564E+00 -0.3563E+00  0.7009E+02
   9.500 -0.3404E+00 -0.3403E+00  0.7008E+02
   9.510 -0.3237E+00 -0.3237E+00  0.7007E+02
   9.520 -0.3066E+00 -0.3066E+00  0.7007E+02
   9.530 -0.2893E+00 -0.2892E+00  0.7006E+02
   9.540 -0.2719E+00 -0.2718E+00  0.7006E+02
   9.550 -0.2546E+00 -0.2545E+00  0.7005E+02
   9.560 -0.2375E+00 -0.2374E+00  0.7005E+02
   9.570 -0.2207E+00 -0.2207E+00  0.7004E+02
   9.580 -0.2045E+00 -0.2044E+00  0.7004E+02
   9.590 -0.1888E+00 -0.1887E+00  0.7003E+02
   9.600 -0.1737E+00 -0.1736E+00  0.7003E+02
   9.610 -0.1593E+00 -0.1592E+00  0.7003E+02
   9.620 -0.1456E+00 -0.1455E+00  0.7002E+02
   9.630 -0.1326E+00 -0.1326E+00  0.7002E+02
   9.640 -0.1205E+00 -0.1204E+00  0.7002E+02
   9.650 -0.1091E+00 -0.1090E+00  0.7002E+02
   9.660 -0.9844E-01 -0.9840E-01  0.7001E+02
   9.670 -0.8857E-01 -0.8854E-01  0.7001E+02
   9.680 -0.7945E-01 -0.7942E-01  0.7001E+02
   9.690 -0.7106E-01 -0.7103E-01  0.7001E+02
   9.700 -0.6336E-01 -0.6334E-01  0.7001E+02
   9.710 -0.5633E-01 -0.5631E-01  0.7001E+02
   9.720 -0.4993E-01 -0.4991E-01  0.7001E+02
   9.730 -0.4412E-01 -0.4411E-01  0.7001E+02
   9.740 -0.3888E-01 -0.3887E-01  0.7000E+02
   9.750 -0.3416E-01 -0.3415E-01  0.7000E+02
   9.760 -0.2993E-01 -0.2992E-01  0.7000E+02
   9.770 -0.2615E-01 -0.2613E-01  0.7000E+02
   9.780 -0.2278E-01 -0.2277E-01  0.7000E+02
   9.790 -0.1978E-01 -0.1977E-01  0.7000E+02
   9.800 -0.1713E-01 -0.1713E-01  0.7000E+02
   9.810 -0.1480E-01 -0.1479E-01  0.7000E+02
   9.820 -0.1274E-01 -0.1274E-01  0.7000E+02
   9.830 -0.1094E-01 -0.1094E-01  0.7000E+02
   9.840 -0.9373E-02 -0.9368E-02  0.7000E+02
   9.850 -0.8004E-02 -0.8000E-02  0.7000E+02
   9.860 -0.6816E-02 -0.6812E-02  0.7000E+02
   9.870 -0.5788E-02 -0.5785E-02  0.7000E+02
   9.880 -0.4902E-02 -0.4899E-02  0.7000E+02
   9.890 -0.4140E-02 -0.4137E-02  0.7000E+02
   9.900 -0.3486E-02 -0.3484E-02  0.7000E+02
   9.910 -0.2928E-02 -0.2926E-02  0.7000E+02
   9.920 -0.2452E-02 -0.2450E-02  0.7000E+02
   9.930 -0.2048E-02 -0.2047E-02  0.7000E+02
   9.940 -0.1706E-02 -0.1705E-02  0.7000E+02
   9.950 -0.1417E-02 -0.1416E-02  0.7000E+02
   9.960 -0.1173E-02 -0.1173E-02  0.7000E+02
   9.970 -0.9693E-03 -0.9686E-03  0.7000E+02
   9.980 -0.7985E-03 -0.7979E-03  0.7000E+02
   9.990 -0.6559E-03 -0.6555E-03  0.7000E+02
  10.000 -0.5374E-03 -0.5370E-03  0.7000E+02
  10.010 -0.4390E-03 -0.4387E-03  0.7000E+02
  10.020 -0.3577E-03 -0.3575E-03  0.7000E+02
  10.030 -0.2907E-03 -0.2905E-03  0.7000E+02
  10.040 -0.2355E-03 -0.2354E-03  0.7000E+02
  10.050 -0.1903E-03 -0.1902E-03  0.7000E+02
  10.060 -0.1534E-03 -0.1533E-03  0.7000E+02
  10.070 -0.1233E-03 -0.1232E-03  0.7000E+02
  10.080 -0.9883E-04 -0.9875E-04  0.7000E+02
  10.090 -0.7900E-04 -0.7894E-04  0.7000E+02
  10.100 -0.6298E-04 -0.6293E-04  0.7000E+02
  10.110 -0.5007E-04 -0.5003E-04  0.7000E+02
  10.120 -0.3970E-04 -0.3966E-04  0.7000E+02
  10.130 -0.3139E-04 -0.3136E-04  0.7000E+02
  10.140 -0.2475E-04 -0.2473E-04  0.7000E+02
  10.150 -0.1947E-04 -0.1945E-04  0.7000E+02
  10.160 -0.1527E-04 -0.1525E-04  0.7000E+02
  10.170 -0.1194E-04 -0.1193E-04  0.7000E+02
  10.180 -0.9314E-05 -0.9306E-05  0.7000E+02
  10.190 -0.7246E-05 -0.7239E-05  0.7000E+02
  10.200 -0.5621E-05 -0.5616E-05  0.7000E+02
  10.210 -0.4349E-05 -0.4346E-05  0.7000E+02
  10.220 -0.3356E-05 -0.3353E-05  0.7000E+02
  10.230 -0.2583E-05 -0.2580E-05  0.7000E+02
  10.240 -0.1982E-05 -0.1980E-05  0.7000E+02
  10.250 -0.1517E-05 -0.1516E-05  0.7000E+02
  10.260 -0.1158E-05 -0.1157E-05  0.7000E+02
  10.270 -0.8815E-06 -0.8807E-06  0.7000E+02
  10.280 -0.6692E-06 -0.6686E-06  0.7000E+02
  10.290 -0.5067E-06 -0.5062E-06  0.7000E+02
  10.300 -0.3826E-06 -0.3822E-06  0.7000E+02
  10.310 -0.2881E-06 -0.2878E-06  0.7000E+02
  10.320 -0.2164E-06 -0.2162E-06  0.7000E+02
  10.330 -0.1621E-06 -0.1619E-06  0.7000E+02
  10.340 -0.1211E-06 -0.1209E-06  0.7000E+02
  10.350 -0.9019E-07 -0.9009E-07  0.7000E+02
  10.360 -0.6700E-07 -0.6693E-07  0.7000E+02
  10.370 -0.4965E-07 -0.4959E-07  0.7000E+02
  10.380 -0.3669E-07 -0.3665E-07  0.7000E+02
  10.390 -0.2704E-07 -0.2701E-07  0.7000E+02
  10.400 -0.1987E-07 -0.1985E-07  0.7000E+02
  10.410 -0.1456E-07 -0.1455E-07  0.7000E+02
  10.420 -0.1065E-07 -0.1063E-07  0.7000E+02
  10.430 -0.7761E-08 -0.7753E-08  0.7000E+02
  10.440 -0.5643E-08 -0.5637E-08  0.7000E+02
  10.450 -0.4092E-08 -0.4087E-08  0.7000E+02
  10.460 -0.2959E-08 -0.2956E-08  0.7000E+02
  10.470 -0.2134E-08 -0.2132E-08  0.7000E+02
  10.480 -0.1535E-08 -0.1533E-08  0.7000E+02
  10.490 -0.1101E-08 -0.1100E-08  0.7000E+02
  10.500 -0.7877E-09 -0.7867E-09  0.7000E+02
  10.510 -0.5620E-09 -0.5613E-09  0.7000E+02
  10.520 -0.3999E-09 -0.3994E-09  0.7000E+02
  10.530 -0.2838E-09 -0.2834E-09  0.7000E+02
  10.540 -0.2008E-09 -0.2006E-09  0.7000E+02
  10.550 -0.1417E-09 -0.1416E-09  0.7000E+02
  10.560 -0.9977E-10 -0.9965E-10  0.7000E+02
  10.570 -0.7004E-10 -0.6995E-10  0.7000E+02
  10.580 -0.4904E-10 -0.4897E-10  0.7000E+02
  10.590 -0.3424E-10 -0.3419E-10  0.7000E+02
  10.600 -0.2384E-10 -0.2381E-10  0.7000E+02
  10.610 -0.1656E-10 -0.1654E-10  0.7000E+02
  10.620 -0.1147E-10 -0.1145E-10  0.7000E+02
  10.630 -0.7922E-11 -0.7911E-11  0.7000E+02
  10.640 -0.5457E-11 -0.5450E-11  0.7000E+02
  10.650 -0.3749E-11 -0.3744E-11  0.7000E+02
  10.660 -0.2569E-11 -0.2566E-11  0.7000E+02
  10.670 -0.1755E-11 -0.1753E-11  0.7000E+02
  10.680 -0.1196E-11 -0.1195E-11  0.7000E+02
  10.690 -0.8131E-12 -0.8120E-12  0.7000E+02
  10.700 -0.5512E-12 -0.5504E-12  0.7000E+02
  10.710 -0.3726E-12 -0.3721E-12  0.7000E+02
  10.720 -0.2512E-12 -0.2509E-12  0.7000E+02
  10.730 -0.1689E-12 -0.1687E-12  0.7000E+02
  10.740 -0.1133E-12 -0.1131E-12  0.7000E+02
  10.750 -0.7575E-13 -0.7565E-13  0.7000E+02
  10.760 -0.5053E-13 -0.5045E-13  0.7000E+02
  10.770 -0.3361E-13 -0.3356E-13  0.7000E+02
  10.780 -0.2230E-13 -0.2226E-13  0.7000E+02
  10.790 -0.1475E-13 -0.1473E-13  0.7000E+02
  10.800 -0.9734E-14 -0.9720E-14  0.7000E+02
  10.810 -0.6406E-14 -0.6396E-14  0.7000E+02
  10.820 -0.4204E-14 -0.4198E-14  0.7000E+02
  10.830 -0.2752E-14 -0.2748E-14  0.7000E+02
  10.840 -0.1796E-14 -0.1793E-14  0.7000E+02
  10.850 -0.1169E-14 -0.1168E-14  0.7000E+02
  10.860 -0.7592E-15 -0.7581E-15  0.7000E+02
  10.870 -0.4916E-15 -0.4909E-15  0.7000E+02
  10.880 -0.3175E-15 -0.3170E-15  0.7000E+02
  10.890 -0.2045E-15 -0.2042E-15  0.7000E+02
  10.900 -0.1313E-15 -0.1311E-15  0.7000E+02
  10.910 -0.8414E-16 -0.8400E-16  0.7000E+02
  10.920 -0.5375E-16 -0.5367E-16  0.7000E+02
  10.930 -0.3425E-16 -0.3419E-16  0.7000E+02
  10.940 -0.2176E-16 -0.2173E-16  0.7000E+02
  10.950 -0.1379E-16 -0.1377E-16  0.7000E+02
  10.960 -0.8717E-17 -0.8703E-17  0.7000E+02
  10.970 -0.5495E-17 -0.5486E-17  0.7000E+02
  10.980 -0.3454E-17 -0.3449E-17  0.7000E+02
  10.990 -0.2166E-17 -0.2162E-17  0.7000E+02
  11.000 -0.1354E-17 -0.1352E-17  0.7000E+02
  11.010 -0.8445E-18 -0.8430E-18  0.7000E+02
  11.020 -0.5252E-18 -0.5243E-18  0.7000E+02
  11.030 -0.3257E-18 -0.3252E-18  0.7000E+02
  11.040 -0.2015E-18 -0.2012E-18  0.7000E+02
  11.050 -0.1243E-18 -0.1241E-18  0.7000E+02
  11.060 -0.7649E-19 -0.7635E-19  0.7000E+02
  11.070 -0.4693E-19 -0.4685E-19  0.7000E+02
  11.080 -0.2872E-19 -0.2867E-19  0.7000E+02
  11.090 -0.1753E-19 -0.1750E-19  0.7000E+02
  11.100 -0.1067E-19 -0.1065E-19  0.7000E+02
  11.110 -0.6477E-20 -0.6466E-20  0.7000E+02
  11.120 -0.3922E-20 -0.3914E-20  0.7000E+02
  11.130 -0.2368E-20 -0.2364E-20  0.7000E+02
  11.140 -0.1426E-20 -0.1423E-20  0.7000E+02
  11.150 -0.8563E-21 -0.8547E-21  0.7000E+02
  11.160 -0.5129E-21 -0.5119E-21  0.7000E+02
  11.170 -0.3064E-21 -0.3058E-21  0.7000E+02
  11.180 -0.1825E-21 -0.1822E-21  0.7000E+02
  11.190 -0.1084E-21 -0.1082E-21  0.7000E+02
  11.200 -0.6426E-22 -0.6413E-22  0.7000E+02
  11.210 -0.3797E-22 -0.3790E-22  0.7000E+02
  11.220 -0.2238E-22 -0.2234E-22  0.7000E+02
  11.230 -0.1315E-22 -0.1313E-22  0.7000E+02
  11.240 -0.7706E-23 -0.7691E-23  0.7000E+02
  11.250 -0.4499E-23 -0.4491E-23  0.7000E+02
  11.260 -0.2613E-23 -0.2608E-23  0.7000E+02
  11.270 -0.1501E-23 -0.1498E-23  0.7000E+02
  11.280 -0.8379E-24 -0.8362E-24  0.7000E+02
  11.290 -0.4282E-24 -0.4274E-24  0.7000E+02
  11.300 -0.1492E-24 -0.1490E-24  0.7000E+02
  11.310  0.8323E-25  0.8295E-25  0.7000E+02
  11.320  0.3393E-24  0.3385E-24  0.7000E+02
  11.330  0.6956E-24  0.6939E-24  0.7000E+02
  11.340  0.1257E-23  0.1254E-23  0.7000E+02
  11.350  0.2187E-23  0.2182E-23  0.7000E+02
  11.360  0.3752E-23  0.3743E-23  0.7000E+02
  11.370  0.6397E-23  0.6382E-23  0.7000E+02
  11.380  0.1086E-22  0.1084E-22  0.7000E+02
  11.390  0.1839E-22  0.1835E-22  0.7000E+02
  11.400  0.3105E-22  0.3098E-22  0.7000E+02
  11.410  0.5228E-22  0.5216E-22  0.7000E+02
  11.420  0.8779E-22  0.8758E-22  0.7000E+02
  11.430  0.1470E-21  0.1467E-21  0.7000E+02
  11.440  0.2456E-21  0.2450E-21  0.7000E+02
  11.450  0.4091E-21  0.4082E-21  0.7000E+02
  11.460  0.6797E-21  0.6781E-21  0.7000E+02
  11.470  0.1126E-20  0.1124E-20  0.7000E+02
  11.480  0.1861E-20  0.1857E-20  0.7000E+02
  11.490  0.3068E-20  0.3061E-20  0.7000E+02
  11.500  0.5043E-20  0.5032E-20  0.7000E+02
  11.510  0.8269E-20  0.8251E-20  0.7000E+02
  11.520  0.1352E-19  0.1349E-19  0.7000E+02
  11.530  0.2205E-19  0.2200E-19  0.7000E+02
  11.540  0.3587E-19  0.3579E-19  0.7000E+02
  11.550  0.5819E-19  0.5806E-19  0.7000E+02
  11.560  0.9414E-19  0.9394E-19  0.7000E+02
  11.570  0.1519E-18  0.1516E-18  0.7000E+02
  11.580  0.2445E-18  0.2440E-18  0.7000E+02
  11.590  0.3925E-18  0.3916E-18  0.7000E+02
  11.600  0.6283E-18  0.6270E-18  0.7000E+02
  11.610  0.1003E-17  0.1001E-17  0.7000E+02
  11.620  0.1598E-17  0.1594E-17  0.7000E+02
  11.630  0.2537E-17  0.2532E-17  0.7000E+02
  11.640  0.4019E-17  0.4011E-17  0.7000E+02
  11.650  0.6350E-17  0.6337E-17  0.7000E+02
  11.660  0.1001E-16  0.9985E-17  0.7000E+02
  11.670  0.1572E-16  0.1569E-16  0.7000E+02
  11.680  0.2465E-16  0.2460E-16  0.7000E+02
  11.690  0.3853E-16  0.3845E-16  0.7000E+02
  11.700  0.6007E-16  0.5995E-16  0.7000E+02
  11.710  0.9341E-16  0.9323E-16  0.7000E+02
  11.720  0.1449E-15  0.1446E-15  0.7000E+02
  11.730  0.2241E-15  0.2237E-15  0.7000E+02
  11.740  0.3457E-15  0.3451E-15  0.7000E+02
  11.750  0.5320E-15  0.5310E-15  0.7000E+02
  11.760  0.8164E-15  0.8149E-15  0.7000E+02
  11.770  0.1250E-14  0.1247E-14  0.7000E+02
  11.780  0.1908E-14  0.1904E-14  0.7000E+02
  11.790  0.2905E-14  0.2899E-14  0.7000E+02
  11.800  0.4411E-14  0.4403E-14  0.7000E+02
  11.810  0.6681E-14  0.6669E-14  0.7000E+02
  11.820  0.1009E-13  0.1007E-13  0.7000E+02
  11.830  0.1521E-13  0.1518E-13  0.7000E+02
  11.840  0.2285E-13  0.2281E-13  0.7000E+02
  11.850  0.3425E-13  0.3419E-13  0.7000E+02
  11.860  0.5119E-13  0.5110E-13  0.7000E+02
  11.870  0.7633E-13  0.7619E-13  0.7000E+02
  11.880  0.1135E-12  0.1133E-12  0.7000E+02
  11.890  0.1683E-12  0.1680E-12  0.7000E+02
  11.900  0.2490E-12  0.2486E-12  0.7000E+02
  11.910  0.3674E-12  0.3667E-12  0.7000E+02
  11.920  0.5406E-12  0.5397E-12  0.7000E+02
  11.930  0.7934E-12  0.7921E-12  0.7000E+02
  11.940  0.1161E-11  0.1159E-11  0.7000E+02
  11.950  0.1696E-11  0.1693E-11  0.7000E+02
  11.960  0.2469E-11  0.2465E-11  0.7000E+02
  11.970  0.3587E-11  0.3581E-11  0.7000E+02
  11.980  0.5196E-11  0.5187E-11  0.7000E+02
  11.990  0.7507E-11  0.7495E-11  0.7000E+02
  12.000  0.1082E-10  0.1080E-10  0.7000E+02
  12.010  0.1555E-10  0.1552E-10  0.7000E+02
  12.020  0.2229E-10  0.2226E-10  0.7000E+02
  12.030  0.3187E-10  0.3182E-10  0.7000E+02
  12.040  0.4546E-10  0.4538E-10  0.7000E+02
  12.050  0.6466E-10  0.6456E-10  0.7000E+02
  12.060  0.9173E-10  0.9159E-10  0.7000E+02
  12.070  0.1298E-09  0.1296E-09  0.7000E+02
  12.080  0.1832E-09  0.1829E-09  0.7000E+02
  12.090  0.2579E-09  0.2575E-09  0.7000E+02
  12.100  0.3621E-09  0.3616E-09  0.7000E+02
  12.110  0.5072E-09  0.5064E-09  0.7000E+02
  12.120  0.7084E-09  0.7074E-09  0.7000E+02
  12.130  0.9870E-09  0.9855E-09  0.7000E+02
  12.140  0.1372E-08  0.1370E-08  0.7000E+02
  12.150  0.1901E-08  0.1898E-08  0.7000E+02
  12.160  0.2628E-08  0.2624E-08  0.7000E+02
  12.170  0.3624E-08  0.3619E-08  0.7000E+02
  12.180  0.4984E-08  0.4977E-08  0.7000E+02
  12.190  0.6837E-08  0.6827E-08  0.7000E+02
  12.200  0.9354E-08  0.9342E-08  0.7000E+02
  12.210  0.1277E-07  0.1275E-07  0.7000E+02
  12.220  0.1738E-07  0.1735E-07  0.7000E+02
  12.230  0.2359E-07  0.2356E-07  0.7000E+02
  12.240  0.3195E-07  0.3191E-07  0.7000E+02
  12.250  0.4316E-07  0.4310E-07  0.7000E+02
  12.260  0.5815E-07  0.5807E-07  0.7000E+02
  12.270  0.7814E-07  0.7804E-07  0.7000E+02
  12.280  0.1047E-06  0.1046E-06  0.7000E+02
  12.290  0.1400E-06  0.1399E-06  0.7000E+02
  12.300  0.1868E-06  0.1865E-06  0.7000E+02
  12.310  0.2484E-06  0.2481E-06  0.7000E+02
  12.320  0.3296E-06  0.3292E-06  0.7000E+02
  12.330  0.4361E-06  0.4356E-06  0.7000E+02
  12.340  0.5757E-06  0.5750E-06  0.7000E+02
  12.350  0.7580E-06  0.7571E-06  0.7000E+02
  12.360  0.9954E-06  0.9943E-06  0.7000E+02
  12.370  0.1304E-05  0.1302E-05  0.7000E+02
  12.380  0.1704E-05  0.1702E-05  0.7000E+02
  12.390  0.2220E-05  0.2218E-05  0.7000E+02
  12.400  0.2886E-05  0.2883E-05  0.7000E+02
  12.410  0.3743E-05  0.3739E-05  0.7000E+02
  12.420  0.4841E-05  0.4835E-05  0.7000E+02
  12.430  0.6245E-05  0.6238E-05  0.7000E+02
  12.440  0.8037E-05  0.8028E-05  0.7000E+02
  12.450  0.1032E-04  0.1030E-04  0.7000E+02
  12.460  0.1321E-04  0.1319E-04  0.7000E+02
  12.470  0.1687E-04  0.1685E-04  0.7000E+02
  12.480  0.2149E-04  0.2146E-04  0.7000E+02
  12.490  0.2730E-04  0.2727E-04  0.7000E+02
  12.500  0.3461E-04  0.3457E-04  0.7000E+02
  12.510  0.4375E-04  0.4371E-04  0.7000E+02
  12.520  0.5517E-04  0.5512E-04  0.7000E+02
  12.530  0.6941E-04  0.6934E-04  0.7000E+02
  12.540  0.8709E-04  0.8700E-04  0.7000E+02
  12.550  0.1090E-03  0.1089E-03  0.7000E+02
  12.560  0.1361E-03  0.1360E-03  0.7000E+02
  12.570  0.1695E-03  0.1693E-03  0.7000E+02
  12.580  0.2105E-03  0.2103E-03  0.7000E+02
  12.590  0.2609E-03  0.2606E-03  0.7000E+02
  12.600  0.3224E-03  0.3222E-03  0.7000E+02
  12.610  0.3976E-03  0.3972E-03  0.7000E+02
  12.620  0.4889E-03  0.4885E-03  0.7000E+02
  12.630  0.5998E-03  0.5993E-03  0.7000E+02
  12.640  0.7341E-03  0.7334E-03  0.7000E+02
  12.650  0.8961E-03  0.8953E-03  0.7000E+02
  12.660  0.1091E-02  0.1090E-02  0.7000E+02
  12.670  0.1325E-02  0.1324E-02  0.7000E+02
  12.680  0.1606E-02  0.1605E-02  0.7000E+02
  12.690  0.1941E-02  0.1939E-02  0.7000E+02
  12.700  0.2340E-02  0.2338E-02  0.7000E+02
  12.710  0.2814E-02  0.2812E-02  0.7000E+02
  12.720  0.3376E-02  0.3374E-02  0.7000E+02
  12.730  0.4041E-02  0.4037E-02  0.7000E+02
  12.740  0.4824E-02  0.4820E-02  0.7000E+02
  12.750  0.5744E-02  0.5740E-02  0.7000E+02
  12.760  0.6824E-02  0.6819E-02  0.7000E+02
  12.770  0.8086E-02  0.8080E-02  0.7000E+02
  12.780  0.9558E-02  0.9552E-02  0.7000E+02
  12.790  0.1127E-01  0.1126E-01  0.7000E+02
  12.800  0.1326E-01  0.1325E-01  0.7000E+02
  12.810  0.1556E-01  0.1555E-01  0.7000E+02
  12.820  0.1821E-01  0.1820E-01  0.7000E+02
  12.830  0.2127E-01  0.2125E-01  0.7000E+02
  12.840  0.2477E-01  0.2476E-01  0.7000E+02
  12.850  0.2879E-01  0.2877E-01  0.7000E+02
  12.860  0.3337E-01  0.3335E-01  0.7000E+02
  12.870  0.3859E-01  0.3857E-01  0.7001E+02
  12.880  0.4452E-01  0.4449E-01  0.7001E+02
  12.890  0.5124E-01  0.5121E-01  0.7001E+02
  12.900  0.5882E-01  0.5879E-01  0.7001E+02
  12.910  0.6737E-01  0.6733E-01  0.7001E+02
  12.920  0.7698E-01  0.7693E-01  0.7001E+02
  12.930  0.8774E-01  0.8769E-01  0.7001E+02
  12.940  0.9977E-01  0.9972E-01  0.7001E+02
  12.950  0.1132E+00  0.1131E+00  0.7002E+02
  12.960  0.1281E+00  0.1280E+00  0.7002E+02
  12.970  0.1446E+00  0.1445E+00  0.7002E+02
  12.980  0.1629E+00  0.1628E+00  0.7003E+02
  12.990  0.1830E+00  0.1830E+00  0.7003E+02
  13.000  0.2052E+00  0.2051E+00  0.7003E+02
  13.010  0.2295E+00  0.2294E+00  0.7004E+02
  13.020  0.2561E+00  0.2560E+00  0.7004E+02
  13.030  0.2851E+00  0.2850E+00  0.7005E+02
  13.040  0.3166E+00  0.3165E+00  0.7006E+02
  13.050  0.3509E+00  0.3507E+00  0.7006E+02
  13.060  0.3879E+00  0.3878E+00  0.7007E+02
  13.070  0.4279E+00  0.4277E+00  0.7008E+02
  13.080  0.4709E+00  0.4707E+00  0.7009E+02
  13.090  0.5170E+00  0.5169E+00  0.7010E+02
  13.100  0.5665E+00  0.5662E+00  0.7011E+02
  13.110  0.6192E+00  0.6190E+00  0.7012E+02
  13.120  0.6753E+00  0.6751E+00  0.7014E+02
  13.130  0.7349E+00  0.7347E+00  0.7015E+02
  13.140  0.7980E+00  0.7977E+00  0.7017E+02
  13.150  0.8646E+00  0.8643E+00  0.7018E+02
  13.160  0.9347E+00  0.9345E+00  0.7020E+02
  13.170  0.1008E+01  0.1008E+01  0.7022E+02
  13.180  0.1085E+01  0.1085E+01  0.7024E+02
  13.190  0.1166E+01  0.1166E+01  0.7027E+02
  13.200  0.1250E+01  0.1250E+01  0.7029E+02
  13.210  0.1337E+01  0.1337E+01  0.7032E+02
  13.220  0.1427E+01  0.1427E+01  0.7035E+02
  13.230  0.1520E+01  0.1520E+01  0.7038E+02
  13.240  0.1616E+01  0.1616E+01  0.7041E+02
  13.250  0.1715E+01  0.1714E+01  0.7044E+02
  13.260  0.1816E+01  0.1815E+01  0.7048E+02
  13.270  0.1919E+01  0.1918E+01  0.7052E+02
  13.280  0.2023E+01  0.2023E+01  0.7056E+02
  13.290  0.2130E+01  0.2130E+01  0.7060E+02
  13.300  0.2238E+01  0.2237E+01  0.7065E+02
  13.310  0.2347E+01  0.2346E+01  0.7069E+02
  13.320  0.2456E+01  0.2456E+01  0.7074E+02
  13.330  0.2566E+01  0.2566E+01  0.7079E+02
  13.340  0.2676E+01  0.2676E+01  0.7085E+02
  13.350  0.2786E+01  0.2785E+01  0.7090E+02
  13.360  0.2895E+01  0.2894E+01  0.7096E+02
  13.370  0.3003E+01  0.3002E+01  0.7102E+02
  13.380  0.3109E+01  0.3109E+01  0.7108E+02
  13.390  0.3214E+01  0.3214E+01  0.7115E+02
  13.400  0.3317E+01  0.3316E+01  0.7121E+02
  13.410  0.3417E+01  0.3417E+01  0.7128E+02
  13.420  0.3515E+01  0.3515E+01  0.7135E+02
  13.430  0.3609E+01  0.3609E+01  0.7143E+02
  13.440  0.3701E+01  0.3700E+01  0.7150E+02
  13.450  0.3788E+01  0.3788E+01  0.7158E+02
  13.460  0.3871E+01  0.3871E+01  0.7165E+02
  13.470  0.3950E+01  0.3950E+01  0.7173E+02
  13.480  0.4025E+01  0.4025E+01  0.7181E+02
  13.490  0.4095E+01  0.4094E+01  0.7189E+02
  13.500  0.4159E+01  0.4159E+01  0.7198E+02
  13.510  0.4219E+01  0.4218E+01  0.7206E+02
  13.520  0.4272E+01  0.4272E+01  0.7215E+02
  13.530  0.4321E+01  0.4321E+01  0.7223E+02
  13.540  0.4363E+01  0.4363E+01  0.7232E+02
  13.550  0.4399E+01  0.4399E+01  0.7241E+02
  13.560  0.4430E+01  0.4430E+01  0.7250E+02
  13.570  0.4454E+01  0.4454E+01  0.7259E+02
  13.580  0.4471E+01  0.4472E+01  0.7268E+02
  13.590  0.4483E+01  0.4483E+01  0.7277E+02
  13.600  0.4488E+01  0.4488E+01  0.7286E+02
  13.610  0.4487E+01  0.4487E+01  0.7294E+02
  13.620  0.4480E+01  0.4480E+01  0.7303E+02
  13.630  0.4466E+01  0.4466E+01  0.7312E+02
  13.640  0.4446E+01  0.4446E+01  0.7321E+02
  13.650  0.4420E+01  0.4420E+01  0.7330E+02
  13.660  0.4388E+01  0.4388E+01  0.7339E+02
  13.670  0.4350E+01  0.4350E+01  0.7348E+02
  13.680  0.4307E+01  0.4307E+01  0.7356E+02
  13.690  0.4258E+01  0.4258E+01  0.7365E+02
  13.700  0.4204E+01  0.4204E+01  0.7373E+02
  13.710  0.4145E+01  0.4146E+01  0.7381E+02
  13.720  0.4082E+01  0.4082E+01  0.7390E+02
  13.730  0.4014E+01  0.4014E+01  0.7398E+02
  13.740  0.3942E+01  0.3943E+01  0.7406E+02
  13.750  0.3867E+01  0.3867E+01  0.7413E+02
  13.760  0.3788E+01  0.3789E+01  0.7421E+02
  13.770  0.3706E+01  0.3707E+01  0.7428E+02
  13.780  0.3622E+01  0.3623E+01  0.7435E+02
  13.790  0.3536E+01  0.3536E+01  0.7443E+02
  13.800  0.3447E+01  0.3448E+01  0.7449E+02
  13.810  0.3358E+01  0.3358E+01  0.7456E+02
  13.820  0.3267E+01  0.3267E+01  0.7463E+02
  13.830  0.3175E+01  0.3176E+01  0.7469E+02
  13.840  0.3083E+01  0.3084E+01  0.7475E+02
  13.850  0.2992E+01  0.2992E+01  0.7481E+02
  13.860  0.2900E+01  0.2901E+01  0.7487E+02
  13.870  0.2809E+01  0.2810E+01  0.7493E+02
  13.880  0.2720E+01  0.2720E+01  0.7498E+02
  13.890  0.2631E+01  0.2632E+01  0.7503E+02
  13.900  0.2545E+01  0.2545E+01  0.7508E+02
  13.910  0.2460E+01  0.2460E+01  0.7513E+02
  13.920  0.2377E+01  0.2377E+01  0.7518E+02
  13.930  0.2296E+01  0.2296E+01  0.7523E+02
  13.940  0.2217E+01  0.2218E+01  0.7527E+02
  13.950  0.2142E+01  0.2142E+01  0.7531E+02
  13.960  0.2068E+01  0.2068E+01  0.7536E+02
  13.970  0.1998E+01  0.1998E+01  0.7540E+02
  13.980  0.1930E+01  0.1930E+01  0.7543E+02
  13.990  0.1864E+01  0.1865E+01  0.7547E+02
  14.000  0.1802E+01  0.1802E+01  0.7551E+02
  14.010  0.1742E+01  0.1742E+01  0.7554E+02
  14.020  0.1685E+01  0.1685E+01  0.7558E+02
  14.030  0.1630E+01  0.1630E+01  0.7561E+02
  14.040  0.1578E+01  0.1578E+01  0.7564E+02
  14.050  0.1528E+01  0.1528E+01  0.7567E+02
  14.060  0.1481E+01  0.1481E+01  0.7570E+02
  14.070  0.1435E+01  0.1435E+01  0.7573E+02
  14.080  0.1392E+01  0.1392E+01  0.7576E+02
  14.090  0.1350E+01  0.1350E+01  0.7578E+02
  14.100  0.1311E+01  0.1311E+01  0.7581E+02
  14.110  0.1272E+01  0.1272E+01  0.7584E+02
  14.120  0.1236E+01  0.1236E+01  0.7586E+02
  14.130  0.1200E+01  0.1200E+01  0.7588E+02
  14.140  0.1166E+01  0.1166E+01  0.7591E+02
  14.150  0.1133E+01  0.1133E+01  0.7593E+02
  14.160  0.1100E+01  0.1100E+01  0.7595E+02
  14.170  0.1069E+01  0.1069E+01  0.7597E+02
  14.180  0.1038E+01  0.1039E+01  0.7599E+02
  14.190  0.1009E+01  0.1009E+01  0.7601E+02
  14.200  0.9793E+00  0.9794E+00  0.7603E+02
  14.210  0.9508E+00  0.9508E+00  0.7605E+02
  14.220  0.9228E+00  0.9228E+00  0.7607E+02
  14.230  0.8954E+00  0.8954E+00  0.7609E+02
  14.240  0.8686E+00  0.8686E+00  0.7611E+02
  14.250  0.8424E+00  0.8425E+00  0.7612E+02
  14.260  0.8169E+00  0.8169E+00  0.7614E+02
  14.270  0.7921E+00  0.7921E+00  0.7616E+02
  14.280  0.7680E+00  0.7681E+00  0.7617E+02
  14.290  0.7449E+00  0.7449E+00  0.7619E+02
  14.300  0.7226E+00  0.7226E+00  0.7620E+02
  14.310  0.7014E+00  0.7014E+00  0.7621E+02
  14.320  0.6812E+00  0.6813E+00  0.7623E+02
  14.330  0.6623E+00  0.6623E+00  0.7624E+02
  14.340  0.6447E+00  0.6447E+00  0.7625E+02
  14.350  0.6285E+00  0.6286E+00  0.7627E+02
  14.360  0.6139E+00  0.6139E+00  0.7628E+02
  14.370  0.6008E+00  0.6009E+00  0.7629E+02
  14.380  0.5895E+00  0.5896E+00  0.7630E+02
  14.390  0.5800E+00  0.5801E+00  0.7631E+02
  14.400  0.5724E+00  0.5724E+00  0.7633E+02
  14.410  0.5668E+00  0.5668E+00  0.7634E+02
  14.420  0.5632E+00  0.5632E+00  0.7635E+02
  14.430  0.5616E+00  0.5616E+00  0.7636E+02
  14.440  0.5622E+00  0.5622E+00  0.7637E+02
  14.450  0.5649E+00  0.5649E+00  0.7638E+02
  14.460  0.5698E+00  0.5698E+00  0.7639E+02
  14.470  0.5768E+00  0.5768E+00  0.7641E+02
  14.480  0.5859E+00  0.5859E+00  0.7642E+02
  14.490  0.5972E+00  0.5972E+00  0.7643E+02
  14.500  0.6105E+00  0.6105E+00  0.7644E+02
  14.510  0.6258E+00  0.6257E+00  0.7645E+02
  14.520  0.6430E+00  0.6429E+00  0.7647E+02
  14.530  0.6620E+00  0.6620E+00  0.7648E+02
  14.540  0.6828E+00  0.6828E+00  0.7649E+02
  14.550  0.7052E+00  0.7052E+00  0.7651E+02
  14.560  0.7291E+00  0.7291E+00  0.7652E+02
  14.570  0.7544E+00  0.7544E+00  0.7654E+02
  14.580  0.7810E+00  0.7809E+00  0.7655E+02
  14.590  0.8086E+00  0.8086E+00  0.7657E+02
  14.600  0.8372E+00  0.8372E+00  0.7659E+02
  14.610  0.8667E+00  0.8666E+00  0.7660E+02
  14.620  0.8968E+00  0.8968E+00  0.7662E+02
  14.630  0.9274E+00  0.9274E+00  0.7664E+02
  14.640  0.9585E+00  0.9584E+00  0.7666E+02
  14.650  0.9897E+00  0.9897E+00  0.7668E+02
  14.660  0.1021E+01  0.1021E+01  0.7670E+02
  14.670  0.1052E+01  0.1052E+01  0.7672E+02
  14.680  0.1083E+01  0.1083E+01  0.7674E+02
  14.690  0.1114E+01  0.1114E+01  0.7676E+02
  14.700  0.1145E+01  0.1145E+01  0.7679E+02
  14.710  0.1174E+01  0.1174E+01  0.7681E+02
  14.720  0.1204E+01  0.1203E+01  0.7683E+02
  14.730  0.1232E+01  0.1232E+01  0.7686E+02
  14.740  0.1260E+01  0.1260E+01  0.7688E+02
  14.750  0.1286E+01  0.1286E+01  0.7691E+02
  14.760  0.1312E+01  0.1312E+01  0.7694E+02
  14.770  0.1337E+01  0.1337E+01  0.7696E+02
  14.780  0.1360E+01  0.1360E+01  0.7699E+02
  14.790  0.1383E+01  0.1383E+01  0.7702E+02
  14.800  0.1404E+01  0.1404E+01  0.7705E+02
  14.810  0.1425E+01  0.1425E+01  0.7707E+02
  14.820  0.1444E+01  0.1444E+01  0.7710E+02
  14.830  0.1462E+01  0.1462E+01  0.7713E+02
  14.840  0.1478E+01  0.1478E+01  0.7716E+02
  14.850  0.1494E+01  0.1494E+01  0.7719E+02
  14.860  0.1508E+01  0.1508E+01  0.7722E+02
  14.870  0.1522E+01  0.1521E+01  0.7725E+02
  14.880  0.1534E+01  0.1534E+01  0.7728E+02
  14.890  0.1545E+01  0.1545E+01  0.7731E+02
  14.900  0.1555E+01  0.1555E+01  0.7735E+02
  14.910  0.1563E+01  0.1563E+01  0.7738E+02
  14.920  0.1571E+01  0.1571E+01  0.7741E+02
  14.930  0.1578E+01  0.1578E+01  0.7744E+02
  14.940  0.1584E+01  0.1584E+01  0.7747E+02
  14.950  0.1589E+01  0.1589E+01  0.7750E+02
  14.960  0.1594E+01  0.1594E+01  0.7753E+02
  14.970  0.1597E+01  0.1597E+01  0.7757E+02
  14.980  0.1600E+01  0.1600E+01  0.7760E+02
  14.990  0.1602E+01  0.1602E+01  0.7763E+02
  15.000  0.1603E+01  0.1603E+01  0.7766E+02
  15.010  0.1603E+01  0.1603E+01  0.7769E+02
  15.020  0.1603E+01  0.1603E+01  0.7773E+02
  15.030  0.1602E+01  0.1602E+01  0.7776E+02
  15.040  0.1601E+01  0.1601E+01  0.7779E+02
  15.050  0.1599E+01  0.1599E+01  0.7782E+02
  15.060  0.1597E+01  0.1597E+01  0.7785E+02
  15.070  0.1594E+01  0.1594E+01  0.7789E+02
  15.080  0.1590E+01  0.1590E+01  0.7792E+02
  15.090  0.1586E+01  0.1586E+01  0.7795E+02
  15.100  0.1582E+01  0.1582E+01  0.7798E+02
  15.110  0.1578E+01  0.1577E+01  0.7801E+02
  15.120  0.1573E+01  0.1572E+01  0.7804E+02
  15.130  0.1567E+01  0.1567E+01  0.7808E+02
  15.140  0.1562E+01  0.1562E+01  0.7811E+02
  15.150  0.1556E+01  0.1556E+01  0.7814E+02
  15.160  0.1550E+01  0.1550E+01  0.7817E+02
  15.170  0.1543E+01  0.1543E+01  0.7820E+02
  15.180  0.1537E+01  0.1537E+01  0.7823E+02
  15.190  0.1531E+01  0.1531E+01  0.7826E+02
  15.200  0.1524E+01  0.1524E+01  0.7829E+02
  15.210  0.1518E+01  0.1518E+01  0.7832E+02
  15.220  0.1512E+01  0.1512E+01  0.7835E+02
  15.230  0.1505E+01  0.1506E+01  0.7838E+02
  15.240  0.1500E+01  0.1500E+01  0.7841E+02
  15.250  0.1494E+01  0.1494E+01  0.7844E+02
  15.260  0.1489E+01  0.1489E+01  0.7847E+02
  15.270  0.1484E+01  0.1484E+01  0.7850E+02
  15.280  0.1480E+01  0.1480E+01  0.7853E+02
  15.290  0.1476E+01  0.1476E+01  0.7856E+02
  15.300  0.1473E+01  0.1473E+01  0.7859E+02
  15.310  0.1471E+01  0.1471E+01  0.7862E+02
  15.320  0.1469E+01  0.1470E+01  0.7865E+02
  15.330  0.1469E+01  0.1469E+01  0.7868E+02
  15.340  0.1469E+01  0.1469E+01  0.7871E+02
  15.350  0.1471E+01  0.1471E+01  0.7874E+02
  15.360  0.1473E+01  0.1473E+01  0.7877E+02
  15.370  0.1477E+01  0.1477E+01  0.7880E+02
  15.380  0.1481E+01  0.1482E+01  0.7883E+02
  15.390  0.1487E+01  0.1488E+01  0.7886E+02
  15.400  0.1494E+01  0.1495E+01  0.7889E+02
  15.410  0.1503E+01  0.1503E+01  0.7892E+02
  15.420  0.1513E+01  0.1513E+01  0.7895E+02
  15.430  0.1524E+01  0.1524E+01  0.7898E+02
  15.440  0.1536E+01  0.1537E+01  0.7901E+02
  15.450  0.1550E+01  0.1550E+01  0.7904E+02
  15.460  0.1565E+01  0.1566E+01  0.7907E+02
  15.470  0.1582E+01  0.1582E+01  0.7910E+02
  15.480  0.1599E+01  0.1600E+01  0.7913E+02
  15.490  0.1618E+01  0.1619E+01  0.7917E+02
  15.500  0.1639E+01  0.1639E+01  0.7920E+02
  15.510  0.1660E+01  0.1660E+01  0.7923E+02
  15.520  0.1683E+01  0.1683E+01  0.7927E+02
  15.530  0.1707E+01  0.1707E+01  0.7930E+02
  15.540  0.1731E+01  0.1732E+01  0.7933E+02
  15.550  0.1757E+01  0.1758E+01  0.7937E+02
  15.560  0.1785E+01  0.1785E+01  0.7941E+02
  15.570  0.1813E+01  0.1813E+01  0.7944E+02
  15.580  0.1841E+01  0.1842E+01  0.7948E+02
  15.590  0.1871E+01  0.1871E+01  0.7952E+02
  15.600  0.1902E+01  0.1902E+01  0.7955E+02
  15.610  0.1933E+01  0.1933E+01  0.7959E+02
  15.620  0.1965E+01  0.1965E+01  0.7963E+02
  15.630  0.1998E+01  0.1998E+01  0.7967E+02
  15.640  0.2031E+01  0.2031E+01  0.7971E+02
  15.650  0.2065E+01  0.2065E+01  0.7975E+02
  15.660  0.2099E+01  0.2099E+01  0.7980E+02
  15.670  0.2134E+01  0.2134E+01  0.7984E+02
  15.680  0.2170E+01  0.2169E+01  0.7988E+02
  15.690  0.2205E+01  0.2205E+01  0.7993E+02
  15.700  0.2241E+01  0.2240E+01  0.7997E+02
  15.710  0.2277E+01  0.2277E+01  0.8002E+02
  15.720  0.2314E+01  0.2313E+01  0.8006E+02
  15.730  0.2350E+01  0.2349E+01  0.8011E+02
  15.740  0.2387E+01  0.2386E+01  0.8016E+02
  15.750  0.2423E+01  0.2422E+01  0.8021E+02
  15.760  0.2460E+01  0.2459E+01  0.8025E+02
  15.770  0.2497E+01  0.2495E+01  0.8030E+02
  15.780  0.2533E+01  0.2532E+01  0.8036E+02
  15.790  0.2569E+01  0.2568E+01  0.8041E+02
  15.800  0.2605E+01  0.2604E+01  0.8046E+02
  15.810  0.2641E+01  0.2639E+01  0.8051E+02
  15.820  0.2676E+01  0.2674E+01  0.8057E+02
  15.830  0.2711E+01  0.2709E+01  0.8062E+02
  15.840  0.2745E+01  0.2743E+01  0.8067E+02
  15.850  0.2778E+01  0.2776E+01  0.8073E+02
  15.860  0.2811E+01  0.2809E+01  0.8079E+02
  15.870  0.2843E+01  0.2841E+01  0.8084E+02
  15.880  0.2874E+01  0.2872E+01  0.8090E+02
  15.890  0.2904E+01  0.2902E+01  0.8096E+02
  15.900  0.2933E+01  0.2931E+01  0.8102E+02
  15.910  0.2961E+01  0.2959E+01  0.8108E+02
  15.920  0.2987E+01  0.2986E+01  0.8114E+02
  15.930  0.3013E+01  0.3011E+01  0.8120E+02
  15.940  0.3037E+01  0.3035E+01  0.8126E+02
  15.950  0.3060E+01  0.3058E+01  0.8132E+02
  15.960  0.3081E+01  0.3080E+01  0.8138E+02
  15.970  0.3101E+01  0.3099E+01  0.8144E+02
  15.980  0.3119E+01  0.3118E+01  0.8150E+02
  15.990  0.3136E+01  0.3135E+01  0.8157E+02
  16.000  0.3152E+01  0.3150E+01  0.8163E+02
